1998.11	원타임	1tym	male	랩/힙합		송백경	페리	베토벤 뮤직	알겠어 와 와 우리도 지금까지 how how 너무도 긴 시간을 foul foul 참아왔던 것 you know what the time how we kick right now 우리가 모든 것을 엎어 엎어 지금 이곳에서 벗어나고 싶어 oh my god 너희 모둘 기다려온 1tym 처럼 다시 시작하는 거야 다같이 bow wow wow yippy to then 똑같이 반복됐던 손짓속에 이제껏 소리쳐 댓었던 바보같던 너의 거짓된 눈 바로 떠 무엇이 보이나 무엇을 원하는가 구겨졌던 어제와 오늘의 네 미래 자신있게 with the 1tym track 1tym is one time for your mind 원하는 것을 다 너에게 주겠어 우리는 1tym 조금씩 다가와 우리 함께 가는 거야 이대로 아직도 뭔말인지 또 뭔소린지 왜 알아듣지 못할 말로 지껄이지 yo t.e. to the d 이제는 말하지 excuse me 사라져버려 모두 다가가 진실들을 향해 전부 다가가 느끼니 우리 hiphop 속에 감춰진 자유 그 누구도 따라할 수 없는걸 자 때가 왔어 빨리 모든걸 너희들이 가려줄 시간들이 눈앞에 서있지 이제 모두가 깨달아야 하지 함께 1tym을 크게 외쳐봐 우리는 영원할거야 보다 멀리 더 멀리 날아가리 저 높은 곳에 우리 모두 하나가 되리 1tym is one time for your mind 원하는 것을 다 너에게 주겠어 우리는 1tym 조금씩 다가와 우리 함께 가는 거야 이대로 1tym is one time for your mind 원하는 것을 다 너에게 주겠어 우리는 1tym 조금씩 다가와 우리 함께 가는 거야 이대로 1tym 조금씩 다가와 우리 함께 가는 거야 이대로 1tym is one time for your mind 너에게 주겠어
1998.11	원타임	Falling In Love	male	랩/힙합		페리	페리	베토벤 뮤직	In love I think I'm fallin in love I think I'm in love with U 나의 모든 사랑 너에게만 주고 싶어 내 모든걸 다 버린다 해도 스쳐 가는 바람처럼 나를 감싸고 날아가지마 너와 함께라면 세상 끝까지 따라가겠어 I think I'm fallin in love in love with U 너도 나와 같은 생각 이기를 I think I'm fallin in love in love with U 너의 사랑을 원할 뿐야 내 곁에 머물러 주길 하루하루 기도했어 아마도 이런 맘 넌 모를 거야 아름다운 사랑으로 너만을 느끼고 싶어 너의 그 숨결하나 까지도 I think I'm fallin in love in love with U 너도 나와 같은 생각 이기를 I think I'm fallin in love in love with U 너의 사랑을 원할 뿐야 매일밤 내가 꿈꿀 때 마다 널 느껴 느껴 내가 꿈꿔왔던 나의 사랑이 바로 너란걸 알게 되었을 때 Fallin with U and there's hope in my heart that you feel the same too I think I'm falling in love falling in love with you 너의 사랑을 원할 뿐야
1998.11	원타임	Good Love	male	랩/힙합		페리	페리	베토벤 뮤직	yeah ha ha straight from the YG baby ah 1TYM 1TYM ah yo yo you know how we do 1TYM break'em off with that oh baby 나 어떡해야 해 그대 사랑하는 맘 정말 난 못참겠어 oh baby 미칠것 같아 그대의 눈빛만 보면 정말 난 견딜수 없어 하루종일 그대 생각만 해 더이상은 버틸수 없을 것 같은데 good good good love so wonderful so beautiful my love good good good love hey you got the love good good good love so wonderful so beautiful my love good good good love my people from the front to the back where U at 이제 시작한다 우리의 1TYM affack 다같이 uh uh uh plus two it's a good love keeping me high day and night with every thought of U oh honey 혼자두지마 그냥 이대로두면 나 어떻게 될지 몰라 oh darling 어떤말로도 내가 가 진 내사랑을 표현할 수가 없잖아 듣고 싶어 그대의 한마디 널 영원히 사랑해 그렇게 불러줘 good good good love so wonderful so beautiful my love good good good love hey you got the love good good good love so wonderful so beautiful my love good good good love let's pick it up with the 1 T Y M comin' from the Y G yeah you know me 너와 내가 하나가 되어 나누는 거야 say good love good love 들리지 않니 사랑의 속삭임 너를 향한 이 설레임을 꺼지지않는 내 사랑과 같은 하늘 반짝이는 별은 너의 것 oh my love good good good love so wonderful so beautiful my love good good good love hey you got the love good good good love so wonderful so beautiful my love good good good love 1TYM saying king ah good good good love
1998.11	원타임	뭘 위한 세상인가	male	랩/힙합		송백경	Q, 원타임	베토벤 뮤직	모두 망쳤어 모두 뺏겼어 다 모두 잠들어야만 했었어 과학이란 눈부심에 멀어진 너의 두 눈속에 비참한 그 상처만 이제껏 남게 돼버렸어 고철앞에서 모든 삶을 네가 살아갈 필요 없었지 나는 노예 같은 것 T E DOUBLE D Y 비참한 인간의 욕심들과 넌 무엇이든지 만들어 냈지 너를 대신할 수 있는 사람까지도 UH 애초에 뭘 위한 세상인가 언제나 생각하면 위험하다 멋대로 왔지 끝이 왔지 바로 인제가 무너질 테지 애초에 뭘 위한 세상인가 언제나 생각하면 위험하다 멋대로 왔지 끝이 왔지 바로 인제가 무너질 테지 그리 무엇을 더 많이 원하나 시퍼런 미친 너의 손짓으로 뭣하나 넌 또 마구 빼앗아 대고 하지만 그건 또 모두를 죽여가고 어리석은 자들의 막힌 세상이 나를 만들고 박힌 틀 속에 정해졌어 차가운 유리병엔 지금도 나와 똑같은 얼굴이 여기저기 언젠가 넌 그런식으로 했었지 더 멀리 네가 버린 양심이 검은색 빛으로 모두 변했지 그것이 나를 죽였지 그랬지 애초에 뭘 위한 세상인가 언제나 생각하면 위험하다 멋대로 왔지 끝이 왔지 바로 인제가 무너질테지 애초에 뭘 위한 세상인가 언제나 생각하면 위험하다 멋대로 왔지 끝이 왔지 바로 인제가 무너질 테지 우리가 살아온 공간은 변했어 언제나 받기만 원했어 모두에게 오직 인간만을 위했던 그 현실인가 왜 좀더 멀리 생각하지 못했나 아무런 되갚음 없이 배신하고 있다 지금이 마지막이란 시간이다 이젠 무너지는 걸 막아낼 수 없는 걸 깨달았어 너무 늦었어 Uh 애초에 뭘 위한 세상인가 언제나 생각하면 위험하다 멋대로 왔지 끝이 왔지 바로 인제가 무너질 테지 애초에 뭘 위한 세상인가 언제나 생각하면 위험하다 멋대로 왔지 끝이 왔지 바로 인제가 무너질 테지 애초에 뭘 위한 세상인가 언제나 생각하면 위험하다 멋대로 왔지 끝이 왔지 바로 인제가 무너질 테지 애초에 뭘 위한 세상인가 언제나 생각하면 위험하다 멋대로 왔지 끝이 왔지 바로 인제가 무너질 테지
1999.04	신화	T.O.P. (Twinkling Of Paradise)	male	댄스		NULL	NULL	베토벤 뮤직	What you gonna do what I gotta dokeep me up and makin a cash in flash at last do you wanna see the light or stand alone what you gonna do now what's up with the past what you gonna do what I gotta do this is how we do you niggas better know do you wanna see the light or stand alone in the midst of flippin side puttin it down wild cornin through your town my love is DRC 너도 힘들겠어 어제 다시 찾아온 널 받아준다 했을때 그땐 내 속에 미워하는 마음들이 남았어 날 버리고 돌아섰던 너에게 Twinkling of paradise one more your life 그대 그 마음을 알겠어 내품에 언제나 살아있고 싶은 걸 느껴 The way of MIL 난 지금 잊혀진 기차역에 서서 네 마음과 영혼을 가방에 넣고 오직 나만이 탈수 있는 차를 기다려 그대라는 기차가 오기만을 기다려 DOP DOG 널 보낸 후에 나는 알게됐었어 그 어떤 사람도 대신 할 수 없는걸 난 매일 같이 기도했어 니가 불행하길 나는 기도했어 이젠 다시 내게로 돌아와 Twinkling of paradise one more your life 그대 그 마음을 알겠어 내품에 언제나 살아있고 싶은 걸 느껴 The way of MIL 니가 돌아오는 길에 내가 서있을께 준비했던 만큼만 그리움과 내 사랑과 멍이 들어버린 가슴 보여주겠어 다신 나를 떠날 생각마 행복하게 해줄게 이젠 hey yo yo shootin to killlyrics I spill are raw dealec centually and mentally ill that's for real the source of a commin ti the down and torture ya coast to coast now we boogie sorang in the raid watch it quiver body blows bein deliver by thriller sicker than heeler when I come with the strains the mega pains that remain in your brain low talls a stain a mental high pain 니가 돌아오는 길에 내가 서있을께 준비했던 만큼만 그리움과 내 사랑과 멍이 들어버린 가슴 보여주겠어 다신 나를 떠날 생각마 행복하게 해줄게 이젠 Twinkling of paradise one more your life 그대 그 마음을 알겠어 내품에 언제나 살아있고 싶은 걸 느껴 The way of MIL Twinkling of paradise one more your life 그대 그 마음을 알겠어 내품에 언제나 살아있고 싶은 걸 느껴 The way of MIL
1998.05.01	신화	으샤! 으샤!	male	댄스		NULL	NULL	베토벤 뮤직	Hey come on everybody swimming in the sea Saying doo wa diddy diddy dum dee ree dum Hey come on everybody walking down the sea Saying doo wa diddy diddy dum dee ree dum 한밤 중에 기차타고 가네 어린 시절에 바다 찾아 가네 걱정거리 근심거리 하나없던 그 시절로 돌아가고 싶어 나 이젠 피곤 해요 일 그만 할래요 다 접어 두고 우리 함께 물놀이 가면 안될까요 으샤 으샤 Hey Hey Hey huh 으샤 으샤 Hey Hey Hey huh 시원하게 부서지는 파도 햇살 모래사장 바다가 좋아 덥지도 않고 질리지도 않는 수박은 더 좋아 이렇게 좋은 여름을 기다려 온 나는 기분 좋아덤디리덤 여름밤이 찾아오면 모닥불을 피워놓고 둘러 앉아 이것 저것 아무 재미 없는 얘기도 할 거야 썰렁한 얘기라도 그런 밤에 다 용서 받고 싶어 덤디리덤 나 나 어릴적에 살던 동네 여름오면 너무너무 행복했지 시냇가에 친구들도 첨벙첨벙 덩달아 바둑이도 깡총깡총 그렇게 앉아 있지 말고 나랑 같이 가요 Come on baby 안되는 일 억지로 붙잡고 늘어져서 된다는 보장하나 없을 테니까 인생을 낭비하지 마세요 오 그렇게 살다보면 찌들어 가니까 한번이라도 툭툭 털고 모든 걸 잊고 즐기며 살아봐요 하루종일 지루하고 짜증나는 일이 많이 있었다면 이것저것 재 보지 말고 여행을 떠나봐 기차를 타고 버스를 타고서 떠나자 Hey come on everybody swimming in the sea Saying doo wa diddy diddy dum dee ree dum Hey come on everybody walking down the sea Saying doo wa diddy diddy dum dee ree dum 인생을 낭비하지 마세요 오 그렇게 살다보면 찌들어 가니까 한번이라도 툭툭 털고 모든 걸 잊고 즐기며 살아봐요 하루종일 지루하고 짜증나는 일이 많이 있었다면 이것저것 재 보지 말고 여행을 떠나봐 기차를 타고 버스를 타고서 떠나자 으샤 으샤 Hey Hey Hey huh 으샤 으샤 Hey Hey Hey huh
1999.04	신화	Yo! (악동보고서)	male	댄스		NULL	NULL	베토벤 뮤직	그대가 서 있을 곳이 아니야 살아서 숨쉬는 것을 느껴봐 종이 울린다 문이 열린다 내 인생을 후회없이 살아보고 싶은 꿈이 열린다 1999 my dream it's come again like a birdy the birdy the birdy boom boom track 너는 인정해 줄 사람하나 없는 바보 너는 그 누구도 배려하지 않는 바보 내가 왜 악동이 됐나 사랑하는 법을 가르치는 곳이 하나없어 Yo 너 뭐 될래 진짜 니 맘대로 살아갖고 뭐 할래 너는 언제나 니 멋대로 하고 싶고 살고 싶어 다들 무시하잖아 Yo 너 뭐 될래 진짜 니맘대로 살아갖고 뭐 할래 Do you live for me niggas answer me 모든걸 잃어버린 실패자나 되지마 Money and power to dust to dust 오직 그것만을 쫓는자가 되지않아 세상에서 내가 해줄 몫이 있어 오직 나만이 나만이 할 수 있는 멋진 job이 있어 Rap a Rock 신화 Daddy's song 그 어떤 것보다 소중한거야 너를 다른 곳에 맞출 필요없어 Boogie down baby check it boogie down baby 내가 왜 악동이 됐나 나를 반항하게 하는자가 누구야 본보기는 없다 표본도 없다 타인 아닌 나를 완성하고 싶다 꿈이 있죠 하늘보다 높은 그런 꿈이 있었죠 나는 알고 싶어요 내 뜻대로 밀고 나갈 자신감들만 줄순 없나요 Yo 너 뭐 될래 진짜 니 맘대로 살아갖고 뭐할래 너는 언제나 니 멋대로 하고 싶고 살고 싶어 다들 무시하잖아 Yo 너 뭐 될래 진짜 니맘대로 살아갖고 뭐할래 Do you live for me niggas answer me 모든 걸 잃어버린 실패자나 되지마 실패하지 않는 자는 없다 물러서지 않고 맞서 극복하는 인간보다 그 이상의 아름다움 없을 뿐이다 나를 믿어야만 한다 꿈이 있죠 하늘보다 높은 그런 꿈이 있었죠 나는 알고 싶어요 내 뜻대로 밀고 나갈 자신감들만 줄 순 없나요 나에게 사랑과 존경하는 마음들을 가르칠 수 없나요 내 뜻대로 홀로서는 법을 알게 해 줄 마음이 없나요
1998.05.01	신화	해결사	male	댄스		NULL	NULL	베토벤 뮤직	You never give up The more passion easy come and easy go You never give up The more passion easy come and easy go 마지막까지 난 너를 포기할 수 없어 더 이상 주저 하지마 다시는 쓰러지지 않게 또 우린 다시 일어 서야해 어쩌다가 이 사회가 이리 됐을까 이젠 그 누구에게도 보장받던 삶은 갔어 주머니 속의 빈곤은 곧 따뜻했던 가슴속의 빈곤들로 이어지고 그 누구도 믿을 수가 없어 다른 사람에게 양보해 줄 수도 없어 나 하나가 잘 살기도 힘든 세상이니까 다 욕심이 넘쳐 욕심이 넘쳐 남을 배려하는 마음이 모두 사라지고 착한 너의 목이 조여지고 있어 맥없이 다들 맥없이 공든 탑의 무너짐을 바라 보았어 모든게 다 하나같이 혼돈의 수렁 속에 깊이 잠겨 있어 우린 누군가가 필요해 절대적인 힘을 가진 해결사를 원해 마지막까지 난 너를 포기할 수 없어 더 이상 주저 하지마 다시는 쓰러지지 않게 또 우린 다시 일어 서야 해 모두 바꿔 싹 뜯어고쳐 이 시대의 권위주의 모순속에 더 이상 병들지 않게 더 시들지 않게 Get up your Soul Power be like mine 굳게 닫혔던 마음을 열고서 세상을 둘러봐 바로 지금의 그대의 모습을 넌 찾고 있었던 거야 마지막까지 난 너를 포기할 수 없어 더 이상 주저 하지마 다시는 쓰러지지 않게 또 우린 다시 일어서야 해 더 이상 그대여 더 이상 이제는 앞만 보지 말고 다시 한번 옆을 돌아봐 그대가 잃고 사는 것이 어쩌면 그대의 순수한 영혼일지 몰라 자신을 믿고 타인을 믿고 소중한 인간성을 잃어가지 말고 다시 일어서 Never 꺾이지 않는 의지 고결한 그대들의 투지를 보여줘 마지막까지 난 너를 포기할 수 없어 더 이상 주저 하지마 다시는 쓰러지지 않게 또 우린 다시 일어 서야해 You never give up The more passion easy come easy go You never give up The more passion easy come easy go
1998.04.27	이글 파이브	오징어 외계인	male	댄스		NULL	NULL	베토벤 뮤직	오늘은 오징어 소풍 가는 날(Hey!) 땅콩 오징어가 하는 말 야 ~ 소풍가자 친구들은 무시했고 열받은 킹콩오징어 야 ! 소풍가자니깐 ! (이 ~ 야하!)  떠나자마자 뚝 떨어졌죠 하수구에 빠져 허덕거렸죠 어렵게 기어올라가 뚜껑을 열어보니 아주 아주 예쁜 아가씨가 오네요 오징어의 눈이 땡글 땡글 16만 볼트의 전기가 찌릿 찌릿 오징어는 심각하게 생각했죠 도무지 이해할 수가 없었죠(뭐가?) 오징어 열 세다리 (그녀는 두 다리) 오징어 세모머리 (그녀는 계란 머리) 오징어 이상했죠. 그녀와 나는 왜 다를까요? 오징어는 맨날 맨날 그녀 창문에다가 그의 먹물 쏴아쏴아 윽 ! 사랑해라고 적었지 바보같이 아무것도 모르는 그녀 대걸레로 뿌아뿌아 그걸 본 오징어 슬퍼 눈물 흘리죠  왜 난 슬픈 눈물을 흘려야 할까요? (아우) 이루어질 수 없는 사랑 너무 너무 아쉽죠 (아우) 이젠 계란머리 (잊어야해) 나에게도 작고 (이쁜) 팽순이가 있잖아. 팽순아 !! 그날밤에 꿈 꾸었죠 그녀와 뽀뽀 하려 하는데 이게 웬일이야 팽순이가 나타나 두들겨 맞았죠(아악) 꿈에서 깨어보니 (아이구 다행이여) 팽순이 생각나네 (그럼 그래야지) 그녀를 잊어야해 내 사랑 팽순이가 있잖아  5 오징어는 4 사랑찾아 3 삼억광년을 2 이초만에 1 일단기어로 출발 !! (오호!!) 내리자 !! 팽순이를 만났죠. 참 좋겠다. 팽순이 뽀뽀했죠 얼레리 꼴레리 팽순이 안아줬죠 이제부턴 더 잘해줘야지
1999.03	이글 파이브	Fire	male	댄스		NULL	NULL	베토벤 뮤직	FIRE 랄랄라라 랄랄라라 랄랄라라 라라라 랄랄라라 랄랄라라 랄랄라라 라라라 난 널 원했었어 난 널 바랬었어 난 널 느꼈었어 이렇게 생각했어 난 너무 지쳐 난 네게 지쳐 이제는 버틸 수 없어 다 끝난거야 다 끝난거야 나만의 기억 속에서 넌 날 떠났었어 넌 날 잊었었어 넌 날 피했었어 결국은 헤어졌어 나 이제 내가 너만을 위해 떠나가 버리는 거야 내 품속에 너 내 맘속에 간직했던 소중한 순간들조차 니가 날 떠나 버린 그 후로 지워 버렸어 사랑은 내 맘속에 FIRE 더 이상 슬픈 것은 없어 너 없이 살아가는 시간 속에 나만을 태우는 거야 사랑은 한 순간에 FIRE 더 이상 아픈 것은 없어 너없이 지쳐가는 시간속에 나만을 태우는 거야 사라져 살며시 떠오르는 너의 모습과 잊혀질 너에 대한 많은 기억과 사랑이 다시 다시 돌아온다고 내게 말해도 이젠 지쳤어 남아있는 기억들을 지워 이제 너에게 더 이상은 난 다가가는 것을 포기하겠어 난 무너졌어 난 무너졌어 헤어지잔 너의 말에 난 무너졌어 난 무너졌어 떠나간단 너의 말에 난 너무 지쳐 난 너무 지쳐 헤어지잔 너의 말에 난 너무 지쳐 난 너무 지쳤어 내 맘속에 잊혀져 간 우리의 추억들마저 이제는 나의 마음 한 곳에 묻어 버렸어 사랑은 내 맘속에 FIRE 더 이상 슬픈 것은 없어 너없이 살아가는 시간 속에 나만을 태우는 거야 사랑은 한 순간에 FIRE 더 이상 아픈 것은 없어 너없이 지쳐가는 시간 속에 나만을 태우는 거야 사라져 지쳐가는 시간 속에 나만을 태우는거야 사라져 사라져
1998.04.27	이글 파이브	궤도	male	댄스		NULL	NULL	베토벤 뮤직	돌아만 가는 세상의 궤도 날힘들게 해도 또 그 만큼 아픔이 와도 나에게서도 빛은 보여 그빛은 나를 가려버리지 않고 모든걸 펼쳐보여 나에게선 볼수있어 저 멀리서 달려와서 달라져 바뀌어만가는 내모습을 볼 수가 있어 느낄수도 있어 그러므로 내가 버텨낼 수가 있어 또 그 만큼 얻어 낼수도 있어 세상에 쪄든 만큼 그속에서 버텨내며 살아 갈 수 있어 하늘 밑에서 수많은 고민과 너무나 모진 날들과 간단치도 짧지만도 않고 힘든 과정들을 거쳐가면서 내 머리속 정리가면서 난 살아가는거야 내 욕망이 불에 타오르는 순간 좌절들 사라져 내 품에서 깨져 탕 하고 깨져 나쁜것들은 모두 깨져 헤쳐버려 그리고 너의 두팔을 펼쳐 하늘에서 모두 잡아서 내쳐 그러면 언젠간 내손엔 그 순간은 잡혀 살아가는 동안에 좌절들이 나의 주위를 감싸고 헤쳐 나갈수도 뛰쳐 나갈 수도 없는 공간 속에 갇혀있네 빛이 보일 순간을 기다리며 그 빛에 어깰기대며 시간은 흐른다 난 그대로 있다 빛이 내게로 오고있으니 you told me onec before you told me onec again never gonna try to mack on my rickter scalebad luck my friend hustlin with this kind mackin on to fronts if you come with shore never gonna take your world cause it mean dik 내 말알겠어 없어 없어 져버릴 나의 힘들었던 시간에 지쳐지쳐 만가는 내모습이 처량해 모두가 시시해 어떻게 쉽게 내 자신을 만들수가 없네 그 방법을 어떻게든 알아내 나에게 모든걸 줘야해 내안으로 모든걸 쥐어야해 살아가는 동안 나의 삶의 전부가 어렵지도 않게 이제 난 깨어난다 하지만 내 맘의 가득찬 눈물은 멈추지않는다 다만 내가 이세상에 도전을 해보는것 뿐이다 살아가는 동안에 좌절들이 나의 주위를 감싸고 헤쳐나갈수도 뛰쳐나갈수도 없는 공간 속에 갇혀있네 빛이 보일 순간을 기다리며 그 빛에 어깰기대며 시간은 흐른다 난 그대로 있다 빛이 내게로 오고있으니 내 자신이 다시 또 다시 밝아온다 살아가는 동안에 빛이보여 내게도 빛이보여 저멀리 어둠속에서 날 쏴대는 빛이보여 내안에서 끌어 올라서 젖어 올라서 기다리고만 있던 내게도 변화가 왔어 아주먼 훗날에 내 자신에게 크나큰 후회 크나큰 문제들이 온다해도 후회하지 않게 나의 삶에 충실해야 만해 그것은 바로 지금의 기회 빛이보일 순간을 너무나도 많은 시간을 기다려왔어 오랫동안 내게있던 기운마저도 떠나버렸어 하지만 혼자서 해낼수도 있어 곁에 다가온 기회를 내손에 잡을수있어 그 순간이 찾아온거지 내 손에 주어진거지 날 멸시하던 이들이 머리를 스쳐가지 뭔가를 보여줘야겠지 지금이 바로 그때이지 시련을 극복하지 지금까지 론이
1998.04.27	이글 파이브	우리들의 천국	male	발라드		NULL	NULL	베토벤 뮤직	한바탕 폭풍이 휩쓸고 지나간 그 골목 그 어둠을 기억해 달려와 작은 어깨로 감싸주던 너의 손길은 눈물이 나더군 엄습해 오는 한기를 참지 못해 파고 들어간 너의 가슴은 나를 쉬게해 눈을 감으면 이토록 평화로운 세상 난 그냥 잠속으로 빠졌지 더 이상 잃어버릴게 남아있지 않는 우리들에게 슬픔은 무의미 한 것 슬픔이 없다는 것은 기뻐할 일도 없다는 것 세상은 무의미한 것이지 그런 우리들에게 넌 내게 보여주었지 눈부시게 아름다운 세상을 눈부시게 아름다운 세상을 더 가질 것도 더 잃을 것도 없는 땅 끝에 누워 봤던 하늘은 아름다웠어 나 포기하면 쉬울수 있는 세상 그래도 자꾸 뭔갈 난 원했어 피멍든 가슴으로 내일을 깨지고 부서지고 아파하며 난 뒹굴었어 내가 원한대로 흘러가 주지 않은 세상은 견뎌내기 너무 힘들었어 이렇게 내 믿음대로 난 움직일 뿐인데 사람들은 모두 나와 어긋나기만해 사랑을 거두어들인 시선들이 ha ha 난 찾을거야 꿈꾸며 사는 세상 내 작은 힘이 모여 바다를 이루는 거야 저 어딘가에 난 있다는 걸 알아 이제는 모두 흘러 저 바다로 사랑하지 않으며 되는걸 포기하면 되는걸 난 하지 못했거든 사람이 살 수 있는 세상을 난 너에게 보여주고 싶었던거야 아무것도 정상적이지 않은 이 세상을 그래도 누군가는 사랑해야해 찾을래 꿈꾸며 사는 세상 내 작은 힘이 모여 바다를 이루는 거야 저 어딘가에 난 있다는 걸 알아 이제는 모두 흘러 저 바다로
1998.04.27	이글 파이브	어른들의 동화	male	발라드		NULL	NULL	베토벤 뮤직	밤이면 나를 깨워 일으켰었죠 반짝이는 별빛 별이 나에게 다가오는 듯 하며 무슨 말을 하려고 망설이고 있는데 그 모습을 보게되었어 서로 반짝이는 아름다운 별들을 수많은 별들 버린건 아닐까 수많은 기억 잊은건 아닐까 두눈가득히 아직도 빛나는 잊고지냈던 내가 버린 그 꿈들은 지난날 힘이 들었죠 그렇지만 난 괜찮아요 어린 왕자여 나 이제 버려진 꿈을 찾을께요 소설속에 갇혀진 어린왕자의 이야기들은 숨가쁜 일상 생활에서 기억할 순 없었죠 꽃이 나를 포기하는 순간 아픔과 눈물로 참는거야 내 어릴적 숨결한 꿈들을 이젠 세상속을 다시금 내가 가야만 하겠지만 결국 난 쉽게 날 버린거야  저멀리 하늘보다 높은 곳에서 꽃을 사랑했던 아주작은 향기라도 피할려는 두려움위에 그려져있어 꿈많던 그왕잘 믿는다면 그 길로 돌아가야해 기억하나요 어린날 내모습 기억하나요 수많은 시간을 바라보아요 아직도 빛나는 찾아야해요 내가버린 그 꿈들을 지난날 힘이들었죠 그렇지만 난 괜찮아요 어린 왕자여 나이제 버려진 꿈을 찾을께요 나 이제 고갤들어 내 꿈을 찾아서 어린왕자여 나 이제 잊혀진 꿈을 찾을께요 언제나
1998.04.27	이글 파이브	두번째 만남	male	발라드		NULL	NULL	베토벤 뮤직	나는 너를 지우려 했어 언제부터인지 잊을수가 없어 하지만 바라보는 내모습 앞에 넌 왜 그렇게 슬퍼보이는 거야 수많은 지나침속에서 스쳐가버리는 것들 뿐인데에에 이제는 내 앞에서 사라져버린 널 그리지만 추억만이 남았는데 맘속에 사라져간 하얀 기억들이 하나둘씩 나를 감싸 이끌어 갈때에 이제 난 알게됐어 아픈 기억속에 너의 모습이 항상 그려지고 있어 이제부터 난 웃는거야 난 느낄수 있어 이렇게 바라보면 되는걸 우리서로 행복하게 난 말할 수가 있어 니곁에 항상 있을게 언제든지 말하고프게 말을해야 했는데 기회는 찾아오지 않고 이젠 새로운 시간을 가질것이라고 너에게 다시 THE Hoo Time 기억 이제는 기억해 내 맘속에서 함께하는 이시간을 짧겠지만 소중한 이야기들이야 이젠 기억해  하나의 기억 흥 내가 남겨버린 이런 시간들 이렇게 말을 했겠지라면 저렇게 말을 했겠지라고 오호호 하나 바램속에 이루어져버린 두번째의 작은 만남이 서로의 지루함을 모두잊게할꺼야 이젠 그럴꺼야 내 맘속에 그려지는 너의 추억들이 하나둘씩 나를 감싸 이끌어 갈때에 이제 난 알고있어 아픈 추억속에 내 모습이 항상 그려지고 있어 이제부터 난 웃는거야 난 느낄수 있어 이렇게 바라보면 되는걸 우리서로 행복하게 난 말할 수가 있어 니곁에 항상 있을게 나는 너를 처음부터 봤어 언제부터인지 너를 보게됐어 이렇게 바라보는 시선들 앞에 널 그리면서 고개 숙일 수밖에 가까운 지나침속에서 스쳐가버리는 것들 뿐인데에에 이제는 내 앞에서 사라져 버린 널 그리지만 추억만이 남았는데 from the first time I saw you couldn't believe it was true only in my dreams princess is where I saw you but eyerything is straight I'm in the love zone i'm a pass on my mic and cry out to my love what can I do just for you now the passion that we had in love goes on thinkin about the piace that we couldn't forget and i saved all just for you 언제나영원히 니곁에 항상 있을께 항상그랬듯이 니곁에 항상 있을께 네 곁에영원히 니곁에 항상 있을께 언제나 니곁에 항상 있을께 이제부터 니곁에 항상 있을께
1999.03	이글 파이브	우리들의 천국 (Remix)	male	댄스		NULL	NULL	베토벤 뮤직	한바탕 폭풍이 휩쓸고 지나간 그 골목 그 어둠을 기억해 달려와 작은 어깨로 감싸주던 너의 손길은 눈물이 나더군 엄습해 오는 한기를 참지 못해 파고 들어간 너의 가슴은 나를 쉬게해 눈을 감으면 이토록 평화로운 세상 난 그냥 잠속으로 빠졌지 더 이상 잃어버릴게 남아있지 않는 우리들에게 슬픔은 무의미 한 것 슬픔이 없다는 것은 기뻐할 일도 없다는 것 세상은 무의미한 것이지 그런 우리들에게 넌 내게 보여주었지 눈부시게 아름다운 세상을 눈부시게 아름다운 세상을 더 가질 것도 더 잃을 것도 없는 땅 끝에 누워 봤던 하늘은 아름다웠어 나 포기하면 쉬울수 있는 세상 그래도 자꾸 뭔갈 난 원했어 피멍든 가슴으로 내일을 깨지고 부서지고 아파하며 난 뒹굴었어 내가 원한대로 흘러가 주지 않은 세상은 견뎌내기 너무 힘들었어 이렇게 내 믿음대로 난 움직일 뿐인데 사람들은 모두 나와 어긋나기만해 사랑을 거두어들인 시선들이 ha ha 난 찾을거야 꿈꾸며 사는 세상 내 작은 힘이 모여 바다를 이루는 거야 저 어딘가에 난 있다는 걸 알아 이제는 모두 흘러 저 바다로 찾을래 꿈꾸며 사는 세상 내 작은 힘이 모여 바다를 이루는 거야 저 어딘가에 난 있다는 걸 알아 이제는 모두 흘러 저 바다로
1998.04.27	이글 파이브	지난날 (회상)	male	발라드		NULL	NULL	베토벤 뮤직	지난 날의 기억들이 흐트러진 내 마음을 물들게 해 부드러운 너의 모습 미소지며 내 마음을 깨울 때 사랑해 넌 나의 아늑한 집이였고 다정하던 너였기에 누구보다 더 마음이 아파서 화가 나 모든 것이 지난 후에 알아버린 나의 마음 이해해줘 미안해  내 맘이 거칠게 뒤틀려도 심하게 흔들릴 때에도 그런 니가 보고싶어서 정말로 화가 나 내 가슴에 그 무엇이 나를 재촉하여 너를 잊기까지 사랑해
1998.04.27	이글 파이브	짝	male	댄스		NULL	NULL	베토벤 뮤직	매일매일 학교에서 만났던 우리 아주아주 지겹도록 매일 보았지 그런데도 변함없이 보고싶다는 너를 이해할수가 없었어 하루하루 몇번이나 삐삐를 쳤지 아주아주 가끔씩은 니가 한심해 모르는것 하나없는 니가 지겨워 이젠 제발좀 나를 떠나줘 하늘도 날 이해해 주신걸까 어느날 넌 전학을 갔고 드디어 자유를 얻게 됐지 그런데 웬일일까 나를 좋아한다는 말을해놓고 그렇게 너를 나를 떠나갔잖아 니가 자꾸만 자꾸 보고싶어져 너만한 사람은 더 없을것 같아 이별이란 말은 나 한적없잖아 니 생각에 정말 난 미칠것 같아 지난날 너의 말이 모두 맞았어 넌 정말 나의 짝이야  몇번�炳� 날파리 속에 또 다시 너를 생각하며 허허허 하루종일 백번 울고 불고 찾을꺼라고 난 널 다시 찾을꺼야 너는 나를 기억하고 있니 넌 언제나 나만의 귀여운 배필 짝이야 두고두고 몇번이나 후회를 했어 아주아주 가끔씩은 내가 이상해 그렇게도 변함없이 보고싶다는 너를 이해할수가 있었어 이젠 니가 내곁에 없는 요즘 하루하루 너무나 슬퍼 되돌리고 싶어 이제라도 다시 내게 돌아와 나를 좋아한다는 말을해놓고 그렇게 너를 나를 떠나갔잖아 니가 자꾸만 자꾸 보고싶어져 너만한 사람은 더 없을것같아 이별이란 말은 나 한적없잖아 니 생각에 정말 난 미칠것 같아 지난날 너의 말이 모두 맞았어 넌 정말 나의 짝이야 꼬부랑 할머니가 되도 너만을 사랑하며 살께 천사같은 너의 맘으로 다시한번 나를 안아줘 나를 좋아한다는 말을해놓고 그렇게 너를 나를 떠나갔잖아 니가 자꾸만 자꾸 보고싶어져 너만한 사람은 더 없을것같아 이별이란 말은 나 한적없잖아 니 생각에 정말 난 미칠것 같아 지난날 너의 말이 모두 맞았어 넌 정말 나의 짝이야
1999.03	이글 파이브	Game Over	male	댄스		NULL	NULL	베토벤 뮤직	미련이라 말하지마 뭔가 이상했어 예전과는 틀린 변해버린 니가 느껴져 흥 짧아진 머리와 짧아진 대답 니가 아닌 다른 사람 같아 내 옆자리를 비워둔 채 나와 마주 앉은 너를 보며 알 수 있었어 함께할 우리의 시간도 이제 얼마 남지 않았다는 걸 일어서야겠어 너를 뒤로한 채 이미 나를 잊은 널 위해 얘기해야겠어 잊을 수 있다고 니가 바라는 전불테니까 웃어줘야겠어 남겨진 내 모습 아름답게 기억하도록 허나 눈물에 얼룩져 흐려지는 너를 지울 순 없어 메마른 내 가슴 가득 채우며 아련히 떨려오던 그 입술 그때로 돌아가기에는 너무 늦은거야 잊어주겠어 모든걸 하지만 포기할 수 없어 끝낼수가 없어 아직은 아니라 믿고 싶은 내사랑을 다짐을 하며 약속했던 날들 미련이라 말하지마 차라리 기다려달라고 내게 얘기해봐 머지 않아 다시 내게 돌아올거라고 거짓이라도 마지막 날 위해 미안하단 말하지마  나를 피하고 싶었을거야 창밖만 쳐다보다 너무 늦었다며 그리 늦지도 않은것 같은데 더 있어주길 보채던 넌 바래다 주겠다며 나섰지 하지만 너는 약속이 있다고 했어 내가 있어 밤길이 든든하다던 넌 어디간거야 모두 버려야해 이젠 아닌거야 함께 했던 기억마저도 그냥 웃어버려 향상 그랬듯이 아무일도 없었던 것처럼 달라질건 없어 삐뚫어진 세상 저하늘을 원망해봐도 다만 너 없는 아침에 눈 뜨게 될 내가 두려울뿐야 메마른 내 가슴 가득 채우며 아련히 떨려오던 그 입술 그때로 돌아가기에는 너무 늦은거야 잊어주겠어 모든걸 하지만 포기할 수 없어 끝낼수가 없어 아직은 아니라 믿고 싶은 내 사랑을 다짐을 하며 약속했던 날들 미련이라 말하지마 차라리 기다려달라고 내게 얘기해봐 머지 않아 다시 내게 돌아올거라고 거짓이라도 마지막 날 위해 미안하단 말하지마 이제 모두 끝난 얘기란걸 알아 이런 내 아쉬움은 나의 욕심일거야 괜찮아 잊어버려 그게 너의 행복이라면 기도할께 영원하기를 하지만 힘들면 언제라도 돌아와 지금까지 그래왔듯이 내 모든 시간은 널 위한 것일테니까 I LOVE YOU
1998.04.27	이글 파이브	내안의 너	male	발라드		NULL	NULL	베토벤 뮤직	기다릴수 없어 난 잊을수도 없어 넌 이미 떠났고 나는 어떡해 그렇게 그렇게 떠나가 버린 사람들은 남겨진 슬픔 상관하지도 않지 추억은 모두가 네가 만들어 놓고 추억이 있어서 슬픈것인데 나를 떠난 너의 사랑을 난 아직까지 믿을수 없어 더는 함께 할 수 없는데 너의 모습이 자꾸 떠올라 못견디게 너무 보고 싶어서 슬퍼진거야 언제나 넌 내안의 그대였어 이별이 널 나의 곁에서 데려갈 줄 몰랐던거야 수많은 날이 흐르고 세상이 변한다해도 영원히 사랑한다고 약속한 그 날에는 너에게 남은 많은날 지켜줄거라 믿었어 세상이 모두 내것만 같이 가슴벅찼어 오늘 습관처럼 나의 걸음은 너와 함께 걷던 길 그 길위에 서 있어 말해 주려고 했어 나를 닮은 슬픔을 너의 뒷모습에 나 또한 그랬다고 혼자서는 너무 힘에 겹던 세상 이제는 둘이서 가는 거라고 슬픔은 서로 통하는게 있는걸 나라면 또 너라면 또 서로 힘이될 줄 알았어 수많은 날이 흐르고 세상이 변한다해도 영원히 사랑한다고 약속한 그 날에는 너에게 남은 많은날 지켜줄거라 믿었어 세상이 모두 내것만 같이 가슴벅찼어 오늘 습관처럼 나의 걸음은 너와 함께 걷던 길 그 길위에 서 있어 여기서 너는 말했지 이세상 무엇보다도 너에게 가장 커다란 선물은 나라는걸 이제는 모두 사라져 이루지 못한 꿈으로 다시온 추억속에는 너의 웃음소리만 가득히
1998.04.27	이글 파이브	따라하기	male	댄스		NULL	NULL	베토벤 뮤직	단추구멍같이 작은 눈을 가진 누나 쌍꺼풀수술은 기본으로 한다고 해요 저번 여름방학 큰 맘먹고 수술했다가 아직도 아직도 눈뜨고 잠을 자요 세상에 수 많은 사람들중에 어느하나 같은 사람 없다 하지만 웬지 남들과 다르다고 생각하게 되면 난 정말 외톨이가 된듯하지 SUPER 아줌마가 사다드신 건강식품 침튀기면 자랑하는 철이엄마 덕분에 귀가 얇은 우리엄마 그 비싼약 드신후에 부작용으로 지금까지 고생하셨죠 모든 것들 생각없이 따라해 보다가 정말로 우리 모두 다 똑같이 변하게 될까봐 자꾸만 걱정이돼 아이 아이 아야 내가하면 아이 아이 아야 너도하니 아이 아이 아야 샤이야야야 아이야이야야 그만해 날 따라하지마 친구따라 강남 간다 간다 하더니만 이러다가 우리모두 강남 가는 것은 아닐런지 이제모두 정신차려 세상을 봤으면해 자기 자신만의 세계를 만들어 보는거야  지금의 나보다 잘난 사람들 자꾸만 자꾸만 따라해보다가 이제 거울속 내 모습 찾으려고 해도 낯설은 모습만이 보일뿐이야 살만하게되면 다들 외국물을 먹어야지 황금의 팔에다 에이스도 아니라면서 너도나도 나가 외화낭비 너무심해 고달픈 우리경제 알고 있나 너의 모습 그대로만 간직하고 싶어 언제나 너무 싶게 흔들리는 너의 모습 보며 말문이 막혀버려 아이 아이 아야 따라하면 아이 아이 아야 뭐가 좋니 아이 아이 아야 샤이 야야야 아이이야야 그만해 아이 아이 아야 따라하면 아이 아이 아야 뭐가 좋니 아이 아이 아야 샤이 야야야 아이이야야 지겨워 날 따라하지마 HEY 호 HEY 호 HEY HEY HEY HEY 호 HEY HEY HEY HEY HEY HEY 호 HEY
1999.03	이글 파이브	내 맘속에	male	댄스		NULL	NULL	베토벤 뮤직	요요요 내 맘을 모르겠어 요요요 나에게 소중한 너 그런 내게 편하게 다가온 그에 난 날 나도 모르겠어 요요요 내맘을 말해줘 요요요 왜 내가 그러는지 그녀 그에 또 나 사이에 왜 이런 일이 생길수 있는지 어색한 그런 마음 다 정리도 못하고 하루하루 시간만 흘러갔나 정말 어쩔줄 몰라 내 사랑만으로 너 역시도 내 반쪽은 아니었나봐 네 마음 편하게 해준걸 사랑하지마 그것 만이 내진심 아닌가봐 너와 나 사이에 믿었던 사랑까지 이제는 널 힘들게 할테니까 지금도 넌 너 혼자만의 내가 될거라고 믿고 있었지 날 믿지마 내 마음속에 넌 이미 그녀에게 지워졌으니 널 향한 아픈 내 가슴저린 사랑으로 감춰진 내 고통은 가득한채 쉽게 정해져 버린 내 운명과 돌리고 싶은 사랑을 어색한 그런 마음 다 정리도 못하고 하루하루 시간만 흘러갔나 정말 어쩔줄 몰라 니 사랑만으로 너 역시도 내 반쪽은 아니었나봐 나 또 하루 맞이하며 떠올리는 사람 그 얼굴 너가 아닌 너의 곁에 항상 있는 너의 친구 그런 내 모습 미워해도 어쩔수가 없는걸 지울수가 없어 나 내가 네게 주는 사랑보단 내가 너에게 받은 사랑 더 많은게 현실 네게 미안해 나 나를 용서해 지금도 넌 너 혼자만의 내가 될거라고 믿고 있었지 날 믿지마 내 마음속에 넌 이미 그녀에게 지워졌으니 널 향한 아픈 내 가슴저린 사랑으로 감춰진 내 고통은 가득한채 쉽게 정해져 버린 내 운명과 돌리고 싶은 사랑을 널 향한 아픈 내 가슴저린 사랑으로 감춰진내 고통은 가득한채 쉽게 정해져 버린 내 운명과 돌리고 싶은 사랑을 내 맘속에 너 하나만이 아닌 내 맘속에 너의 친구 언제나 내 맘속 그속 너보다 더 큰 사랑으로 남았었지만 난 하지만 너에게 말할수도 없는 마음 그저 네게 미안해하는 생각만이 내 맘속에 내 맘속에
1998.04.27	이글 파이브	비상	male	댄스		NULL	NULL	베토벤 뮤직	멀리서 바라본 세상 항상 평화롭지 저기 대지에 펼쳐진 것들 모두 아름다울것 같아 단지 희망일 뿐야 세상속을 둘러봐 많은 시기와 서로질투에 아무도 살지 않아 세상밖을 날고 싶어 저하늘 끝까지 그런 정말 보고 싶어 꿈꾸던 세상을  누군가가 끊임없이 깨워 날 흔들어 깨워 눈을 뜨면 내속에 잠들어있던 내가되고 싶없던 수많은 꿈들이 있어 높은곳에 오르면 평화로운 불빛 평화로운 세상 그 빛속에서 울던어린나 이제나는 살고싶어 정말 살고싶어 아주작은 평화 불빛처럼 따뜻한 원 투 Ye  자유로 꿈꾸는 세상 항상 자유롭지 새는 하늘을 자유롭게해 높게 낮게 때로는 멀리 보고싶은 것만 봐 내가 찾는 모습만 바로 그거야 내가 보는것 언제나 다른세상 내가 먼저 변해야돼 세상이란 불속에서 내가 나를 묶어두고 있었어 내가 만들 세상이야 꿈을 꾸는 권리마저 포기한채 난 자유를 원했어 평화롭고 자유롭게 꿈꾸며 살거야 내 맘속에 사는거야 꿈같은 세상은
1999.03	이글 파이브	Fantasia	male	댄스		NULL	NULL	베토벤 뮤직	환타지아를 믿어 환타지아를 지워 환타지아를 믿어 이렇게 난 말해 어떤 슬픈곳에서 날 듣고 있다면 너의 바람소리로 내게 전해줘 이전 모습 그대로 널 볼순 없어도 내 눈물속에서 넌 남길순 없어 정말 너를 보내기 싫어 난 보내기 싫어 이렇게 생각해봐도 저렇게 생각해봐도 아무런 말도 없이 이젠 생명없는 니 모습을 나를 사랑했지 아직 영원하지 힘든 세상에서 꿈꿔왔던 곳 너와 나 함께 있을거라 믿던곳 이젠 돌이킬 수 없게 됐지만 또 다른 세상속에서 다시 만나기 위해  할 수 있다고 생각해 환타지아가 보여 환타지아 같이 갈순없어도 환타지아를 찾아 이렇게 난 믿음을 같지 나의 그림자속에 슬픈 너를 느낄 때 하나밖에 없는 널 나는 생각해 다른 세상에서도 우리 함께하도록 지쳐가고 있어도 난 견딜수 있어 함께 보냈던 시간과 아름다운 기억이 반복되며 내 기억속에 자꾸만 생각이 나지 항상 그럴때면 눈물이 나게돼 아직까지도 약한 내모습을 발견을 하게돼 힘든 세상에서 꿈꿔왔던 곳 너와 나 함께 있을거라 믿던곳 이젠 돌이킬 수 없게 됐지만 또 다른 세상속에서 다시 만나기 위해
1999.03	이글 파이브	TV 속의 이별	male	댄스		NULL	NULL	베토벤 뮤직	하나밖에 없는 넌 내 여자친구 그렇지만 너는 왜 내맘을 몰라 하루종일 난 널 바라보고만 있어 그래 정말 진심이니 헤어지잔 말 오 yes sir yes sir yes sir yes sir 사랑하기전에 넌 이별부터 꿈을 꾸었지 오 yes sir yes sir yes sir yes sir 멋있는 이별 난 소설처럼 되어버렸어 사랑한단말 할수가 없었어 넌 이별밖에 몰랐던거야 이제는 말할수 있어 나의 마음을 너 없이는 살 수가 없어 난 보낼수 없어 세상 끝날때까지 너와 난 함께 있어야만 해 하지만 멀어진 니 마음속에 사랑없어 미련또한 없어 돌이킬수 없어 초라해진 채로 보내 줘야만 했어 꿈꾸던 내 뜻대로 사랑하기 전에 이별을 했어 난 오 yes sir yes sir yes sir yes sir 사랑하기전에 넌 이별부터 꿈을 꾸었지 오 yes sir yes sir yes sir yes sir 멋있는 이별 난 소설처럼 되어버렸어 사랑한단말 할수가 없었어 넌 이별밖에 몰랐던거야 이제는 말할수 있어 나의 마음을 너 없이는 살수가 없어 나는 사랑한단말 할수가 없었어 넌 이별밖에 몰랐던거야 이제는 말할수 있어 나의 마음을 너 없이는 살수가 없어
1999.03	이글 파이브	몽중인	male	댄스		NULL	NULL	베토벤 뮤직	너를 다시 본 순간 난 느꼈어 무얼 생각하며 살아왔는지 눈물을 삼키며 기다려 왔 던 내 사랑은 바로 너였다는 걸 너를 잃는다는 불안함에서 벗어나고 싶어 겁많은 친구와 난 우정을 택해 너를 선택해 못한다는 열등감보단 나니까 너를 내맘에서 잊을수가 없어 난 너무나도 괴로웠지 그런 어느 날 지친 모습으로 찾아왔어 넌 도와달라는 말과 함께 요요 언제부턴가 너의 그 사랑이 멀어져 가는 것만 같아 너무 힘들다며 거리를 헤메다 지쳐 넌 네게 찾아왔지 내가 아닌 다른 사람 때문에 한없이 우는 널 달래려 처음으로 너를 내 품에 안았지 다시 찾은 듯 행복했어 나 하지만 그런 내 눈빛 들킬까 널 외면한체 잘될거라는 말로 너를 보내고 말았어 그날이후 내 가슴에 묻었던 너의 그 향기와 숨결까지도 다시 떠올려 확인해야 했지 끝없이 널 향한 나의 사랑을 허나 한숨섞인 너의 눈물은 내 가슴과 손에 지워져가도 내가 아닌 그 사람의 몫일뿐 나에게 돌아와 줄순 없었어 몇일이 지나 전화가 왔어 그녀를 돌봐줘서 고마웠다고 하지만 더 이상은 그녀와 어떤 일로도 만나지 않기를 두번다시 연인으로 돌아가 함께 했고 그녀도 날 잊 은 듯 했어 니가 있었던 자리에 또 다시 혼자가 되어 남아있어 지워 지지않는 그리움에 지쳐 그저 멀리서 바라볼뿐 나 하지만 그런 내 눈빛 들킬까 널 외면한체 잘될거라는 말로 너를 보내고 말았어 그날이후 내 가슴에 묻었던 너의 그 향 기와 숨결까지도 다시 떠올려 확인해야 했지 끝없이 널 향한 나의 사랑을 허나 한숨섞인 너의 눈물은 내 가슴과 손에 지워져가도 내가 아닌 그 사람의 몫일뿐 나에게 돌아와 줄 순 없었어
1998.04.27	이글 파이브	Dear Friend	male	발라드		NULL	NULL	베토벤 뮤직	나 외로울 때나 힘들 때마다 함께 했었죠 언제나 내게 웃었죠 내가 쓰러져 울때 내 눈물을 닦아주었죠 하지만 내 곁을 떠났죠 내가 갈 수 없는 그 곳으로 하늘이 우리의 사랑을 갈라놓고 말았죠 나는 웃었죠 힘들어도 이제는 울고싶지 않아요 하늘을 열어 널 볼 수 있다면 언제나 우리 함께 웃을 수 있죠  가까웠어도 가깝게 지내버린 시간들이 있었지 파고드는 아픔을 혼자로 살아가는것을 작고도 조그만 세상에 잃어가는 빛 하나가 있었지 이제는 주위에서부터 화이 차가운 향기들 만이 보였지 다른 하늘로 하지만 내 곁을 떠났죠 내가 갈 수 없는 그 곳으로 하늘이 우리의 사랑을 갈라놓고 말았죠 나는 웃었죠 힘들어도 이제는 울고싶지 않아요 하늘을 열어 널 볼 수 있다면 언제나 우리 함께 웃을 수 있죠 밝게 웃고 싶은 생각 행복하게 지내던 것처럼 항상 부드러운 마음을 가질래 너의 마음같이 보여주겠어 다른 하늘의 모습이 보이면 너의 행복한 모습이 보이면  내 맘속에 이젠 안녕
1999.03	이글 파이브	Intro	male	댄스		NULL	NULL	베토벤 뮤직	NULL
1999.03	이글 파이브	뭐니	male	댄스		NULL	NULL	베토벤 뮤직	이제는 나를 그만 잊어달라 날 보며 얘기해봐 또 마지막 만난 순간 난 네게 애원해봐 그래서 결국 넌 떠나가고 혼자 남아 있는 날봐 아무리 애원하고 후회해도 다시 오진 않았어 자 다시 날봐 다시 그리고 다시 들어봐 말해줘봐 들려줘봐 그리고 또 여기 있는 나를 봐 이제는 너 없는 세상 내겐 존재하지 않았어 내 어리석은 마음이 널 떠나게 했던거야 왜 그때 내게 말 못했었니 너의 그 눈물까지 또 얼마나 아팠었니 너 힘들고 지쳐갈 때 널 잊고 지낸 나를 증오해 뭐니 뭐니 뭐니 이대로 두고 가는 거니 뭐니 뭐니 뭐니 정말로 너는 변한 거니 뭐니 뭐니 뭐니 도대체 뭐니 이게 뭐니 다시 한번 생각해봐 이대로 너를 포기 못해 뭐니 뭐니 뭐니 이대로 두고 가는 거니 뭐니 뭐니 뭐니 정말로 너는 변한 거니 뭐니 뭐니 뭐니 도대체 뭐니 이게 뭐니 나에게 돌아와줘 난 이해할 수가 없었어 사랑이란 이유만으로는 내게 다가갈수 없으니 이제는 나 혼자란게 두려워 이제 나를 떠나가 멀리가 망가져 가는 나를 보며 또 그런 너를 보며 이젠 나를 조금씩 바꿔가는 거야 이렇게 너만을 그리며 초라하게 살아갈 순 없어 차디차게 변해버린 네게 나 초라해진 맘 너무몰랐던 그맘 그 모든것을 되돌리고 싶어 나 후회하고 있어 기회와 용기와 다시 네게 갈 수 있게 뭐니 뭐니 뭐니 이대로 두고 가는 거니 뭐니 뭐니 뭐니 정말로 너는 변한 거니 뭐니 뭐니 뭐니 도대체 뭐니 이게 뭐니 다시 한번 생각해봐 이대로 너를 포기 못해 뭐니 뭐니 뭐니 이대로 두고 가는 거니 뭐니 뭐니 뭐니 정말로 너는 변한 거니 뭐니 뭐니 뭐니 도대체 뭐니 이게 뭐니 나에게 돌아와줘 난 이해할 수가 없었어 사랑이란 이유만으로는 내게 다가갈수 없으니 이제는 나 혼자란걸 함께 할 수 만 있다면 내 입술에 너를 담아두고 모든걸 기약할테니 다시 한번 나에게로 돌아와
1998.12.27	Circle	Sweetest Love	male	댄스		정희수	석훈	베토벤 뮤직	입술에 닿은 그대 느낌은 아직도 내맘을 설레이게 하는데 그대도 나의 사랑 느끼나요 난 지금 이순간도 그대 입술 원하자나 I Want U 여린 가슴속에 살며시 그댄 다가와 아름다운 사랑 채워 주셨죠 해맑은 미소는 날위한 사랑인건지 나는 알고 싶어요 사랑에 눈을뜨는 내모습 자꾸만 떨려오는 이마음 날 안아줘요 Baby 언제까지라도 그대만을 사랑할수 있죠 아직은 어리다고 하지만 그대에겐 사랑이고 싶은 마음 왜 모르나요 Baby 수줍은 소녀의 이사랑을 받아주세요 I LOVE YOU  내 어깨 감싼 그대 손길은 사랑의 시작을 얘기하고 있는데 얼마나 더 자라야 하는가요 그대와 함께라면 힘든 일도 쉬울거야 I Need U 여린 가슴속에 살며시 그댄 다가와 아름다운 사랑 채워 주셨죠 해맑은 미소는 날위한 사랑인건지 나는 알고 싶어요 사랑에 눈을 뜨는 내모습 자꾸만 떨려오는 이마음 날 안아줘요 Baby 언제까지라도 그대만을 사랑할수 있죠 아직은 어리다고 하지만 그대에겐 사랑이고 싶은 마음 왜 모르나요 Baby 수줍은 소녀의 이사랑을 받아 주세요 I Love You 내사랑을 받아 주세요 I Love You
1998.12.27	Circle	프로포즈	male	댄스		석훈	석훈, 김중범	베토벤 뮤직	그대 놀랬나요 말해봐요 정말 사랑한다니까요 믿을 수 없나요 말해줘요 싫지는 않은거죠 넓은 가슴에 날 안아 입을 맞추는 그때를 기다리고 싶었지만 더는 기다릴 수 없어 오 오 내가 말할래요 그댄 느껴봐요 꿈이 아니란 사실이 꿈만 같지 않은가요 오 오 감추긴 싫어요 그대 행복해 하는 모습이 보고싶어 내가 먼저 사랑해도 되겠죠  너무나 어려서 여자라서 프로포즈하면 안되나요 어쩌면 나보다 그대가 더 사랑이 클지 몰라 넓은 가슴에 날 안아 입을 맞추는 그때를 기다리고 싶었지만 더는 기다릴 수 없어 오 오 내가 말할래요 그댄 느껴봐요 꿈이 아니란 사실이 꿈만 같지 않은가요 오 오 감추긴 싫어요 그대 행복해 하는 모습이 보고싶어 내가 먼저 사랑해도 되겠죠  넓은 가슴에 날 안아 입을 맞추는 그때를 기다리고 싶었지만 더는 기다릴 수 없어 기다릴 수 없어 내가 말할래요 그댄 느껴봐요 꿈이 아니란 사실이 꿈만 같지 않은가요 오 오 감추긴 싫어요 그대 행복해 하는 모습이 보고싶어 내가 먼저 사랑해도 되겠죠
1998.12.27	Circle	"Welcome To The ""Circle Asia"""	male	댄스		최수정	김경화	베토벤 뮤직	내 눈을 바라봐요 같은 꿈을 나누고 싶어 다 함께 모인거죠 저 온 세상이 하나가 될 수 있다면 in sun shine 우리 마음 담아서 세상의 모든 친구와 함께 내일의 빛을 향해 외쳐요 음악과 영화속에 인터넷 깊은 바다에서도 보이지 않는 친구를 느끼나요 하나의 하늘과 하나의 태양아래 모여서 we're one we're one in the circle of Asia 젊음이라는 것 하나만으로도 통할 수 있는건 we're friends we're friends 써클 아시아 영원한 우리 ID  내 눈을 바라봐요 같은 꿈을 가진 젊음의 열기 느껴지나요 저 온 세상이 작은 맘 버리고 평화롭게 in the moon light 우리 마음 담아서 세상의 모든 친구와 함께 내일의 빛을 향해 외쳐요 음악과 영화속에 인터넷 깊은 바다에서도 보이지 않는 친구를 느끼나요 하나의 하늘과 하나의 태양아래 모여서 we're one we're one in the circle of Asia 젊음이라는 것 하나만으로도 통할 수 있는건 we're friends we're friends 써클 아시아 영원한 우리 ID 달빛의 얘길 들어봐 미워하지마 눈물없는 세상을 만들어가 새로운 희망의 무대로 모두 다 함께 우리만의 Paradise 하나의 하늘과 하나의 태양아래 모여서 we're one we're one in the circle of Asia 젊음이라는 것 하나만으로도 통할 수 있는건 we're friends we're friends 써클 아시아 영원한 우리 ID 하나의 하늘과 하나의 태양아래 모여서 we're one we're one in the circle of Asia 젊음이라는 것 하나만으로도 통할 수 있는건 we're friends we're friends 써클 아시아 영원한 우리 ID
1998.12.27	Circle	졸업(卒業)	male	발라드		신재홍	이도연	베토벤 뮤직	이젠 헤어져야 해요 큰 아쉬움이 남겠지만 우리가 함께한 추억 너머로 다시 만날 약속을 하며 조그마한 오해들로 맘 아프게도 했었지만 이제는 알아요 우린 영원히 서로의 가슴에 있다는 걸 안녕히 손을 흔들고 있지만 이게 마지막이 아닌 걸 알아 또 다른 시작을 준비하려 이렇게 떠나는 거야 고마운 내 선생님과 울고 웃었던 친구들과 우리 약속해요 먼 훗날 다시 처음 모습으로 만나요  가득 안은 꽃 향기와 그보다 더 큰 우정 속에 행복을 빌어요 다가올 시간 예쁘게 만들어 가야 해요 안녕히 손을 흔들고 있지만 이게 마지막이 아닌 걸 알아 또 다른 시작을 준비하려 이렇게 떠나는 거야 이젠 헤어져야 해요 큰 아쉬움이 남겠지만 우리가 함께한 추억 너머로 다시 만날 약속을 하며 고마운 내 선생님과 울고 웃었던 친구들과 우리 약속해요 먼 훗날 다시 처음 모습으로 만나요
1998.12.27	Circle	To My Dream	male	댄스		신재홍	정희수	베토벤 뮤직	시원한 바람과 새파란 하늘은 우리의 마음을 들뜨게 해요 어딘가 먼곳에 떠나고픈 마음 Step By Step 하던일 멈추고 설레는 맘으로 어딘가 여행을 떠나가 볼까나 사랑이 숨쉬는 드넓은 바다로 It's All Right 힘겨워 눈물 흘리던 날들은 모두다 지워 버려 앞으로의 많은 날들을 희망으로 채우기 위해 갖고 싶은 조그만 꿈들은 잠시동안 잊어버려 답답했던 마음들 모아서 자유롭게 여행을 떠나요 우리에겐 미래가 있어요 꿈을 이룰 수많은 내일이 있죠 가슴을 크게 펴고 이 노래 불러요 앞을 향해 걷다가 가끔씩 어려움에 견디기 힘들때마다 이노래 함께 불러요 Let's Get Let's Get Star it To My Dream  투명한 모래와 흐르는 바다는 우리의 마음을 해맑게 해요 저넓은 하늘에 펼치고픈 마음 here we go 우리의 간직한 소중한 사랑과 순수한 마음을 잊지말아요 깨어난 꿈들을 한가득 싣고서 To the sea 힘겨워 눈물 흘리던 날들은 모두다 지워버려 앞으로의 많은 날들을 희망으로 채우기 위해 갖고 싶은 조그만 꿈들은 잠시동안 잊어버려 답답했던 마음들 모아서 자유롭게 여행을 떠나요 우리에겐 미래가 있어요 꿈을 이룰 수많은 내일이 있죠 가슴을 크게 펴고 이 노래 불러요 앞을 향해 걷다가 가끔씩 어려움에 견디기 힘들때마다 이 노랠 함께 불러요 Let's get Let's get start It To my Dream
1998.12.27	Circle	여행	male	댄스		최준영	김경화	베토벤 뮤직	눈부신 햇살 소용 없잖아 여행은 다 갔어 밤새 전화한게 사고야 새벽내내 다투다 끊고서 잠 한숨 못잤어 본적도 없는 그녀가 상상되서 지난번에 사귄 그녀는 글래머였단 말 왜해 그때 그 바다 황홀했다니 약이 올라 그럼 내일도 그녀랑 가라 말했어 나도 야윈 너와는 창피하다고 Forget 미안해 어젠 내가 심했어 연락없이 어딜 간거야 혹시 집 앞에 왔을까 창밖에 너의 모습 사랑해 어서 바다로 대려가줘  눈부신 햇살 너무 아까워 이럴 수는 없어 밤새 전화한게 사고야 떠날준비 모두 끝났는데 넌 아무 소식 없어 이것 참 어젠 너도 잘못햇잖아 지난번에 사귄 그녀는 글래머였단 말 왜해 그때 그 바다 황홀했다니 약이 올라 그럼 내일도 그녀랑 가라 말했어 나도 야윈 너와는 창피하다고 Forget 미안해 어젠 내가 심했어 연락없이 어딜 간거야 혹시 집 앞에 왔을까 창밖에 너의 모습 사랑해 어서 바다로 대려가줘 화가나서 그랬지만 너는 진짜 내맘 알고있지 내겐 너만 정말 멋져 나는 너도 그래주길 바란거야 혹시 집 앞에 왔을까 창밖에 너의 모습 사랑해 어서 바다로 대려가줘 서둘러 서둘러 서둘러
1998.12.27	Circle	Go! Go! Go!	male	댄스		정희수	석훈	베토벤 뮤직	머리 아픈 일은 잊고 리듬 속에 몸을 맡겨 예 Let's Go Shall We Dance 지긋지긋 학교 얘긴 여기에서는 안 통해 예 Go Go Go Go 공주처럼 앉아있는 바보 같은 너의 모습 우리에겐 어울리지 않아 닫혀있는 니 느낌을 리듬 속에 모두 싣고 자유란 걸 느껴 보자구 맘에 쏙 드는 남자가 너에게 접근한다면 제발 이번에는 튕기지마 가버린 뒤 후회할 걸 그래 아무 생각없이 분위기에 몸을 맡겨 예 Let's Go Shall We Dance 서로 Feel이 통한다면 다음 일은 문제없어 예 Hey Hey Hey Hey 드라마를 잘못 봤니 개폼 잡는 너의 모습 나한테는 우스울 뿐이야 내게 관심 사려면은 속시원히 얘기해봐 솔직한 게 더 먹힌다구 항상 찍어둔 남자는 왜 여자친구가 있는 거야 안돼 모처럼 큰 맘 먹은 게 되는 일이 하나 없어 머리 아픈 일은 잊고 리듬 속에 몸을 맡겨 예 Let's Go Shall We Dance 지긋지긋 학교 얘긴 여기에서는 안 통해 예 Go Go Go Go 그래 아무 생각없이 분위기에 몸을 맡겨 예 Let's Go Shall We Dance 서로 Feel이 통한다면 다음 일은 문제없어 예 Hey Hey Hey Hey Go Go Go Go Go Go Go Go Go Go Go Go Go Go Go Go Go Go Go Go Go Go Go Go Go Go Go Go Go Go Go Go C i r c l e ye ye ye C i r c l e ye ye ye C i r c l e ye ye ye C i r c l e 머리 아픈 일은 잊고 리듬 속에 몸을 맡겨 예 Let's Go Shall We Dance 지긋지긋 학교 얘긴 여기에서는 안 통해 예 Go Go Go Go 그래 아무 생각없이 분위기에 몸을 맡겨 예 Let's Go Shall We Dance 서로 Feel이 통한다면 다음 일은 문제없어 예 Hey Hey Hey Hey
1998.05	핑클 (Fin.K.L)	내 남자 친구에게	male	댄스		김영아	Chrischan	베토벤 뮤직	이것봐 나를 한번 쳐다봐 나 지금 이쁘다고 말해봐 솔직히 너를 반하게 할 생각에 난생 처음 치마도 입었어 수줍은 내입술을 보면서 모른척 망설이지 말아줘 어제본 영화에서 처럼 날안고 입맞추고 싶다고 말해봐 날봐 언제나 너의 눈속에 아직은 어린 내모습 사랑한다 말하기에 어색한건 사실야 하지만 나 너의 마음속에서 어느샌가 숙녀가 돼 버린걸 내사랑 이제 눈을 뜬거야 call me call me call call give a call 내모든걸 원한다면 너에게 줄게 기다려왔던 나의 사랑은 너를 위한거야 call me call me call call give a call 내모든걸 원한다면 너에게 줄게 지금이대로 너의 품속에 나를 데려가줘 나를 데려가줘 난 니꺼야 shimmy shimmy ya'll shimmy shimmy yah 2mc's boout to bring it to yall it's the p to the i'n to the kuh so so let it be ha ha what you do need is a cup of water take a big sip bet ya it will sooth yamy baby love can't you see yo mine bottom line yo mine 늦은밤 헤어질게 될때면 아쉬운 너의 맘을 털어놔 무작정 나의 손을 잡고 어디든 달아 나고 싶다고 말해봐 알아 너역시 서툰 나에게 조급히 다가서기엔 내마음이 다칠까봐 조심스레 하는걸 있잖아 나 언제 까지 너에게 단하나의 그녀가 되고 싶어 그러니 이제 내 맘 가져가 call me call me call call give a call 내 모든걸 원한다면 너에게 줄거야 지금 이대로 너의 품속에 나를 데려가줘 call me call me call call give a call 기다렸던 나의 사랑 니꺼야 이젠 언제까지 내 작은 맘속에 나를 맡길거야 널 사랑해 영원히
1999.05	핑클 (Fin.K.L)	영원한 사랑	male	댄스		김영아	주태영	베토벤 뮤직	이젠 내 사랑이 되어줘 내 모든걸 너에게 기대고 싶어  언제나 날 지켜줄 너라고 변치않는 영원한 사랑을 약속해줘  내겐 자신없는 듯 니 사랑을 감추며 돌아서지마 불안한 네 미래도 앞선 걱정일 뿐이야  좀더 나은 모습의 니가 되길 바라는 욕심은 없어 지금 네 사랑이면 난 정말 행복해  항상 나의곁에 있어줘 꼭 네게만 내꿈을 맡기고 싶어  들어봐 언제까지 내맘에 하나뿐인 소중한 그사람 너뿐이야  우리 함께 걸어갈 시간들이 어쩌면 힘들지 몰라  하지만 누구보다 너를 믿어줄 나잖아 이젠 네게 주고픈 소망들을 조금은 알수 있겠니 내 작은 가슴가득 너만을 사랑해  항상 나의곁에 있어줘 꼭 네게만 내꿈을 맡기고 싶어  들어봐 언제까지 내맘에 하나뿐인 소중한 그사람  내 두눈을 봐 이렇게 너의품에 안긴 내맘 그 누구보다 행복해  먼훗날 우리 눈감는 날까지 지금처럼 네사랑 내곁에  함께해줘
1998.05	핑클 (Fin.K.L)	Blue Rain	male	발라드		이승호	신인수	베토벤 뮤직	어딜 가면 볼 수 있는지 알고 있어도 나 갈 수 없는 건 아마 몰라보게 수척해진 내 모습보고 놀란 가슴으로 걱정할까봐 날 두고 떠나갈때 마지막 내게 했던 그대 기억으로 울지 말라는 약속 지킬 수 없을까봐 니 맘에 없던 그 모진 말도 조금도 그댈 지울 수 없는 걸 난 알고 있어 언제나 그대 내 곁에 와 잠드는 걸 비가 오던 어느날 밤에 그댄 싸늘하게 젖어 있었지 이 밤 지나면 날 못 볼것만 같은 생각에 지친 몸으로 날 기다린거야 더 이상 우산속에 날 그냥 둘 수 없어 흘러내린 눈물 빗 속에 감춰두고 그대 품에 안겼지 빗소리에 감추려 하는 그대의 울먹임을 알고 있어 내 어깨위엔 저 비가 아닌 그대의 눈물인 것도 한번만 더 그대의 품에 안겨 맘껏 울 수 있다면 그대 잠든 곳에 언제나 찾아가서 끝없는 얘기 할텐데 니 맘에 없던 그 모진 말도 조금도 그댈 지울 수 없는 걸 난 알고 있어 언제나 그대 내 곁에 와 잠드는 걸 우산 속에 내리는 비는 멈추지 않을거야
1999.11.26	핑클 (Fin.K.L)	화이트 (White)	male	댄스		김영아	전준규	베토벤 뮤직	너도 오늘만은 기억하고 있겠지 벌써 만난지도 일년이 됐어 우리 그때보다 변한 것이 있다면 좀더 커져버린 사랑일거야 겨울 내내 너를 생각하며 만들던 빨간 스웨터도 입혀 줄 거야 항상 포근했던 니 마음과 어울려 날 생각하면 정말 좋겠어 거리에 함께 나온 연인들 밤새 들려오는 노랫소리들 모두가 우리들의 만남을 축복하는 예쁜 선물들 같아 저기 하얀 눈이 내려 저 하늘 모두 내려 우리 서로 닿은 마음위로 사랑이 내려 살짝 니가슴에 기대안겨 먼저 말을 할까 나를 느끼는 너의 모든걸 사랑해 우리 처음 만난 일년 전에 오늘도 지금처럼 하얀 눈이 내렸지 추워 코끝까지 빨개진 날 보면서 넌 놀려대며 웃고있었어 가만히 빛을 내는 촛불에 지금 내 마음을 비춰 보일까 이렇게 너와 함께 있는나 세상 누구보다 행복하다고 저기 하얀 눈이 내려 저 하늘 모두 내려 우리 서로 닿은 마음위로 사랑이 내려 살짝 니 가슴에 기대 안겨 먼저 말을 할까 나를 느끼는 너의 모든 걸 지금 니 바램이 들려 저 하늘 까지 들려 나도 오늘밤엔 같은 소원 빌게 될 거야 많은 시간들이 흘러가도 우리들의 사랑 지금처럼만 간직해주길 기도해
1998.05	핑클 (Fin.K.L)	루비(淚悲):슬픈 눈물	male	발라드		이재경	최준영	베토벤 뮤직	오늘 그녀를 만났어 너의 새로운 여자를 다신 만나지 말라고 부탁했었어 빨간 루비처럼 그녀는 내게 자신있는 말투로 너를 나보다 더 사랑한다 말했어 I CAN'T CRY I CAN'T CRY I CAN'T CRY 그래 널 보내주겠어 그 무엇도 바라지 않아 나를 위해 힘겹게 널 내 곁에 두는 것보다 널 위해서 내가 떠날게 많이 아프고 힘들지만 나보다 그녀가 더 좋다면 니 곁에서 이제 없어져 줄게 I CAN'T CRY I CAN'T CRY I CAN'T CRY 그래 널 보내주겠어 그 무엇도 바라지 않아 나를 위해 힘겹게 널 내 곁에 두는 것보다 널 위해서 내가 떠날게 먼 훗날 혼자가 되면 나에게 그때 나에게 돌아올 수 있겠니 너를 기다릴거야 잠시 넌 저먼곳으로 여행을 떠난거야 나에게 나에게 돌아올 그날을 기다리며 I CAN'T CRY I CAN'T CRY I CAN'T CRY 솔직히 나의 바램은 널 영원히 붙잡고 싶어 I CAN'T CRY I CAN'T CRY I CAN'T CRY 언제든 다시 돌아와 난 여전히 너의 여자야
1999.10.01	핑클 (Fin.K.L)	루비	male	발라드		이재경	최준영	베토벤 뮤직	오늘 그녀를 만났어 너의 새로운 여자를 다신 만나지 말라고 부탁했었어 빨간 루비처럼 그녀는 내게 자신있는 말투로 너를 나보다 더 사랑한다 말했어 I CAN'T CRY (I CAN'T CRY) I CAN'T CRY 그래 널 보내주겠어 그 무엇도 바라지 않아 나를 위해 힘겹게 널 내 곁에 두는 것보다 널 위해서 내가 떠날께 많이 아프고 힘들지만 나보다 그녀가 더 좋다면 니 곁에서 이제 없어져 줄께 I CAN'T CRY (I CAN'T CRY) I CAN'T CRY 그래 널 보내주겠어 그 무엇도 바라지 않아 나를 위해 힘겹게 널 내 곁에 두는 것보다 널 위해서 내가 떠날께 먼 훗날 (혼자가 되면) 나에게 (그땐 나에게) 돌아올 수 있겠니 (너를 기다릴꺼야) 잠시 넌 (저 먼 곳으로) 여행을 떠난거야 나에게 (나에게) 돌아올 그날을 기다리며 I CAN'T CRY (I CAN'T CRY) I CAN'T CRY 솔직히 나의 바램은 널 영원히 붙잡고 싶어 I CAN'T CRY (I CAN'T CRY) I CAN'T CRY 언제든 다시 돌아와 난 여전히 너의 여자야
1999.05	핑클 (Fin.K.L)	자존심	male	댄스		김영아	박해문	베토벤 뮤직	이봐 왜그리 자신없어 종일 내 눈치만 보느라 자꾸 식은땀만 흘려대는 너 그냥 내앞에 남자 답게 먼저 이끌어줄 니 모습 기다리는 내맘 왜 몰라 사실 난 무조건 내게 맞추어 나의 뜻대로 뭐든 다해주길 바란게 아냐 한번쯤 니손에 끌려 기대고픈 그런 약한 여자이길 원하는걸 알겠니 아니아니 괜히 싫다고 핀잔을 줘도 뭐라뭐라네게 심술로 큰소릴 쳐도 니가볼까 몰래 감춰둔 내안에 진심 그걸 모르니 이 바보 그냥 한번 살짝 튕기는 자존심인데 그렇게도 너는 눈치가 없는지 정말 널 사랑해 살며시 열어둔 내맘을 왜 몰라줘 뭐야 또 내게 삐진거야 조금 심한말좀 했다고 토라지면 내 맘 어떡해 그래 난 온종일 괜한 짜증에 착한 니맘을 괴롭히며 상처주는걸 알아 하지만 나보다 더큰 너의 사랑 항상 내맘 받아주길 믿는거야 알겠니 아니아니 괜히 싫다고 핀잔을 줘도 뭐라뭐라네게 심술로 큰소릴 쳐도 니가볼까 몰래 감춰둔 내안에 진심 그걸 모르니 이 바보 그냥 한번 살짝 튕기는 자존심인데 그렇게도 너는 눈치가 없는지 정말 널 사랑해 살며시 열어둔 내맘을 더 가까이 와봐 지금 나를 안고 느껴봐 작은 나의 가슴에 너뿐이야 아니아니 괜히 싫다고 핀잔을 줘도 뭐라뭐라네게 심술로 큰소릴 쳐도 니가볼까 몰래 감춰둔 내안에 진심 그걸 모르니 이 바보 그냥 한번 살짝 튕기는 자존심인데 그렇게도 너는 눈치가 없는지 정말 널 사랑해 살며시 열어둔 내맘을 왜 몰라줘
1999.05	핑클 (Fin.K.L)	Waiting For You	male	발라드		김영아	마리오	베토벤 뮤직	넌 항상 신경쓰고 있지만 니 마음 모두 알고 있어 아직 그녀를 잊지 못한 사랑에 넌 힘들어 한다는걸 멍한 너의 눈빛 볼때면 슬퍼지는 나를 아니 너의 눈 속에 그녀 생각 뿐인걸 난 알면서 감출뿐야 becouse of falling for you there`s nothing else i can do becouse of falling for you for you still waiting for you 나만을 사랑한단 너의 말 거짓인 걸 알고있어 그냥 나에게 상처주기 싫었던 네 미안한 위로인걸 언젠가 취한밤 나에게 전화를 걸어 자꾸만 그녀 이름 부르던 너였지 그래도 너를 미워 할 수가 없었나봐 가질수 없는 사랑 그 맘을 알기에 이해해 하지만 기다릴게 내사랑 알 때까지 언젠가 니 맘속에 나 있을 그날까지 네가 원하는 그 사랑 내가 아니란 걸 알지만 너를 사랑해 그저 바라보고 있을뿐야 언젠가 취한밤 나에게 전화를 걸어 자꾸만 그녀 이름 부르던 너였지 그래도 너를 미워할 수가 없었나봐 가질 수 없는 사랑 그 맘을 알기에 이해해 becouse of falling for you there`s nothing else i can do becouse of falling for you for you still waiting for you becouse of falling for you there`s nothing else i can do becouse of falling for you
1999.11.26	핑클 (Fin.K.L)	나의 왕자님께 (To My Prince)	male	발라드		김혜선	신인수	베토벤 뮤직	잘 모르겠어요 내가 꿈꾸던 어린 왕자님이 그대였는지 나 태어날때부터 우리 만남이 정해진 것처럼 편안했어요 참 이상해요 사랑한단 이유로 그대의 여자되고 싶은 맘이 간절해져요  혹시 알고 있나요 그대로 인해 이 세상이 아름다울 수 있다는걸 배웠기에 믿고 싶어요 오늘도 감히 난 그대가 있었기에 행복하다고  날 알아줄래요 어설픈 약속 우리의 미래가 두려워져요 아직은 내가 많이 어린가봐요 먼 훗날 후회하면 어떡하나 걱정이 되요  혹시 알고 있나요 그대로 인해 이 세상이 아름다울 수 있다는걸 배웠기에 믿고 싶어요 오늘도 감히 난 그대가 있었기에 행복하다고  시간이 나를 속여도 허락할께요 For you  그래요 나는 그댈 믿어요 그것만이 내가 가진 것 전부이기 때문이죠 약속할께요 그대만 바라보다 이 세상 다하는 날 함께 간다고
1999.11.26	핑클 (Fin.K.L)	가면의 시간	male	댄스		김영아	양준영	베토벤 뮤직	오늘 그를 만난건 단지 흔한 약속이 아니야 그와 함께 나와줄 너 때문에 얘기가 달라져 부탁이야 오늘만 내가 그의 여자란 생각은 접어둬 언제부턴가 그 보다 니가 더 나를 흔들고 있어 조심스레 다가와 그가 알 수 없도록 비밀스런 움직임 빠져드는 이 느낌 설명할 수 없지만 피할 수도 없잖아 이미 나의 생각은 너의 품에 닿았는걸 순진하게 날 믿는 그가 눈치챌 수가 없도록 니가 보낸 시선이 내 가슴을 애태우고 있어 더 가까이 다가와 내 맘 알고 있는데 처음 만난날부터 불안했던 니 눈빛 단지 오늘 뿐이야 망설일건 없잖아 내가 돌아 선후엔 오늘일은 잊어도 돼 그를 배신했다는 죄책감은 까맣게 잊어줘 우리 사랑도 단 하루뿐야 모두 다 태워버려 조심스레 다가와 그가 알 수 없도록 비밀스런 움직임 빠져드는 이 느낌 설명할 수 없지만 피할 수도 없잖아 이미 나의 생각은 너의 품에 닿았는걸 내곁에 함께 있는 그에겐 정말 미안한 마음뿐인걸 그렇지만 나 널 향한 이 느낌 이젠 뿌리칠 수 없어 더 가까이 다가와 내 맘 알고 있는데 처음 만난날부터 불안했던 니 눈빛 단지 오늘 뿐이야 망설일건 없잖아 내가 돌아 선후엔 오늘일은 잊어도 돼 더 가까이 다가와 내 맘 알고 있는데 처음 만난날부터 불안했던 니눈빛 단지 오늘 뿐이야 망설일건 없잖아 내가 돌아 선후엔 오늘일은 잊어도 돼 오늘일은 잊어줘
1999.01.13	코요태	순정 (純情)	male	댄스		최준영	최준영	베토벤 뮤직	순정  (純情)워워워 워워워 워워워워워워워 워워워 워워워 워워워워워워워 나를 포기했어 너만 사랑했어 그것만으로도 부족했었나 바보 같은 내게 내게 이럴 수 있어 영원히 함께 있자고 죽어도 같이 죽자고 눈물로써 맹세했는데 다 필요 없어 너의 행복 찾아 나를 떠난다면 이제 와서 나는 어떡하라고 다시 생각해봐 내게 이러면 안돼 너 없인 살 수가없어 제발 날 도와 달라고 애원하며 붙잡고싶어 워워워 워워워 워워워워워워워 워워워 워워워 워워워워워워워 어느날 갑자기 슬픈 내게로 다가와 사랑만 주고서 멀리 떠나가 버린 너 get down and find yo cutie jump around and shake yo booty 이해 못해 너의 그런 의미 why me 진정 나를 사랑했니 heart breakin love rackin 너에게 모든 걸 맡긴 now you packin 왜 착한 나를 자꾸 울려 don't wanna let's you go 사랑하면 뭐해 정은 줘서 뭐해 순정 받쳐 고작 눈물뿐인데 사랑한게 죄야 너를 원망 않겠어 나 떠나 행복하기를 간절히 기도할께요 단 내 사랑은 잊지 말아줘 워워워 워워워 워워워워워워워 워워워 워워워 워워워워워워워 어느날 갑자기 슬픈 내게로 다가와 사랑만 주고서 멀리 떠나가 버린 너
1999.11.06	코요태	실연	male	댄스		이재경	최준영	베토벤 뮤직	너 떠난후 많이 울었어 혼자가 되어버렸어 나 다시는 널 볼 수 없게 된거니 딴 사람을 만나다보면 쉽게 널 잊을거라던 내 단순했던 생각이 틀린거야 나만을 사랑한다 했잖아 너만 바라보게 했잖아 넌 나를 떠나정말 괜찮은거니 가끔씩 외로움에 취해서 너를 많이 원망했었어 날 버린 니가 너무 너무 미웠어 이대로 날 떠나면 안돼 제발 포기하지 말아줘 널 사랑할때 가장 행복했었어 Get ready Gdouble O goo's on to go Ay Yo Yo three four four here we go 잊혀져 가고 고 고 너를 믿었고 고 너를 보고만 있을때면 난 uh 행복했지만 You're on my mind baby all the time But I found myself that can't deny Now I didn't want to say goodbye bye 너의 모습 멀어져만 가 가 죽어야만 헤어진 다고 그렇게 맹세한 니가 왜 내가슴에 눈물이 돼야 했니 나만을 사랑한다 했잖아 너만 바라보게 했잖아 넌 나를 떠나정말 괜찮은거니 가끔씩 외로움에 취해서 너를 많이 원망했었어 날 버린 니가 너무 너무 미웠어 이대로 날 떠나면 안돼 제발 포기하지 말아줘 널 사랑할때 가장 행복했었어
1999.01.13	코요태	만남	male	댄스		김진만	임기훈	베토벤 뮤직	우리 이제 지난 일들 모두 잊어버려요 원치 않던 만남으로 가득했던 그런 날들 우리 이제 지금은 같이 노래 불러요 그렇게 그리던 당신과 만난 이날을 잊어도 되는 지워도 되는 추억일랑 생각지 말아요 당신과 만난 이 날이 행복함으로 흘러 흘러 시간 속에 묻혀진대도 얼굴 맞댄 이대로 살 수만 있다면 죽어서도 행복한 비둘기 처럼 그냥 지금 이대로 멈춰 서요 Gimme the mic yo as I go through make a way for goo and watch what I do microphone check 10G double 0 funky free style solo show wit the flow now put yo hands in the a yo and wave it like you just don’t kay yo if you’re down wit the sound of G double 0 let me hear you say hell yeah 우리 이제 지난 일들 모두 잊어버려요 원치 않던 만남으로 가득했던 그런 날들 우리 이제 지금은 같이노래 불러요 그렇게 그리던 당신과 만난 이날을 잊어도 되는 지워도 되는 추억일랑 생각지 말아요 당신과 만난 이 날이 행복함으로 흘러 흘러 시간 속에 묻혀진대도 얼굴 맞댄 이대로 살 수만 있다면 죽어서도 행복한 비둘기 처럼 그냥 지금 이대로 멈춰서 흘러 흘러 시간 속에 묻혀진대도 얼굴 맞댄 이대로 살 수만 있다면 죽어서도 행복한 비둘기 처럼 그냥 지금 이대로 멈춰 서요
1999.08	클릭비 (Click-B)	Dreamming	male	댄스		유유진	주태영	베토벤 뮤직	날봐 너만 보고 있었어 네가 나를 모를 때부터 내 맘을 너는 가져간 거야 이런 기분은 처음이었어 자신있는 니 표정 내 하루 하루는 너로 가득했어 네 맘을 열어 이대로 날 받아줄 수 있니 지켜봐 줘 네게 줄 내 사랑을 지금의 넌 그대로 내곁에 있으면 돼 네가 기댈 한 사람이 바로 내가 될 수 있게 너만을 기다렸어 난 변함없을 거야 누구보다 소중하게 너를 지켜줄 내가 될테니까 나 약속할게 언제나 네편이 되어줄게 날 믿어줘 널 위한 내 사랑을 지금의 넌 그대로 내곁에 있으면 돼 네가 기댈 한 사람이 바로 내가 될 수 있게 너만을 기다렸어 난 변함 없을 거야 누구보다 소중하게 너를 지켜줄 나잖아 기다릴 필요없어 네곁에 내가 있어 언제라도 네 곁에서 너의 바램을 채울게 네게만 주고 싶어 아껴온 내 사랑을 세상 가장 소중하게 너를 지켜줄 내가 될테니까
1999.08	클릭비 (Click-B)	잊혀진 사랑	male	댄스		신동관	신동관	베토벤 뮤직	내가 네게 줬던 사랑 모두 니 맘 안에 그 속안에 슬픔으로 넌 니가 사랑하던 그사람 못잊은채 날 받아줬고 하루 또 하루 니가 아파하는 모습 보며 하루하루 니속으로 내가 들어갈수 있길 바랄뿐야 언제나 너의 곁에서 행복하길 기도했어 그사람 보낸 슬픔 잊혀지길 바랬었는데 제발 아파 울지는 마 너의 사랑도 모두다 시간 속에 잊혀질테니 널위해 모든걸 버렸어 너만을 간절히 원했던 마지막 눈물조차 내게 남아있지 않은걸 이제는 너에게 말할게 널 미워했던 내 마음마저도 널 위한 나의 사랑이었다는걸 아직도 넌 그 사람을 버리지 못했니 아직도 니안에 내가 들어갈 순 없니 잊어 모두 잊어 너의 아픔까지 모두 잊어 받아줘 받아줘 내사랑 이제는 받아줘 이제는 너의 사랑을 가질 수 있을거라는 내 작은 희망마저 이별뒤로 묻혀버린채 제발 아파 울지는 마 너의 사랑도 모두다 시간 속에 잊혀질테니 널위해 모든걸 버렸어 너만을 간절히 원했던 마지막 눈물조차 내게 남아있지 않은걸 이제는 너에게 말할게 널 미워했던 내 마음마저도 널 위한 나의 사랑이었다는걸 이젠 나의 사랑도 네게서 모두 가져가 버려 너를 보낼 수 있게 널위해 모든걸 버렸어 너만을 간절히 원했던 마지막 눈물조차 내게 남아있지 않은걸 이제는 너에게 말할게 널 미워했던 내 마음마저도 널 위한 나의 사랑이었다는걸
1999.05.01	Y2K	헤어진 후에	male	록/메탈		장대성	최성빈	베토벤 뮤직	미안해 그런 표정은 짓는게 아니었는데 어쨌든 너의 그사람 정말로 괜찮았었어 많이 고민했었어 그자릴 지켜야 하는지 이제 너와난 끝난 사이니까 왜 나를 나오라했니 겨우 조금은 너를 지운거라 생각했었는데 이렇게 날 힘들게 해야했니 친구로 지내잔 마지막 말론 너의 기분을 채울수는 없니 그만큼 나로인해 힘들다면 사과할게 정말 너무나 미안해 이젠 너의사람을 위해서 영원히 나를 기억에 지워줘 너만 행복할수있다면 많이 고민했었어 그자릴 지켜야 하는지 이제 너와난 끝난 사이니까 왜 나를 나오라했니 겨우 조금은 너를 지운거라 생각했었는데 이렇게 날 힘들게 해야했니 친구로 지내잔 마지막 말론 너의 기분을 채울수는 없니 그만큼 나로인해 힘들다면 사과할게 정말 너무나 미안해 이젠 너의사랑을 위해서 영원히 나를 기억에 지워줘 너만 행복할수있다면 다신 나를 만나려 하지마 혹시 우릴 오해할지 모르니 단지 그사람을 위해 모든걸 생각해줘 나는 정말로 괜찮아 우리 사랑했었던 기억도 이젠 너를위해 모두 지울게 너만 행복할수 있다면
1999.05.01	Y2K	깊은 슬픔	male	록/메탈		장대성	최성빈	베토벤 뮤직	잊은거니 우리둘만의 약속 지금 어디 있는거야 다 나은 모습으로 바로 오늘 이곳에 돌아올거란 그말 기억하지 못한 거니 아닐 거야 조금 더 기다리면 너는 꼭 돌아올거야 나를 사랑하기에 행복하다 했던 넌 나를 안으며 눈물 흘릴거야 꿈속에 본 너의 얼굴은 정말 예뻤어 창백한 모습도 사라진채 깨어난 후 한참동안을 울어야 했어 이젠 볼수 있다는 생각 때문에 지금 어디쯤 온거니 어딘가에서 날 보고 있니 미안해 숨어있는 거라면 화내지 않을 거야 정말 괜찮아 세상을 미워했었어 하필 니가 아파야 했는지 이제는 이런 생각 모두 지울게 너의 모든걸 감사해 할거야 왜 아직도 너의 모습은 보이질 않아 아주 많이 어두워 졌는데 혹시 많이 아파서 돌아오지 못했니 다시는 나를 울게 하지 말아줘 지금 어디쯤 온거니 어딘가에서 날 보고 있니 미안해 숨어있는 거라면 화내지 않을거야 정말 괜찮아 세상에 니가 없다면 어떤 연락도 하지 말아줘 언제나 니가 살아있단 생각에 영원히 널 기다릴수 있잖아
1999.05.01	Y2K	비련	male	록/메탈		장대성	조우진	베토벤 뮤직	할 수 없어 너를 잊는건 네가 없는 나는 없으니 처음엔 다른 누굴 만난다는게 쉬울거라고 생각했던 나지만 왜 이런 나를 이해 못하니 떠난다는 널 잡으려하는 나를 울어야만 한다면 얼마든지 울거야 모든걸 첨으로 돌릴 순 없겠니 난 견딜 수 없을 것 같아 다시는 널 볼 수 없다는 현실에 그 무엇보다 자신없게 만드는거야 널 버려야만 내가 살 줄 알았어 용서해줘 꼭 지금이 아니라도 그게 힘들다는걸 내가 더 잘 알아 내게 다신 올 수 없니 많이 힘들겠지만 왜 이런 나를 이해 못하니 떠난다는 널 잡으려하는 나를 울어야만 한다면 얼마든지 울거야 모든걸 첨으로 돌릴 수 없겠니 널 사랑했었냐고 했지 그 모든게 믿을 수 없다고 했지 날 잊는 것이 자신없을 거라는 니 말 널 버려야만 내가 살 줄 알았어 용서해 줘 꼭 지금이 아니라도 그게 힘들다는걸 내가 더 잘 알아 내게 너 올 수 없대도 이해할 수가 있어 내 잘못인걸
1999.05.01	Y2K	부탁이야	male	록/메탈		NULL	NULL	베토벤 뮤직	부탁이야 니 안에 나만을 이젠 잊기로 해 지금 나처럼 힘들겠지 하지만 모든 걸 이젠 너 현실로 받아들여야 해 내가 세상에 남길 슬픔은 바로 너 하나라는게 난 견딜 수 없어 난 정말 괜찮아 남아있을 니가 더 힘이 들까봐 난 걱정이되 나 부탁이 있어 내게 온다고 너 바보처럼 또 니 삶을 포기하진 않기를 바래 이 세상에서 날 볼 수 없다고 울고 그러지는 마  내일 아침엔 널 볼 수 없을거야 이젠 모든 것이 너무 힘이 들어 하지만 괜찮아 이 세상에서 내가 가져갈 니 사랑이 있으니 나 부탁이 있어 내가 없다고 혼자 지내진 마 그런게 날 위하는건 아닐거야 이 세상에서 날 볼 수 없다고 울고 그러지는 마 나 부탁이 있어 내게 온다고 너 바보처럼 또 니 삶을 포기하진 않기를 바래 이 세상에서 날 볼 수 없다고 울고 그러지는 마 힘들겠지만 니 안에 나를 잊어줘 니 안에 나를 잊어줘
1999.11.25	god	사랑해 그리고 기억해	male	발라드		박진영	박진영	베토벤 뮤직	Uh 사랑하는 사람을 보내야만 했던 모든 사람들에게 바칩니다 돌아보면 너무나 아름다웠어 내 인생에 다시 못 올 순간들이었어 너를 보면 보고 있으면 아무 이유없이 눈물이 흐르곤 했어 행복했어 영원히 잊지 못할만큼 사랑했어 너를 보낼 수 없을만큼 하지만 그만큼이 내 몫이 아니기에 내 것이 아님을 알기에 행복해 이젠 널 보낼게 너의 그 사람에게 널 위해 흘릴 눈물만큼 넌 꼭 행복해야해 사랑해 그리고 기억해 떠난게 후회될 때 언제라도 나의품에 돌아와도 돼 보내야 해 보내야 해 여기서 만족해야 해 몇번이고 다짐을 해봐도 수없이 계속 내 자신을 타일러봐도 왼쪽 가슴 한 구석이 너무 아파와 계속 눈에선 눈물이 흘러 내려와 지나간 추억들 자꾸 돌아와 도대체 왜 이럴까 why why 행복해 이젠 널 보낼게 너의 그 사람에게 널 위해 흘릴 눈물만큼 넌 꼭 행복해야해 사랑해 그리고 기억해 떠난게 후회될때 언제라도 나의 품에 돌아와도 돼 돌아보면 너무나 아름다웠어 내 인생에 다시 못 올 순간들이었어 너를 보면 보고 있으면 아무 이유없이 눈물이 흐르곤 했어 행복했어 영원히 잊지 못할만큼 사랑했어 너를 보낼수 없을만큼 하지만 그만큼이 내 몫이 아니기에 내것이 아님을 알기에 행복해 이젠 널 보낼게 너의 그 사람에게 널 위해 흘릴 눈물만큼 넌 꼭 행복해야 해 사랑해 그리고 기억해 떠난게 후회될때 언제라도 나의 품에 돌아와도 돼
1999.01	god	어머님께	male	발라드		박진영	박진영	베토벤 뮤직	어머니 보고싶어요 어려서부터 우리집은 가난했었고 남들 다하는 외식 몇번 한적이 없었고 일터에 나가신 어머니 집에 없으면 언제나 혼자서 끓여 먹었던 라면 그러다 라면이 너무 지겨웠어 맛있는것 좀 먹자고 대들었었어 그러자 어머님은 마지못해 꺼내신 숨겨두신 비상금으로 시켜주신 자장면 하나에 너무나 행복했었어 하지만 어머님은 왠지 드시질 않았어 어머님은 자장면이 싫다고 하셨어 어머님은 자장면이 싫다고 하셨어 야이야아아 그렇게 살아가고 그렇게 후회하고 눈물도 흘리고 야이야아아 그렇게 살아가고 너무나 아프고 하지만 다시 웃고 중학교 일학년때 도시락 까먹을 때 다 같이 함께 모여 도시락 뚜껑을 열었는데 부잣집 아들 녀석이 나에게 화를 냈어 반찬이 그게 뭐냐며 나에게 뭐라고 했어 창피해서 그만 눈물이 났어 그러자 그녀석은 내가 운다며 놀려댔어 참을 수 없어서 얼굴로 날아간 내 주먹에 일터에 계시던 어머님은 또 다시 학교에 불려오셨어 아니 또 끌려오셨어 다시는 이런 일이 없을거라며 비셨어 그 녀석 어머님께 고개를 숙여 비셨어 우리 어머니가 비셨어 야이야아아 그렇게 살아가고 그렇게 후회하고 눈물도 흘리고 야이야아아 그렇게 살아가고 너무나 아프고 하지만 다시 웃고 아버지 없이 마침내 우리는 해냈어 마침내 조그만 식당을 하나 갖게 됐어 그리 크진 않았지만 행복했어 주름진 어머님 눈가에 눈물이 고였어 어머니와 내 이름에 앞 글자를 따서 식당 이름을 짓고 고사를 지내고 밤이 깊어가도 아무도 떠날줄 모르고 사람들의 축하는 계속되었고 자정이 다 돼서야 돌아갔어 피곤하셨는지 어머님은 어느새 깊이 잠이 들어 버리시고는 깨지 않으셨어 다시는 난 당신을 사랑했어요 한번도 말을 못했지만 사랑해요 이젠 편히 쉬어요 내가 없는 세상에서 영원토록 야이야아아 그렇게 살아가고 그렇게 후회하고 눈물도 흘리고 야이야아아 그렇게 살아가고 너무나 아프고 하지만 다시 웃고 야이야아아 그렇게 살아가고 그렇게 후회하고 눈물도 흘리고 야이야아아 그렇게 살아가고 너무나 아프고 하지만 다시 웃고
1999.11.25	god	애수(哀愁)	male	댄스		박진영	유건영	베토벤 뮤직	난 아직도 그대를 잊지 못해 오늘도 그댈 찾아 이 거리를 헤매 난 아직까지 그대만을 원해 다른 사랑을 하지 못해 세상 모든 곳 그대가 있을 만한곳 모두 뒤져봐도 그대를 찾지 못했어 그대는 어딨는 거야 왜 날날 떠나간 거야 내말 안 들리는 거야 내가 널 찾는걸 모르는거야 그런 거야 아니면 나를 만나면 안 될 이유라도 있는 거야 그러면 좋아 내가 널 이렇게 목놓아 부르지 않게 한번만이라도 잠깐만이라도 내 앞에 나타나 줘 꿈속에서라도 나를 봐 조금씩 무너지는 내 모습을 봐 널 찾아 헤매이는 난 지금 힘들어 니가 보고 싶어 니가 날 떠난 그 직후부터 난 아직도 그대를 잊지 못해 오늘도 그댈 찾아 이 거리를 헤매 난 아직까지 그대만을 원해 다른 사랑을 하지 못해 우린 행복했어 정말 행복했어 세상 누구보다 예쁜 사랑을 했어 처음 만난 그 순간 하늘에서 예쁜 눈을 뿌려줬어 마치 한 장면의 영화처럼 너무 아름다운 너와 내가 눈이 맞았었지 움직일 수 없었지 그렇게 우리의 사랑은 시작되었지 그리고 나서 우리는 예쁜 그림을 그리는 꼬마 아이들처럼 그 눈빛처럼 맑고 맑은 유리구슬처럼 투명한 사랑을 만들어 갔어 꿈을 꾸며 함께 미래를 그려봤어 그러다 그녀가 사라졌어 한마디 말도 없이 그렇게 그렇게 내곁을 떠났어 난 아직도 그대를 잊지 못해 오늘도 그댈 찾아 이 거리를 헤매 난 아직까지 그대만을 원해 다른 사랑을 하지 못해 제발 돌아와 내말 안 들려 어서 나타나 나 지금 흔들려 나를 잡아 줘 나를 붙잡아 줘 어서 하루가 다르게 무너지는 날 일으켜 줘 너는 나를 잘 알잖아 난 너밖에 없잖아 니가 없으면 아무 것도 못한다는 걸 알잖아 왜 그래 도대체 왜 이래 대체 왜 이렇게 날 자꾸만 힘들게 해 니가 어디 있든 어디서 무얼 하든 누구와 있었든 그 이유가 무엇이든 아무 것도 묻지 않을게 넌 돌아오기만 하면 돼 난 그전엔 그날이 오기 전에 어쩔 수 없어 난 이렇게 밖엔 살아갈 수 없어 너만을 기다리며 멈출 수 없어 널 찾아 헤매이며 ah girl No I can't live without you everything I see it reminds me of you My heart is so cold Please come back to me 난 아직도 그대를 잊지 못해 오늘도 그댈 찾아 이 거리를 헤매 난 아직까지 그대만을 원해 다른 사랑을 하지 못해
1999.11.25	god	Friday Night	male	댄스		박진영	방시혁	베토벤 뮤직	맘 이맘 부풀어 오르는 이밤 right alright it's friday night 감 예감 좋은 예감이 드는 이 밤 tonight's the night oh friday night yeah 금요일 밤 오늘밤 오 오 늘은 월급탄 밤 기분이 삼삼한 밤 아침부터 왠지 좋은 예감 yeah it's O K 자 기분좋아 yeah feel alright 자 어디든 가 우리 준이형 태우 호영 데니 다 모두 나갈 준비됐니 어두워진 거리를 미끄러져 나가는 우리들 g o d 다섯 남자는 주머니 꽉 차 시계는 안봐 멋진 자동차 거리로 나가 지나가는 여인들 yeah 마주치는 시선들 uh you want me I want you too then tell me and I'll come to you 맘 이맘 부풀어 오르는 이밤 right alright it's friday night 감 예감 좋은 예감이 드는 이 밤 tonight's the night oh friday night uh uh 드디어 도착한 클럽앞에 들어가려고 기다리는 사람들의 줄이 늘어서고 서로 의식하고 저마다 자기들의 무게를 잡고 마음의 준비 시작한다 uh 이제 곧 있으면 시작한다 uh 오늘의 승자는 누구일까 uh 또 어떤 커플이 탄생할까 선수입장 들어간다 자 들어간다 g o d 가 나가 신다 모두 모두 모두 모두 비켜나라 자 울려 퍼지는 음악소리 자 돌아가는 조명들이 금요일 밤이 온 걸 알리네 자 어서 이 밤을 즐기세 좋아 기분 좋아 uh 그대와 나 오늘 멈추지마 음악 멋진 음악 yeah 흘러나와 and it'll I feel alright pump it up everybody say tonight's the night tonight's the night hey ho tonight's the night tonight's the night pump it up everybody say tonight's the night tonight's the night ho ho ho ho tonight's the night tonight's the night 이제는 dance time come on stage 어디지 오 저기서 우릴 부르지 우리들을 향해서 손짓하지 자 우리들의 무대다 모두 비켜라 남자들은 비키고 여자들은 남아라 그리고 보아라 you want me baby baby you can have me 맘 이맘 부풀어 오르는 이밤 right alright it's friday night 감 예감 좋은 예감이 드는 이 밤 tonight's the night oh friday night yeah 맘 이맘 부풀어 오르는 이밤 right alright it's friday night 감 예감 좋은 예감이 드는 이 밤 tonight's the night oh friday night yeah
1999.01	god	관찰	male	댄스		박진영	이철원	베토벤 뮤직	so fine divine uaagh I wish I could make her mine Caresse finesse uaagh MY mine is a such a mess so fine divine uaagh I wish I could make her mine Caresse finesse uaagh MY mine is a such a mess 저기와 그녀가 와 매일 아침 여기서 그녀는 버스 타 나는 봐 그녀를 봐 아름다운 모습에 그만 넋을 놔 내가 타는 버스를 그녀도 타 말하자면 우린 같은 버슬 타 버스가 오면 그녀가 먼저 타 그녀가 좋아하는 뒷자리로 가 그러면 나는 자연스럽게 가지 그리고 몰래 그녀를 관찰하지 아름답게 빗어 내린 머리 거기서 나는 음 상쾌한 향기 그녀의 미소만큼이나 상쾌하지 언제나 같은 샴푸를 쓰나보지 하하하하 귀엽기도 하지 나의 이 마음을 어떻게 하지 그녀만 보면 내 가슴은 아 내 곁에만 오면 또 또 뛰어 뛰어 그녀만 보면 내 머리는 아 내 곁에만 오면 너무 어지러워 그녀는 어딜 갈까 어떤 남자를 만날까 그녀의 맘 속엔 누가 들어 있나 그게 나일 순 없을까 so fine divine uaagh I wish I could make her mine Caresse finesse uaagh MY mine is a such a mess so fine divine uaagh I wish I could make her mine Caresse finesse uaagh MY mine is a such a mess 말을 걸어볼까 한 번 그래볼까 그녀도 이제 나를 알지 않을까 아니야 그러다 괜히 망칠지도 몰라 괜히 그녈 멀어지게 만들지도 몰라 조금씩 조금씩 자연스럽게 그녀의 주위에서 그녀의 눈에 띄게 어차피 날마다 만나는데 그녀도 조만간에 나를 알게될텐데 서두를 필요없지 암 그렇지 기회는 얼마든지 있다 이거지 생각해야지 생각해 봐야지 어떤 방법이 좋을까 반지 아니야 아니야 부담스럽지 왜 이렇게 머리가 안 돌아가지 사랑에 빠지면 이런가 보지 나의 이 마음을 어떻게 하지 그녀만 보면 내 가슴은 아 내 곁에만 오면 또 또 뛰어 뛰어 그녀만 보면 내 머리는 아 내 곁에만 오면 너무 어지러워 그녀는 어딜 갈까 어떤 남자를 만날까 그녀의 맘 속엔 누가 들어 있나 그게 나일 순 없을까 온다 온다 온다 그녀가 온다 뛴다 뛴다 뛴다 가슴이 뛴다 온다 온다 내게로 다가온다 돈다 돈다 머리가 어지럽다 그녀는 어딜 갈까 어떤 남자를 만날까 그녀의 맘 속엔 누가 들어 있나 그게 나일 순 없을까 so fine divine uaagh I wish I could make her mine Caresse finesse uaagh MY mine is a such a mess so fine divine uaagh I wish I could make her mine Caresse finesse uaagh MY mine is a such a mess
1999.05.01	클레오	Good Time	male	댄스		NULL	NULL	베토벤 뮤직	너와 함께 지내고 싶은 밤 부모님의 허락이 필요하지만 내가 너와 보내려 하는 이밤이 나에겐 가장 소중한 시간인걸 뭐라고 말을 해 줬으면 니마음 믿어줄 수 있을거야 나를 책임질 수 없다해도 지금 너무 좋은거야 사랑이 어설픈 나에게 행복한 안내자가 되어준 널 믿어왔던 내 이 감정들을 성숙하게 만든거야 너와 함께 지내고 싶은 밤 부모님의 허락이 필요하지만 내가 너와 보내려 하는 이밤이 나에겐 가장 소중한 시간인걸 이순간보다 더 행복한 널 찾아가 내게 이별의 손을 흔들면 나는 너를 두고 떠날게 조용한 cafe에 앉아서 진심을 애기하고 믿어왔던 추억들이 나를 머무르게 너의 마음 생각나게 해 너와 함께 지내고 싶은 밤 부모님의 허락이 필요하지만 내가 너와 보내려 하는 이밤이 나에겐 가장 소중한 너와 함께 지내고 싶은 밤 부모님의 허락이 필요하지만 내가 너와 보내려 하는 이밤이 나에겐 가장 소중한 시간인걸
1999.05.01	클레오	니가 나를 꼭 사랑할때만	male	댄스		NULL	NULL	베토벤 뮤직	진지하게 얘기하면 들어주겠니 나는 너의 예쁜 여자친구 되고파 하루종일 니 옆에서 챙겨주고픈 내 속마음을 보여주면 되잖아 뭔가 너에게 줄것을 찾는 난 하늘에서온 착한 천사같이 만나면 행복한 시간들 투정도 부리지 않을께 나같은 여자친구를 넌 원하고 있잖아 해주고만 싶은 너의그 수많은부탁을 난 모두다 해주고 싶어 니가 나를 꼭 사랑할때만  신비하게 느껴지는 너의 미래를 나는 그림속에 그려가는 화가야 날 너의 마음에 가둬두려 하지 않아도 저 하늘속에 구름처럼 있을께 뭔가 너에게 줄것을 찾는 난 하늘에서 온 착한 천사같이 만나면 행복한 시간들 투정도 부리지 않을께 나 같은 여자친구를 넌 원하고 있잖아 해주고만 싶은 너의그 수많은 부탁을 난 모두다 해주고 싶어 니가 나를 꼭 사랑할때만 만나면 행복한 시간들 투정도 부리지 않을께 나같은 여자친구를 넌 원하고 있잖아 해주고만 싶은 너의 그 수많은 부탁을 난 모두다 해주고 싶어 니가 나를 꼭 사랑할때만
1999.05.01	클레오	연인	male	발라드		NULL	NULL	베토벤 뮤직	할 수 있게 내버려둘 수 없는 나의 마음을 가만둘 수 없는 슬픔을 꼭 지켜봐줘 서로를 위해 마음의 끈을 끊어야 하니까 자꾸만 눈물이 흘러도 돌아서지마  몰라보도록 난 변해 있을께 또다시 내 모습을 꼭 찾아 놓을게 더 사랑할수록 담담해져 가는 나의 커져버린 이해심으로    지켜보아줘 커가는 내 모습 난 너의 모든걸 다 느낄수 있어 넌 그리운 사람 그 이름만으로 사랑이란 꿈을 꿀수가 있어
1999.05.01	티티마	Prism	male	댄스		김영아	한창훈	베토벤 뮤직	Things that make you go get down get down Let me know your true heart beat boom be the one for me make love to me TTMA The girls wit me Taste the maximum be mine 얼마나 오랫동안 혼자서 널 좋아했는지 자신이 없던 난 바라만 보면서 아무도 모르게 사랑했지 나하고 제일친한 친구가 사귀는 남자를 나 소개 받던날 너무 놀랐어 왜 하필 너였던거야 친구와 널 함께 만나며 겉으론 내색 안해도 속으로 애가타서 가슴앓일 해댔고 속상한 나 친구와 헤어지고 너와 단 둘이 있던날 눈을감고 니앞에 모든걸 고백한거야 Baby just call it love Sweet heart call it love 몰래 감춰왔던 사랑이 너였어 내친구 애인이 되었지만 널 지켜보는게 좋았어 Baby just hold me tight sweet heart hold me tight 자꾸 커져가는 사랑을 어떡해 하지만 친구를 생각하면 널 더이상 만날수 없는 나 힘들어 한순간 나 고백한거야 나의 사랑을 어차피 넌 친구 남잔걸 알고 있는데 어쩔수가 없어 되돌릴 수 없어 이젠 니 앞에 나설 수도 없어 하지만 정말 너를 좋아해 처음부터 난 너를 사랑했어 Things that make you go get down get down Let me know your true heart beat boom be the one for me make love to me TTMA The girls wit me Taste the maximum be mine 그날의 후회속에 내맘은 어쩔줄 몰랐어 단한번 고백에 너와 내 친구 사이만 어색해졌어 미안했던 마음 하나로 두사람 모둘 피하며 널 향한 사랑까지 잊으려고 할 때쯤 찾아온 너 무작정 나를 안고 모든 얘기를 해줬어 너도 오래 전부터 나만을 사랑했다고 Baby just call it love Sweet heart call it love 몰래 감춰왔던 사랑이 너였어 내친구 애인이 돼서라도 날 지켜 보는게 좋았대 Baby just hold me tight Sweet heart hold me tight 자꾸 커져가는 사랑을 어떡해 내앞에 모든걸 고백했지 나 이제는 되찾은 니사랑 지킬래 이젠 난 너를 너무 좋아해 이런 나의 가슴에 정말 이렇게 그만 네 앞에 모두 고백해야돼 그동안 우린 바보였어 너무 어리석게 피해왔어 이제는 세상에 무지개빛 우리 사랑을 얘기해
1999.05.01	티티마	My Baby	male	댄스		김영아	이윤상	베토벤 뮤직	one two who that's you what what you be my boo one two three that is me close the door with my baby one two who that's you what what you be my boo one two three that is me close the door with my baby 처음부터 내가 먼저 좋아한 건 사실이지만 그 때문에 무시하는 니가 미웠어 매일같이 다른 여잘 골라 가며 만나던 너 항상 내겐 잘난 핑계로 따돌려 왔었지 그런 니가 결국엔 뻔한 수법이 들통났고 이제 갈 곳 없는 너는 기가 죽어 나에게 용서해 달래 큰소리 치며 잘난 척 하던 니가 어쩌다 다시 돌아온 거야 못 이긴 척 받아 줬지만 다신 못 갈거야 my my my that for a long time I know for sure you will be mine my my my that for a long time I know for sure you will be mine 다시 뛰어봐 또 얼마 you get dumped but no you wont stop 누구를 만나도 결국엔 혼나고 마니까 것봐 것봐 나 뭐랬어 넌 끝났어 you done played yourself yeah 그 때문에 무시하는 너 미워 미워 yeah you know wussup 한 동안은 내 곁에서 잘해 주는 척했지만 다시 너는 옛날처럼 또 심심해 진거야 그렇지만 얼마 뒤 너는 망가져 돌아왔지 몰래 만난 그녀 진짜 애인한테 걸리고 만거야 글쎄 큰소리 치며 잘난 척 하던 니가 어쩌다 다시 돌아온 거야 못 이긴 척 받아 줬지만 다신 못 갈거야 You thought it was over But it ain't over til the fat lady sings 큰소리 치며 잘난 척 하던 니가 어쩌다 다시 돌아온 거야 못 이긴 척 받아 줬지만 다신 못 갈거야
1999.05.01	티티마	My Baby	male	댄스		김영아	이윤상	베토벤 뮤직	one two who that's you what what you be my boo one two three that is me close the door with my baby one two who that's you what what you be my boo one two three that is me close the door with my baby from the start I knew you were my one and only love but you denied Deep inside I was meant for you but you try to hide Everytime I call you up you tell me you are always busy one day I saw you with another girl but it couldn't be Now you really broke my heart going out with other girl and all when the girl turn you down I was happy because You are my baby So oh Now that I have you back in my arms again you will never ever go away no more My heart is open for the last time Don't let it happen no more my my my that for a long time I know for sure you will be mine my my my that for a long time I know for sure you will be mine  Now what you did to me was wrong was wrong you done played yourself Now you know just deep inside going out with other girls that sure aint right T.T.MA what we be we just represent My love for you is like heaven send Don't have to shop around like smokey man Love's on solid ground can I get an Amen you were bragging to me that you have many girl friend other than me I tried to stop you but you ignored the cry that was coming from me Now you really broke my heart going out with other girl and all when the girl turn you down I was happy because You are my baby So oh Now that I have you back in my arms again you will never ever go away no more My heart is open for the last time Don't let it happen no more  you thought it was over but it aint over til the fat lady sings Now that I have you back in my arms again you will never ever go away no more My heart is open for the last time Don't let it happen no more
1999.05.01	티티마	Smile Again	male	댄스		유유진	최규성	베토벤 뮤직	이렇게 될 줄은 몰랐어 니 마음 다치게 한거니 친구 이상 아니라 말했던 내 얘기 너무 후회가 돼 며칠째 연락도 없는 너 혹시 날 포기해 버렸니 그러지마 이제 난 알았어 너를 사랑해 왔던 나를 예전엔 니가 내곁에 있다는게 당연했었는데 어디든 너와 함께한 기억뿐야 내 마음 모르겠니 Try to call You again 내 생각만 했던 거야 이런 나를 탓하진 말아줘 지금 너무나 후회돼 Try to call you again 널 이제는 친구보다 더 가까운 사인걸 너에게 이제 더이상 부정안해  아무일 없었던 것처럼 내 앞에 니가 와 준다면 널 슬프게 만드는 그런일 이제는 다시 없을꺼야 조금만 날 이해해 줄래 아직은 서툰 내 사랑을 니가 없는 이런 시간 속에 너의 소중함 느낀 나를 예전엔 니가 내곁에 있다는게 당연했었는데 어디든 너와 함께한 기억뿐야 내 마음 모르겠니 Try to call You again 내 생각만 했던 거야 이런 나를 탓하진 말아줘 지금 너무나 후회돼 Try to call you again 널 이제는 친구보다 더 가까운 사인걸 너에게 이제 더이상 부정안해
1999.05.01	티티마	Loner	male	댄스		박선주 (Pak Sun Zoo)	신명호	베토벤 뮤직	어떤 얘길 들은건지 잘은 모르지만 너까지 이럴수 있니 다들 서롤 외면해도 우린 달랐잖아 왜이래 정말 그만해 아이들 따돌림에 지친다 해도 우리 우정은 영원하자던 그때 그 약속은 거짓인 거니 여자의 우정이란 없는 거니 아직 늦지 않았어 이제 제발 그만해 누구든 용기 내서 싸워야해 아직 우리 맘속에 진실은 살아 있어 두려워 하지마 우리 다시 시작해 너를 향한다는 외면 힘이 들었겠지 그 정돈 나도 알았어 심지어는 너와 내가 친구 이상이란 얘기도 들은적 있어 하지만 그런말들 뭐가 중요해 우리의 소중했던 우정에 금이 가지 않길 나는 기도해 다시 돌아와 제발 예전처럼 나의 손을 잡아봐 다시 나를 안아봐 누구든 먼저 용기를 내야만해 어리석은 짓이야 바보같은 짓이야 두려워 하지마 우리 다시 시작해  아이들 따돌림에 지친다 해도 우리 우정은 영원하자던 그때 그 약속은 거짓인 거니 여자의 우정이란 없는 거니 아직 늦지 않았어 이제 제발 그만해 누구든 용기 내서 싸워야해 아직 우리 맘속에 진실은 살아 있어 두려워 하지마 우리 다시 시작해 나의 손을 잡아봐 다시 나를 안아봐 누구든 먼저 용기를 내야만해 어리석은 짓이야 바보같은 짓이야 두려워 하지마 우리 다시 시작해
1999.05.01	티티마	Come To Me	male	댄스		이현규	이윤상	베토벤 뮤직	누가 너를 내곁에서 뺏어 갔는지 난 너없이는 한순간도 살아갈 자신조차 없는데 내 가슴속에 아직 넌 그대로인데 믿어 왔던 나의 사랑은 이미 내곁을 떠나 버렸지 함깨 했던 지난 기억들을 벌써 잊어버렸니 죽어도 나는 헤어질 수 없어 너를 사랑하기 때문에 Cone to me for more than ever I love you 더 이상 나를 비참하게 내버려두지는 마 All for you 잠시도 너를 잊은적 없어 아무리 멀리 있다 해도 오직 나에겐 너 밖에 없어  늘 바라보았던 하늘이 무너진 거야 Remember the time we had all the fun now it's over baby doll I don't see the moon shine 넌 내맘 모를 꺼야 간절한 내맘을 모를 꺼야 Give me a chance so I could see ya baby come back forever wah wah 보고 싶은 너를 생각하면 자꾸 눈물이 흘러 널 기다리다 지쳐 잠이 드는 내가 불쌍하지도 않니 Cone to me for more than ever I love you 더 이상 나를 비참하게 내버려두지는 마 All for you 잠시도 너를 잊은적 없어 아무리 멀리 있다 해도 오직 나에겐 너 밖에 없어
1999.05.01	티티마	A+ (A Plus)	male	댄스		유유진	최규성	베토벤 뮤직	A몰래 B만난 건 단 두 번뿐야 그런데 왜 내 맘 흔들릴까 나만 생각하고 너무 착한 A를 두고 B를 만났다면 내 잘못일까 레몬 향기 나는 샴푸를 쓰니 B의 자상함 톡쏘는콜라처럼 상큼해 이런 나를 두고 내 친구의 충고 한마디 B는 여자한테는 다 그래 이럴수가 내실수야 나의 사랑은 A부터 나만 소중히 나만 사랑해 준 너 항상 내 곁에 있어서 너의 의미를 몰랐어 너를 만난 건 내겐 행운인데 사랑해 널 너하나만 내 마음모두 다 줄게 지금처럼만 사랑해줘 관심 없어 너 아니면 다른 사람은 소용없어 다시 내 마음다신 안 흔들릴게 나를 기다릴 필요는 없어 항상 니 곁에 난 있을 테니까 이젠 잊지마 I was made for loving you  이럴수가 내실수야 나의 사랑은 A부터 나만 소중히 나만 사랑해 준 너 항상 내 곁에 있어서 너의 의미를 몰랐어 너를 만난 건 내겐 행운인데 사랑해 널 너하나만 내 마음모두 다 줄게 지금처럼만 사랑해줘 관심 없어 너 아니면 다른 사람은 소용없어 다시 내 마음다신 안 흔들릴게 나를 기다릴 필요는 없어 항상 니 곁에 난 있을 테니까 이젠 잊지마 I was made for loving you
1999.05.01	티티마	Heaven	male	댄스		박선주 (Pak Sun Zoo)	신명호	베토벤 뮤직	이제는 그런 대로 괜찮아 어느새 일년이 지났어 널 보낸지 oh my love 유난히도 좋아했던 보라빛 violets 다시 가져왔어 너 잠든 이곳 나 눈물이 마른 건지 아님 너를 잊어가고 있는건지 요즈음 아주 가끔 웃기도해 Now N forever 영원히 널 사랑해 Still in love 눈에 보이지 않을뿐 oh my love 내 삶이 끝나는날 마중 나와줘 천국의 문앞에  떠날때 부탁했던 그 약속 아직도 지키지 못했어 날 용서해줘 oh my love 아무래도 힘들꺼야 다시 또 누군갈 사랑하고 만나는 그런 일들은 나 아직도 잠을 깨며 아무 생각없이 네게 전화를 해 이제야 너 없음을 깨닫는걸 Now N forever 영원히 널 사랑해 Still in love 눈에 보이지 않을뿐 oh my love 내 삶이 끝나는날 마중 나와줘 천국의 문앞에  나 눈물이 마른 건지 아님 너를 잊어가고 있는건지 요즈음 아주 가끔 웃기도해 Now N forever 영원히 널 사랑해 Still in love 눈에 보이지 않을뿐 oh my love 내 삶이 끝나는날 마중 나와줘 천국의 문앞에
1999.05.01	티티마	It`s Me	male	댄스		김영아	한창훈	베토벤 뮤직	NULL
1999.05.01	티티마	Loving	male	댄스		최규성	최규성	베토벤 뮤직	지금 내겐 너밖에 없는데 너를 언제까지 지킬 자신이 없는 내 모습이 너무 초라해 요즘 네게 더 화만 낸것 같아 헤어지자는 거짓된 말들로 너를 더욱 힘들게 한다는걸 난 알고 있지만 괜히 니 맘을 확인하고 싶어 맘에 없는 말한거야 하지만 두려워 언젠가 니가 날 떠날지도 모른다는 생각만하면 이제는 나에겐 너없는 삶이란 아무런 의미조차 없는 걸  언제까지나 네게 머물수만 있다면 나는 더는 바랄게 없어 이런 내 맘을 넌 알고 있긴 한거니 하지만 두려워 언젠가 니가 날 떠날지도 모른다는 생각만하면 이제는 나에겐 너없는 삶이란 아무런 의미조차 없는 걸 하지만 두려워 언젠가 니가 날 떠날지도 모른다는 생각만하면 이제는 나에겐 너없는 삶이란 아무런 의미조차 없는 걸
