1997.04.01	룰라	3!4!	Roo`ra Best Album	댄스	이현도	이현도	여기 숨쉬는 이 시간은 나를 어데로 데려갈까 많은 기쁨과 한숨들이 뒤섞인 이곳에서 3 4 랄랄랄랄라 랄랄랄라 랄라랄랄랄라 랄랄랄라 랄라 랄랄라 랄라랄라 랄라랄랄라랄라 랄랄랄랄라 랄랄랄라 라라랄랄랄라 랄랄랄라 랄랄랄 랄랄랄랄라 랄 라랄랄라 나 그대 우리 모두 내가 힘들던 그 모든 기억이 아직 남아 있는 가슴에 따뜻하게 피어나는 느낌이 있어 내가 바라는 그 모든 꿈들이 전부 이뤄질 순 없어도 가장 넓고 깊은 사랑 지금 내 안에 있어 나의 이 마음 영원히 갖고 싶어 모두 함께 나누며 3 4 여기 숨쉬는 이 시간은 나를 어데로 데려갈까 많은 기쁨과 한숨들이 뒤섞인 이곳에서 사랑만으로 늘 가득한 그런 내일로 가고 싶어 서로가 함께 영원히 행복하도록 나 그대 우리 모두 아 아파한 시간 만큼 기쁨을 만들어 가요 나의 그 모든 눈물들 만큼 사랑을 만들어가요 big up  오호 서로 아껴주는 마음을 기억하며 우리가 만들어 가요 3 4 여기 숨쉬는 이 시간은 나를 어데로 데려갈까 많은 기쁨과 한숨들이 뒤섞인 이곳에서 사랑만으로 늘 가득한 그런 내일로 가고 싶어 서로가 함께 영원히 행복하도록 나 그대 우리 모두 거친 파도의 바다처럼 때론 아픔도 왔었지만 슬픈 바다를 감싸주던 넌 하늘과 같았어 사랑만으로 늘 가득한 밝은 미래로 가고싶어 서로가 함께 영원히 행복하도록 나 그대 우리 모두 모두가 함께 여기서 만들어 가요 나 그대 우리 모두
1995	룰라	날개 잃은 천사	날개 잃은 천사	댄스	최준영	이건우	아 그럴거야 나를 아낄려고 굳이 내게 말 안하고 멀리 떠나갔던가 아 그럴거야 나를 아낄려고 굳이 네게 말안하고 멀리 떠나갔던가 아 그럴거야 나를 아낄려고 굳이 네게 말안하고 멀리 떠나갔던가 아 그럴거야 나를 아낄려고 굳이 네게 말안하고 멀리 떠나갔던가 천사를 찾아 사바 사바 사바 천사를 찾아 사바 사바 사바 천사를 찾아 헤매이지 잃어버린 내 모습을 찾아 사바 사바 사바 오 이렇게 많은 사람들이 네게 친해지려 할 때 네가 싫고 넌 키도 작고 차도 없다했지 난 오 이런 저런 조건 조건따지다 보니까 진실한 사랑의 의미 의미 도대체가 도대체가 찾을수가 없어 쉽게 찾을 수가 있는데 내 마음속에 있는데 조용하게 눈을 감고 생각하면 알수있어 천사를 찾아 방황하는 나의 예전의 그모습 찾아 샤바 나 이제 알아 혼자된 기분을 그건 착각이었어 느낄수 있니 사랑의 시작은 외로움의 끝인걸 언제라도 넌 내가 원한 것을 다 줄듯 보였고 사바 사바 사바 변덕스러운 내 기분 맞추려 고민도 하고 사바 사바 사바 하지만 너의 고마웠던 사랑을 난 당연한 듯 생각했었던 거야 나 이제 알아 혼자된 기분을 그건 착각이었어 느낄수 있니 사랑의 시작은 외로움의 끝인걸 쉽게 찾을 수가 있는데 마음속에 있는데 조용하게 눈을 감고 생각하면 알 수있어 천사를 찾아 헤매이지 잃어버린 내 모습을 찾아 샤바 나 이제 알아 혼자된 기분을 그건 착각이었어 느낄수 있니 사랑의 시작은 외로움의 끝인걸 언제라도 넌 내가 원한 것을 다 줄듯 보였고 사바 사바 사바 변덕스러운 내 기분 맞추려 고민도 하고 사바 사바 사바 하지만 너의 고마웠던 사랑을 난 당연한 듯 생각했었던 거야 나 이제 알아 혼자된 기분을 그건 착각이었어 느낄수 있니 사랑의 시작은 외로움의 끝인걸 나 이제 알아 혼자된 기분을 그건 착각이었어 느낄수 있니 사랑의 시작은 외로움의 끝인걸 아 그럴거야 나를 아낄려고 굳이 내게 말 안하고 멀리 떠나갔던가 아 그럴거야 나를 아낄려고 굳이 내게 말 안하고 멀리 떠나갔던가 아 그럴거야 나를 아낄려고 굳이 내게 말 안하고 멀리 떠나갔던가 아 그럴거야 나를 아낄려고 굳이 내게 말 안하고 멀리 떠나갔던가
1996.06.15	룰라	3!4!	All System Go	댄스	이현도	이현도	여기 숨쉬는 이 시간은 나를 어데로 데려갈까 많은 기쁨과 한숨들이 뒤섞인 이 곳에서 3 4 랄랄랄라랄랄라라라 랄랄라랄라라라라라 랄랄랄라라랄라라라 랄라랄라 라랄라 그대와 우리 모두 기쁜 미래를 향해 랄랄랄라랄 랄라라라 랄랄라랄라라라라라 라랄라 랄라랄라라 랄라라라라 나 그대 우리 모두 내가 힘들던 그 모든 기억이 아직 남아 있는 가슴에 따뜻하게 피어나는 느낌이 있어 내가 바라는 그 모든 꿈들이 전부 이뤄질 수 없어도 가장 넓고 깊은 사랑 지금 내 안에 있어 나의 이 마음 영원히 갖고 싶어 모두 함께 나누며 3 4 여기 숨쉬는 이 시간은 나를 어데로 데려갈까 많은 기쁨과 한숨들이 뒤섞인 이 곳에서 그대와 우리 모두 기쁜 미래를 향해 사랑만으로 늘 가득한 그런 내일로 가고 싶어 서로가 함께 영원히 행복하도록 나 그대 우리 모두 아아파한 시간만큼 기쁨을 만들어가요 나의 그 모든 눈물들 만큼 사랑을 만들어가요 Big up Big up 모두 서로 아껴주는 마음을 기억하며 우리가 만들어가요 3 4 여기 숨쉬는 이 시간은 나를 어데로 데려갈까 많은 기쁨과 한숨들이 뒤섞인 이곳에서 그대와 우리모두 기쁜 미래를 향해 사랑만으로 늘 가득한 그런 내일로 가고싶어 서로가 함께 영원히 행복하도록 나 그대 우리 모두 거친 파도의 바다처럼 때론 아픔도 왔었지만 슬픈 바다를 감싸주던 넌 하늘과 같았어 사랑만으로 늘 가득한 밝은 미래로 가고싶어 서로가 함께 영원히 행복하도록 나 그대 우리 모두 모두가 함께 여기서 만들어 가요 나 그대 우리 모두
1995	룰라	천상유애(天上有愛)	Reincarnation Of The Legend	댄스	The Season	이건우	저 끝에서 끝까지 목이 메이도록 말하고 말거야 무척 소중한걸 안다고 거리마다 외칠 거야 무엇도 아닌 날 감싸주고 좋아했기에 이제부터 다른 사람 쳐다도 안 볼 거야 너를 제일 처음 만나는 그 순간에도 난 이미 너를 느껴버렸어 잡을 수 없는 환상 속에 빠진 것처럼 낯이 익은 이상한 기분이 들어 너와 나는 어쩌면은 전생에서 한번쯤은 헤어졌다 다시 만난 건지도 몰라 알 수없는 미래지만 가보고 싶었어 그래서 난 너를 보게 된 거야 된 거야 오래 오래 오래 천년이 지나가도 안 변할 사랑은 이미 시작된거야 지상에서 하늘끝까지 우리 사랑 영원한거야 오래 오래 전에 지상에서 찾을 수 없는 그 님을 만났니 반짝이고 아름다운 사랑 기분 정말 무한대야 긍정 부정 느낌표는 이제 모두 필요 없는 얘기 하늘에서 맺어준 사랑 알 수 없는 미래지만 가보고 싶었어 그래서 난 너를 보게 된 거야된 거야 오래 오래 오래 천년이 지나가도 안 변할 사랑은 이미 시작된거야 지상에서 하늘끝까지 우리 사랑 영원한거야 오래 오래 전에 어리다고 사랑이 오지 않나요 낙엽만 바라봐도 눈물이 나요 내 작은 가슴에 꿈이 많은데 이룰 수 없나요 오늘도 어제처럼 내게 줬던 고마웠던 너의 사랑이 아무에게 나눠주는 그런 사랑 아니기를 그렇다면 사라져 다 필요없어 잊으리 더 큰 아픔 밀려오는 그전에 하지만 아니라면 너를 위해 내 모든 것 하나까지 주리라 세월이 가 후회마저 없어 없어 없어 후 오래 오래 오래 천년이 지나가도 안 변할 사랑은 이미 시작된거야 지상에서 하늘끝까지 우리 사랑 영원한거야 오래 오래 전에 저 끝에서 끝까지 목이 메이도록 말하고 말 거야 무척 소중한 걸 안다고 거리마다 외칠거야 무엇도 아닌 날 감싸주고 좋아했잖아
1997	룰라	연인	The Final 5집	댄스	이상민	이상민	바보 바보 바보야 바보 바보 바보야 바보 바보 바보야 사랑 앞에서 오늘도 넌 튕겨 튕겨 사랑앞에 튕겨 튕겨 친구앞에 튕겨 튕겨 매일매일 튕겨 튕겨 왜 넌 날 자꾸 피하는거야 너에게 변화가 생긴거야 이상해 궁금해 이런 너는 달리 나쁜아이야 나에게도 너를향한 아름다운 마음있어 순수하게 느껴지는 아이같은 그런 너를 사랑하면서 표현 안했던거야 나의 마음은 영원히 널 사랑해 바보같은 마음으로 너를 생각한거야 나를 향한 너의 사랑의 마음을 천사같은 마음으로 너를 사랑할거야 이 세상 마지막까지 널 영원히 오늘도 넌 튕겨 튕겨 사랑앞에 튕겨 튕겨 친구앞에 튕겨 튕겨 매일매일 튕겨 튕겨 왜 넌 날 자꾸 피하는거야 너에게 변화가 생긴거야 이상해 궁금해 이런 너는 달리 나쁜아이야 나는너를 연인처럼 친구처럼 애인처럼 나는너를 순수하게 아름다운 마음으로 바보같은 마음으로 너를 생각한거야 나를 향한 너의 사랑의 마음을 천사같은 마음으로 너를 사랑할거야 이 세상 마지막까지 널 영원히 먼 훗날에 너와 나의 사랑이 변하지 않을거라 난생각해 나는 너를 연인처럼 친구처럼 애인처럼 나는너를 순수하게 아름다운 마음으로
1995	룰라	프로와 아마츄어	날개 잃은 천사	댄스	최준영	룰라	나는 나는 모든걸 할수가 있어 너가 나를 사랑하게 할수도 있고 너를 감동 시킬수도 있으며 모든 사랑을 만들어서 할 수도 있지 내게로 오게하고 사랑 받을 수 있어 나는 어렵다고 생각 안해 난 너와 헤어질 때를 너를 떠나는 법도 모르는게 없어 다알아 우린 우연 섞인 장난속에서 처음 만나 얘길했지 너의 말이 나의 마음을 사로잡을수 있었어 하루하루 지나 너의 모든걸 나는 알수가 있었어 나는 너의 수첩 속에서 칸을 채운 여자란걸 너를 믿고 싶었기에 내 눈물이 더 큰거야 이 세상과 바꿀수 없다고도 생각했어 누구에게 내 마음을 말할까 내 진실을 알아줄까 내가 너무 어리석어서 세상이 날 속인거야 너 땜에 너 땜에 실수한적 많았어도 널 보며 화낸적은 전혀 없었어 그 이유는 그저 널 깊게 우리 사이를 깊게 생각하지 않았어 너는 왜 착각속의 삶을 살아가는지 이렇게 저렇게 헤매이는 너의 방식찾아 너의 방식찾아 It's want man It's want man 너의 곁을 떠나기가 싫어서 내 방식을 바꿀거야 너도나를 사랑한다면 나의 진실을 받아줘 너를 믿고 싶었기에 내 눈물이 더 큰거야 이 세상과 바꿀수 없다고도 생각했어 누구에게 내 마음을 말할까 내 진실을 알아줄까 내가 너무 어리석어서 세상이 날 속인거야 어떻게 하면 내게 오고 이렇게 하면 사랑을 받고 나는 어렵다고 생각하는게 없어 떠나야할 때도 너를 떠나는 법도 모든것을 할수가 있지 아주 쉽게 내가 생각하는 사랑은 즐겁기만 하면돼 복잡하고 어지러운건 싫어 구속받는 생활이 너무 너무 싫어서 결혼 하는것 마저 귀찮아
1997.04.01	룰라	비밀은 없어	Roo`ra Best Album	댄스	박선만	박선만	우우 정말이야 이제 그대에게 비밀은 없어 우우 알고 있지 사랑한단 말은 안해도 처음 본 그날처럼 우린 아무말 없었지만 우우우우우 설레임에 바라보네 정말이야 이제 그대에게 비밀은 없어 오오우 그대 지난 날을 생각해 때론 다투고 전화도 없었지만 작은 사랑과 기쁨에 우린 즐거웠지 정말이야 이제 그대에게 비밀은 없어 그대 그리움에 흔린 눈물 또한 그대에게 밝힐 수 없는 나의 비밀 꿈이라도 그대에게 밝혀봤어 아름다운 추억이라 그댈 기억했어 지금부터 언제까지 그대 하나만을 또 사랑하게 될지 몰라 지금보는 내 마음은 어디부터 어디까지 그대만을 사랑할지 그대만의 비밀이야 우우 우우 정말이야 이제 아무런 비밀은 없어 우우 알고 있지 사랑한단 말은 안해도 토라져 돌아서면 우린 아무말 없었지만 우우우우우 어떻하나 내마음은 정말이야 이제 아무런 비밀은 없어 오오우 그대 지난날을 생각해 함께있다면 어디든 상관없어 커피한잔에 우린 정말 행복했지 우우 이제까지 널 생각해 보니 나를 속인걸 사과하려 하지만 넌 그런 생각은 안해도 돼 왜냐하면 나에겐 너뿐이란걸 이제 깨달아 생각했어 그건 바로 나만에 간직한 비밀이야 오오우 그대 처음 본 그날처럼 그대 내 곁에 있다면 얼마나 행복할까 오오우 그대 처음 본 그날처럼 설레임에 내마음 그대를 생각하네 우우우
1995	룰라	사랑법	Reincarnation Of The Legend	댄스	The Season	룰라	하지만 사랑이 자리잡혀 간다면 진실한 사랑이 필요하기 시작한거야 갖기 위해서 해왔던 연극을 미래의 현실로 바꿔야해 표현이 부족한 사람에게 말하리라 사랑을 모르는 사람에게 말하리라 쉽게쉽게 생각하는 사람에게 말하리라 사랑하는 표현 표출을 반으로 줄이고 만나면 너의 생각뿐 많은 말을 안하고 가끔 해주는 말로 즐겁게하고 사소한 것까지 아껴주며 때론 눈물 보여주면서 조심스런 사랑 그거야 하지만 사랑이 자리잡혀 간다면 진실한 사랑이 필요하기 시작한거야 갖기위해서 해왔던 연극을 미래의 현실로 바꿔야해 오 나의 표현이 너무 부족하다면 오 나의 눈물이 대신해 줄순 없겠니 세상 저편에 보이는 곳에서 내게 말할거야 마음 속 저끝까지 모두가 똑같은 방식으로 사랑이 왔나봐 바라면 오다가도 가버려 쉽게쉽게 오리라 기다리다 가버려 친구들이 모인자리에 널 부르지 않고 아껴둔 사랑은 너야 편하게 만나고 즐기는 친군많지만 그런것들로 질투나게 해서 나의 소중함을 알게끔 해주면서 조심스러운 사랑그거야 하지만 사랑이 자리잡혀 간다면 진실한 사랑이 필요하기 시작한거야 갖기위해서 해왔던 연극을 미래의 현실로 바꿔야해 오 나의 표현이 너무 부족하다면 오 나의 눈물이 대신해 줄순 없겠니 세상 저편에 보이는 곳에서 내게 말할거야 마음속 저끝까지
1999.02	룰라	기도 (Good)	Six n‘ Six	댄스	최준영	이상민	Roo'Ra deeper lover live lover live 라라따리 라리라 라라이야 따르리 따르리 따르리 너만을 가만히 조금씩 사랑이 밀려와 꿈을 깨어보니 그댄 어디 간거야 그대를 위하여 사랑을 위하여 이세상에 아름다운 이별을 위하여 늘 날 바라봐 주길 바라던 날 버린 그대는 liar liar 야 늘 널 영원할꺼라 믿었던 널 위한 내 기도 liar liar liar 야 으아 날 떠난 너 잊으려 하려 해도 할 수 없어 돌아와 지켜 기도 드려 My swever ever finger 다시 내게 내게 곁에 돌아올 수 없다면 이리저리 부딪히고 나고 나서 또 부서지길 망가지길 기도드려 with finger on the finger 나는 기도해 in my qvo 너는 puto 되지 않길 기도해 떠나갔던 시간들을 이제 용서해 내 곁으로 오길 이제 애원해 가득히 가득히 가득히 널 위해 모아둔 나의 큰 사랑을 주었어 다시 태어나도 그댈 찾아갈거야 그대를 위하여 사랑을 위하여 이 세상에 아름다운 이별을 위하여 늘 날 바라봐 주길 바라던 날 버린 그대는 liar liar 야 늘 널 영원할꺼라 믿었던 널 위한 내 기도 liar liar liar 야 I belong to you 그대와의 사랑을 바래 I belong to you 영원한 재회를 위해 Roo'Ra deeper lover live lover live 날 버린 그대는 liar liar 야 Roo'Ra deeper lover live lover live 널 위한 내 기도 liar liar liar 야
2000.06.12	룰라	풍변기곡(風變旗曲)	풍변기곡(風變旗曲)	댄스	홍재선	이상민	위기도 너의 기도 너와 할 수 있었다는 세상에 사랑할 수밖에 없었던 그 때는 영원할 수 없는 세상 떠난다 A still in a love 하늘에 바라며 비에 이별에 그 날이 없기를 사랑도 버릴 나랄거며 슬퍼도 미워하지 말아줘 슬픔과 두려움도 지나면 사랑을 잊을 수 있어 사랑하는 나의 그대여 아나요 우리에겐 바꿀수 없는 슬픈 미래를 같이 할수 없는 사랑을 운명을 피해갈수 없다면 부디부디 행복해요 나만을 그대만을 그리며 기다리며 살아요 사랑의 천년을 이별의 억년을 넘나드는 수 없는 이별의 슬픔을 눈물의 비가 되어 물이 되어 흐르고 수 없는 만남이 기쁜 바람 되어 불어와 하늘이 되어 세상 모든 연인 하늘 바라보며 헤어지고 기다리고 만나는 신비한 세계가 펼쳐져 그대는 이편에 나는 이편에 세상에서 그대를 기다리며 영원한 사랑을 기다리며 사랑해 나를 원할때면 언제나 돌아올게 슬퍼마 영원히 행복하길 빌면서 편하게 떠날 수 있게 사랑하는 나의 그대를 보내며 슬퍼해도 수 많은 연인들의 이별에 하나라고 생각해요 내게서 움직이는 사랑이 그댈 다시 찾으라고 하지만 여기서 나 그대를 기다리며 살래요 사랑하는 나의 그대여 아나요 우리에겐 언젠가 다시 만날 그 날이 올꺼라는 확신을 영혼을 마감하는 날까지 돌아오지 않는대도 사랑을 움직일 수 없기에 그 사랑을 기다리며
2004.04.19	쿨 (COOL)	아로하	Cool Best	발라드	위종수	김태훈	어두운 불빛 아래 촛불 하나 와인 잔에 담긴 약속 하나 항상 너의 곁에서 널 지켜줄꺼야 날 믿어준 너였잖아 나 바라는 건 오직 하나 영원한 행복을 꿈꾸지만 화려하지 않아도 꿈같지 않아도 너만 있어주면 돼 걱정 마 I Believe 언제나 I Believe 이 순간을 잊지 않을께 내 품에 I Believe 안긴 너의 미소가 영원히 빛을 잃어 가지 않게 Cause your love is so sweet You are my everything 첫 날밤의 단 꿈에 젖어 하는 말이 아냐 난 변하지 않아 오직 너만 바라볼꺼야 You're light of my life You're the one in my life 내 모든걸 다 잃는데도 후회하지 않아 오직 너를 위한 변하지 않는 사랑으로 이제 나에게 있어 가장 소중한 건 내가 아닌 당신입니다 말로는 다짐할 수 없지만 당신만을 사랑합니다 때로는 친구처럼 때로는 연인처럼 눈 감는 그 날까지 당신만을 사랑합니다 늘 하나라는 마음으로 흔들리지 않는 믿음으로 아픈 마음도 함께 기쁜 맘도 함께 나눠 가졌으면 해 약속해 I Believe 힘들 때 I Believe 너의 그늘이 되어줄께 내 품에 I Believe 안긴 너의 미소가 영원히 빛을 잃어 가지 않게 Cause your love is so sweet You are my everything 첫날밤의 단 꿈에 젖어 하는 말이 아냐 난 변하지 않아 오직 너만 바라볼 꺼야 You're light of my life You're the one in my life 내 모든 걸 다 잃는데도 후회하지 않아 오직 너를 위한 변하지 않는 사랑으로 You're light of my life You're the one in my life 내 모든걸 다 잃는데도 후회하지 않아 오직 너를 위한 변하지 않는 사랑으로 All I ever want is your love
1995.10.01	쿨 (COOL)	슬퍼지려 하기 전에	The [Ku:l] 2집	댄스	최준영	최준영	나 가끔씩 그대 생각을 할 때마다 나 가끔 그대 생각을 할때마다 늘 가까운 듯 멀게만 느껴지는데 늘 가까운 듯 멀게만 느껴져 이렇게 널 만날 때엔 날 사랑 한다지만 뒤돌아서면 왠지 슬픈 예감만이 너무도 변해버린 모습은 내게 너무도 변해버린 모습은 내게 말할 수 없는 아픔을 전해 주지만 그러는 너 이제 그만 힘들어해 나 그런 너의 맘을 이해할 수 있어 오 나를 바라보는 그대 눈빛 말하지 않아도 우리의 마지막을 난 준비하려 해 오 나의 사랑을 속여가며 웃음지려 한건 뒤돌아 흘릴 눈물 눈물 때문이야 워우어 그대 나에게 주었던 사랑 그보다 더 행복한 건 내겐 없었어 워우워 그래 나 이젠 널 떠나보내 줄게 더이상 슬퍼지려하기 전에 너와 했던 추억들은 이제 모두 모두 멀어지고 마는거야 오직 나만 사랑한단 그 말들은 이제 거짓이란 걸 난 알아 돌이킬 순 없는거니 너와 했던 많은 시간들이 슬퍼져 나 이렇게 태연하게 웃어 보이지만 One Two Three Go 오 나를 바라보는 그대 눈빛 말하지 않아도 우리의 마지막을 난 준비하려 해 오 나의 사랑을 속여가며 웃음지려 한건 뒤돌아 흘릴 눈물 눈물 때문이야 워우어 그대 나에게 주었던 사랑 그보다 더 행복한 건 내겐 없었어 워우워 그래 나 이젠 널 떠나보내 줄게 더이상 슬퍼지려하기 전에
1997.07.01	쿨 (COOL)	해변의 여인	Summer Story	댄스	윤일상	이승호	와우 여름이다 summertime i wanna let me sea the summertime 이게뭐야 이여름에 방안에만 쳐박혀있어 안되겠어 우리 그냥 이쯤에서 헤어져버려 내품에서 흘린 눈물 너 만큼 나 힘이 들었어 잃어버린 너의 미소 찾을수 없을까 안녕하고 돌아서는 그건 아니잖아 사랑을 위한 여행을 하자 바닷가로 빨리 떠나자 야 야 야 야 바다로 그동안의 아픔들 그속에 모두 버리게 이게 아니야 우린 사랑했잖아 이젠 다신 눈물없는 사랑으로 만들어봐 우 와뚜와리와리 사랑하는 연인들이 바닷가를 걷고 난 쓸쓸히 바닷가를 혼자 걸어 갈때 앗 나처럼 혼자걷는 여잘보게 됐고 난 그뒤를 하염없이 쫓아가게 됐어 어디갔어 이밤중에 도대체가 이해가 안돼 여기까지 여행와서 나만 혼자 내버려두니 해변에서 만난여인 많은 얘길 들려주었지 잃어버린 사랑으로 여기에 왔다고 돌아가면 나 역시도 혼자 될꺼라고 새벽이 오는 바다에 앉아 얘길 했지 해변의 여인 야야야야 그녀와 떠오르는 태양을 우리는 함께 본거야 기다리지마 이제서야 만났어 이제다시 이별없는 사랑으로 만들거야 우 와뚜와리와리 해변의 여인 너와 함께 다시 돌아가는 길에 보았지 예전의 그녀 멋진 자동차에 어떤 남자와 함께 있는걸
1999.01	쿨 (COOL)	애상	Cool 4.5	댄스	윤일상	이승호	알잖아 너를 이토록 사랑하며 기다린 나를 뭐가 그리 바쁜지 너무 보기 힘들어 넌 도대체 뭐하고 다니니 그게 아냐 이유는 묻지마 그냥 믿고 기다려 주겠니 내게도 사랑을 위한 시간이 필요해 널 받아들일수 있게 일부러 피하는거니 삐삐쳐도 아무 소식없는 너 싫으면 그냥 싫다고 솔직하게 말해봐 말리지마 내 이런 사랑을 너만 보면 미칠것 같은 이맘을 누가 알겠어 웨딩드레스 입은 네 곁에 다른 사람이 난 두려워 나보다 더 멋진 그런 남자 네가 만날까봐 아니야 그렇지 않아 정말 너 하나뿐야 속는셈 치고 한번 믿어봐 내눈에는 너무 이쁜 그녀를 자랑스레 친구에게 보여줬지 친구 내게 미안하다며 그녀 얘길 싸그리 다했지 그녀 많은 남자중에 친구만도 여러명이야 말도안돼 믿을 수없어 혹시 쌍둥이 우연히 너를 보았지 다른 남자 품안에 너를 한번도 볼수 없었던 너무 행복한 미소 내 사랑은 무너져 버렸어 그게 아냐 변명이 아니라 그 남자는 나완 상관없어 잠시 나 어지러워서 기댄것 뿐이야 날 오해하진 말아줘 나역시 많은 여자들 만났다가 헤어져도 봤지만 한꺼번에 많은 여자를 만난적은 없었어 네가 뭔데 날 아프게 하니 너 때문에 상처 돼버린 내 사랑 이제 다시는 너의 헛된 만남도 나 같은 사람 없을껄 난 두려워 나 역시 다시는 이런 사랑 할 수 없을까봐 사랑까지는 바라지도않을게 네 곁에 항상 있게만 해줘
1996.11.01	쿨 (COOL)	운명	Destined For The Best	댄스	윤일상	이승호	어느날 우연히 그사람 본 순간 다리에 힘이 풀려 주저 앉고 말았지 그토록 애가 타게 찾아헤맨 내 이상형 원 투 쓰리 포 왜 하필 이제야 내 앞에 나타나게 된거야 어 그토록 애타게 찾아 헤맬때는 없더니 어디서 무얼했어 혼자가 힘들어 곁에 있던 여자 친구가 이제는 사랑이 돼버렸잖아 운명같은 여잘 만나서 이젠나를 떠나 가라고 그녀에게 말해 버리면 보나마나 망가 질텐데 그렇다고 그애 때문에 그녈다시 볼 수 없게 돼버리면 나도 역시 망가질껀 뻔한데 이야이야 이야이야 정말 답답해 짜증이나 어떡해야 해 둘다 내 곁에 있을 수는 없는 거 잖아 정말 화가나 그 누구도 버릴 순 없어 차라리 이럴땐 남자가 되고 싶어 나도 아 햄릿 처럼 지금 죽는 거냐 사는거냐 그것이 문제라면 차라리 나을지몰라 이얼싼스 세상에 누구도 나보다 바쁜사람 없을껄 동시에 두여자 만난다는 것이 이렇게 힘든줄 몰랐었어 어쨌든 그때는 여자 복이 터진 것처럼 행복한 나날을 보냈던거야 한번 봤던 영화 또 보고 했던 얘기 다시 또하고 저녁 식사 두번 했더니 왜그렇게 헷갈리던 지 같은 편지 적어 보냈지 며칠 후에 날벼락이 떨어졌어 겉과 속에 이름 틀렸었나봐 이야이야 이야이야 정말 답답해 짜증이나 어떡해야해 둘다 똑같이 사랑할 순 없는 거 잖아 정말 이러다 둘다 모두 놓칠것 같아 차라리 이럴땐 남자가 되고 싶어
2005.07.15	쿨 (COOL)	이여름 Summer	Forever	댄스	윤일상	이승호	너무나 소중했던 사랑이 뜨거운 태양아래서 까맣게 나를 태우고 떠나가 버렸어   마지막 사랑이길 바랬어 하지만 험한 이 세상 그렇게 약해 빠진 널 어떻게 믿고 살겠어
2001.12.06	쿨 (COOL)	아로하	First Whisper	발라드	위종수	김태훈	어두운 불빛 아래 촛불 하나 와인 잔에 담긴 약속 하나 항상 너의 곁에서 널 지켜줄꺼야 날 믿어준 너였잖아 나 바라는 건 오직 하나 영원한 행복을 꿈꾸지만 화려하지 않아도 꿈같지 않아도 너만 있어주면 돼 걱정 마 I Believe 언제나 I Believe 이 순간을 잊지 않을께 내 품에 I Believe 안긴 너의 미소가 영원히 빛을 잃어 가지 않게 Cause your love is so sweet You are my everything 첫 날밤의 단 꿈에 젖어 하는 말이 아냐 난 변하지 않아 오직 너만 바라볼꺼야 You're light of my life You're the one in my life 내 모든걸 다 잃는데도 후회하지 않아 오직 너를 위한 변하지 않는 사랑으로 이제 나에게 있어 가장 소중한 건 내가 아닌 당신입니다 말로는 다짐할 수 없지만 당신만을 사랑합니다 때로는 친구처럼 때로는 연인처럼 눈 감는 그 날까지 당신만을 사랑합니다 늘 하나라는 마음으로 흔들리지 않는 믿음으로 아픈 마음도 함께 기쁜 맘도 함께 나눠 가졌으면 해 약속해 I Believe 힘들 때 I Believe 너의 그늘이 되어줄께 내 품에 I Believe 안긴 너의 미소가 영원히 빛을 잃어 가지 않게 Cause your love is so sweet You are my everything 첫날밤의 단 꿈에 젖어 하는 말이 아냐 난 변하지 않아 오직 너만 바라볼 꺼야 You're light of my life You're the one in my life 내 모든 걸 다 잃는데도 후회하지 않아 오직 너를 위한 변하지 않는 사랑으로 You're light of my life You're the one in my life 내 모든걸 다 잃는데도 후회하지 않아 오직 너를 위한 변하지 않는 사랑으로 All I ever want is your love
2004.04.19	쿨 (COOL)	애상	Cool Best	댄스	윤일상	이승호	알잖아 너를 이토록 사랑하며 기다린 나를 뭐가 그리 바쁜지 너무 보기 힘들어 넌 도대체 뭐하고 다니니 그게 아냐 이유는 묻지마 그냥 믿고 기다려 주겠니 내게도 사랑을 위한 시간이 필요해 널 받아들일수 있게 일부러 피하는거니 삐삐쳐도 아무 소식없는 너 싫으면 그냥 싫다고 솔직하게 말해봐 말리지마 내 이런 사랑을 너만 보면 미칠것 같은 이맘을 누가 알겠어 웨딩드레스 입은 네 곁에 다른 사람이 난 두려워 나보다 더 멋진 그런 남자 네가 만날까봐 아니야 그렇지 않아 정말 너 하나뿐야 속는셈 치고 한번 믿어봐 내눈에는 너무 이쁜 그녀를 자랑스레 친구에게 보여줬지 친구 내게 미안하다며 그녀 얘길 싸그리 다했지 그녀 많은 남자중에 친구만도 여러명이야 말도안돼 믿을 수없어 혹시 쌍둥이 우연히 너를 보았지 다른 남자 품안에 너를 한번도 볼수 없었던 너무 행복한 미소 내 사랑은 무너져 버렸어 그게 아냐 변명이 아니라 그 남자는 나완 상관없어 잠시 나 어지러워서 기댄것 뿐이야 날 오해하진 말아줘 나역시 많은 여자들 만났다가 헤어져도 봤지만 한꺼번에 많은 여자를 만난적은 없었어 네가 뭔데 날 아프게 하니 너 때문에 상처 돼버린 내 사랑 이제 다시는 너의 헛된 만남도 나 같은 사람 없을껄 난 두려워 나 역시 다시는 이런 사랑 할 수 없을까봐 믿을수 없겠지만은 네가 첫사랑인데 떠나버리면 어떡하라구 사랑까지는 바라지도않을게 네 곁에 항상 있게만 해줘 제발 제발
2000.04.22	쿨 (COOL)	All For You	Cool 5	발라드	김한범	정진환	All For You 벌써 며칠째 전화도 없는 너 얼마후면 나의 생일이란 걸 아는지 눈치도 없이 시간은 자꾸만 흘러가고 난 미움보다 걱정스런 마음에 무작정 찾아간 너의 골목 어귀에서 생각지 못한 웃으며 반기는 너를 봤어 사실은 말야 난 많이 고민했어 네게 아무것도 해줄 수 없는 걸 아직 많이 모자라도 가진 것 없어도 이런 나라도 받아줄래 너를 위해서 너만을 위해서 난 세상 모든 걸 다 안겨주지 못하지만 난 너에게만 이제 약속할께 오직 너를 위한 내가 될께 It`s only for you Just wanna be for you 넌 그렇게 지금 모습 그대로 내 곁에 있으면 돼 난 다시 태어나도 영원히 너만 바라볼께  영원히 너와 함께 할 미래 내 곁에 있어준 너를 위해 너만를 위해 넌 모르지만 조금은 힘들었어 네게 어울리는 사람이 나인지 그게 내가 아니라도 다른 누구라도 이젠 그런 마음 버릴래 너를 위해서 너만을 위해서 난 세상 모든 걸 다 안겨주지 못하지만 난 너에게만 이제 약속할께 오직 너를 위한 내가 될께 It`s only for you Just wanna be for you 넌 그렇게 지금 모습 그대로 내 곁에 있으면 돼 난 다시 태어나도 영원히 너만 바라볼께 Love 내 작은 맘 속을 Oh love 니 향기로 채울래 그 속에 영원히 갇혀버린대도 난 행복할 수 있도록 너를 위해서 너만을 위해서 난 세상 모든 걸 다 안겨주지 못하지만 난 너에게만 이제 약속할께 오직 너를 위한 내가 될께 It`s only for you 영원히 행복할 수만 없겠지 언젠가 아파할 날도 있겠지 하지만 지금처럼만 바로 지금처럼만 서로 사랑하면 아무런 문제없지 어! It`s all for you 어! 어! Just all for you
2003.07	쿨 (COOL)	One Summer Drive	Cool 8ight	발라드	박해운	한경혜	네가 떠난 뒤에 닫았던 내방 창을 오늘 열었지 어질러진 슬픔 치워 내 보내 려 두 눈 가득 베는 여름 빛 무작정 나는 차를 몰아 바람속에 섞인 너의 향길 지워 떠나가 어디든 지도엔 없는 길을 따라 흙바람 불어 두 눈을 가려도 yeah 차 바퀸 계속 덜컹거리고 난 그때마다 흔들리게 돼 다시 땀은 비오듯 추억되어 흐르지 Oh 땅끝 마을 찾아가는거야 이 긴 해가 지치도록 그곳에서 시작하는거야 날 위해 너 없는 삶도 아름답다는걸 Oh 난 별것 아닌 이별 너무 오래 슬퍼했었다고 나 처음으로 돌아가 나를 사랑할거야 하늘빛 차양 걸린 집 보이면 꿈 같은 추억에 또 앉게 되면 창가엔 강바람이 잔뜩 쌓여 추억의 강바람만 가득한데 새빨간 거짓말처럼 사라진 널 믿지 못해 너 떠나 살 수 없는 나였기에 새빨간 저 노을 빛처럼 눈은 매일 붉어졌었지 끝난 추억에 나를 가둬야 했어 Oh 세상 끝에 서면 노래할래 다시 시 작할거라고 해를 밀어 올린 바다 깊이 널 묻고 이젠 나 혼자로도 삶은 아름답지 oh 나 콧노래가 나 와 처음으로 다시 오는 길엔 해 길은 여름 노을만 붉게 피어 오를뿐 땅끝 마을 찾아가는거야 이 긴 해가 지치도록 처음부터 시작하는거야 날 위해 너 없는 삶도 아름답다는 걸 Oh 난 별것아닌 이별 너무 오래 슬퍼했었다고 나 처음으로 돌아가 나를 사랑할거야 내 모든 것 다 잊고 나를 사랑할거야
1996.08.01	터보	Love Is... (3+3=0)	터보(Turbo) 2집 `New Sensation`	댄스	윤일상	이승호	우린 6년 전에 만났지 널 사랑하게 됐어 내 마음을 숨긴 채 널 따라 다녔었지 내 친구는 나를 위해 애썼고 마침내 내 사랑을 3년만에 고백하게 됐어 처음 만났을때 첫눈에 반한다는 그 말을 그때야 알게 되었어 눈이 부시도록 아름다워 너의 눈빛조차 쳐다볼 수 없었지 너를 만나면 아무 말 못하고서 애매한 담배만 피워댔고 너와 헤어지고 나서야 못 다한 말들을 후회 했어 세월 흘러가서 3년 되던 날 나 얼마나 너를 사랑 하는지 그때서야 힘겨운 고백을 했어 아무 대답 없이 앉아만 있던 너 무슨 얘기라도 해주길 바랬어 한참 지난 후에 어렵게 꺼낸 말 너도 나를 좋아한다는 그 말 나를 친구로써 좋아는 하지만 사랑 느낀적은 없다고 영원히 좋은 친구로만 남아 사랑은 하지 말자고 그 말 듣자 마자 군대를 가 버렸던 거야 친구에게 널 맡기고 내 자릴 비웠지 둘은 면회 왔었고 믿었지 그러나 내 친구와 약혼했고 나만 이제 혼자야 다행일지 몰라 이런 일들이 널 맡겨논 가장 친한 친구가 네게 생긴 새로운 사랑 이란게 혹시 다른 남자 사랑을 했다면 다신 너를 볼 수가 없을 테니까 가장 친한 친구 애인이 됐으니 니가 행복한 걸 볼 수 있잖아 친군 내 앞에서 미안해 하지만 나는 아무렇지 않은 걸 어차피 너의 곁에 남은 채로 너만을 사랑 할테니
1996.08.01	터보	Twist King	터보(Turbo) 2집 `New Sensation`	댄스	주영훈	이승호	Let's twist Come on a people on your big Come on a people in the air You know you gotta be your ware You gotta mope You gotta group U no Dost Crass Quai Quai 바바바 Everybody Dance 춤을 춰봐 모든걸 잊고 세상속에 답답했던 일 벗어버려 소리 높여봐 고함을 질러버려 Everybody Dance 세상살이 걱정하지마 음악속에 몸을 맡긴채 트위스트킹 예 가슴이 답답하면 우리처럼 춤을 춰봐 신나게 추는거야 비벼대고 흔들어 대고 마루바닥 비닐장판 운동화든 맨발이든 상관말고 추는거야 리듬속에 몸을 실어 시원하게 바람을 맞았다면 나와 함께 춤을 춰 되는 일이 없다고 투덜 투덜 대지말고 춤을 춰 매일 지친 하루의 두려움 나를 힘겹게 할때면 사랑하는 연인들의 입맞춤보다 더 짜릿한 춤을 춰봐 바바바 Everybody Dance 춤을 춰봐 모든걸 잊고 세상속에 답답했던 일 벗어버려 소리 높여봐 고함을 질러버려 Everybody Dance 세상살이 걱정하지마 음악속에 몸을 맡긴채 트위스트킹 예 Come on a people on your big Come on a people in the air You know you gotta be your ware you gotta mope You gotta group U no Dost Crass Quai Quai 세상이 이 리저리 꼬였다고 열받지마 사랑이 떠났다고 슬퍼하고 노여워마 나처럼 히프 허리 머리 모두 흔들어대고 다같이 좌로 우로 리듬속에 몸을 실어 길을 걷다 음악이 들려오면 무조건 춤을 춰 상관치마 난 이제 누가 뭐라해도 춤을 출거야 매일 지친 하루의 두려움 나를 힘겹게 할때면 사랑하는 연인들의 입맞춤보다 더 짜릿한 춤을 춰봐 바바바 Everybody Dance 춤을 춰봐 모든걸 잊고 세상속에 답답했던 일 벗어버려 소리 높여봐 고함을 질러버려 Everybody Dance 세상살이 걱정하지마 음악 속에 몸을 맡긴채 트위스트킹 Everybody 지금은 음악이 너무 작은 것 같아 볼륨을 찢어지게 높여줘 더덕 더덕 붙어있는 세상의 찌꺼기를 털어내고파 아름다운 세상 사랑 하고 싶어 나처럼 손뼉치며 춤을 춰봐 또 다른 환상이 보여 가슴까지 시원한 춤추는거야 춤추는 우린 모두 다 Twist King 예
1995.07.01	터보	나 어릴 적 꿈	터보 (Turbo) 1집 `280km Speed`	댄스	주영훈	이승호	워 워워워 워워워 워우워 워워워 워워워  너를 나만에 여자로 만들겠다는 꿈이 생긴거야 어떤 어려움이 있더라도 이룰꺼야  늘 내가 키워왔던 소중했던 내 꿈은 우리 아빠 좋아하던 대통령 음 그 꿈이 나와 같은 친구 있었지만 난 좋아 꿈이 대통령 이었다는게 나에 꿈을 위해 공부 많이 많이 했지 대통령 사진까지 걸어놨지 그런 내가 너를 처음 본 순간 내 꿈은 확 바뀌었어 처음 너를 보는 순간 나는 알게 됐지 내가 찾던 꿈이라는 걸 처음 널 본 그 느낌이 나에 모든 것을 바꾸기에 충분했었지 이젠 나에게 주어진 새로운 꿈만 간직하고 싶어 너를 위해서만 몰두하며 살아가고 싶어 너를 나만에 여자로 만들겠다는 꿈이 생긴거야 어떤 어려움이 있더라도 이룰거야 이룰거야 워 워워워 워워워 워우워 워워워 워워워 워우워 워워워 워워워 워우워 워워워  정말 이제 나는 포기했어 내가 대통령이 되려했던 그 꿈을 온 국민을 책임지는 것보단 한 여자를 책임지는 남자이고 싶어 그래 이런 나를 싱겁다고 생각하지마 이여자는 그 만큼에 가치가 있어 여잔 대단하긴 대단한가봐 확 꿈이 바뀌었으니까 처음 너를 보는 순간 나는 알게 됐지 내가 찾던 꿈이라는 걸 처음 널 본 그 느낌이 나의 모든 것을 바꾸기에 충분했었지 이젠 나에게 주어진 새로운 꿈만 간직하고 싶어 너를 위해서만 몰두하며 살아가고 싶어 너를 나만의 여자로 만들겠다는 꿈이 생긴거야 어떤 어려움이 있더라도 이룰거야 이룰거야 워 워워워 워워워 워우워 워워워 워워워 워우워 워워워 워워워 워우워 워워워
2001.06.20	터보	회상	터보 History	발라드	윤일상	이승호	겨울 오면은 우리 둘이서 항상 왔었던 바닷가 시린 바람과 하얀 파도는 예전 그대로였지만 나의 곁에서 재잘거리던 너의 해맑던 그모습 이젠 찾을 수 없게 되었어 아무도 없는 겨울의 바닷가 너무나 슬퍼보인다고 우리가 바다곁에서 친구가 되자고 내등에 숨어 바람을 피할 때 네 작은 기도를 들었지 언제나 너의 곁에 우리 항상 함께 해 달라고 거친 파도가 나에게 물었지 왜 혼자만 온거냐고 넌 어딜갔냐고 보이지 않니 나의 뒤에 숨어서 바람을 피해 잠을 자고 있잖아 따뜻한 햇살 내려오면 깰꺼야 조금만 기다려 다시는 너를 볼 수 없을 거라는 얘기를 차마 할 순 없었어 하지만 나도 몰래 흘린 눈물 들킨거야 그녈 절대로 찾을 수 없다고 나를 스쳐갔던 바람이 말했나봐 어딜가도 그녀 모습 볼 수가 없다고 내게 말했나봐 어딜 갔냐고 말을 하라고 자꾸만 재촉하던 바다가 결국엔 나처럼 눈물이 되고야 말았어 하얗게 내린 바다의 눈물로 니모습 만들어 그곁에서 누워 니 이름을 불러 봤어 혹시 너 올까봐 녹아버릴까 걱정이 됐나봐 햇살을 가린 구름 떠나지 안잖아 너없는 바다 눈물로만 살겠지 거칠은 파도 나를 원망하면서 너없이 혼자 찾아오지 말라고 널 데려오라고 니모습 볼 수 없다 해도 난 알아 내 볼에 닿은 하얀 함박눈 촉촉한 너의 입맞춤과 눈물이라는걸 그녈 절대로 찾을 수 없다고 나를 스쳐갔던 바람이 말했나봐 어딜가도 그녀 모습 볼 수가 없다고 내게 말했나봐 어딜갔냐고 말을 하라고 자꾸만 재촉하던 바다가 결국엔 나처럼 눈물이 되고야 말았어 니모습 볼 수 없다 해도 난 알아 내볼에 닿은 하얀 함박눈 촉촉한 너의 입맞춤과 눈물이라는걸
2005.12.05	터보	White Love (스키장에서)	하얀 겨울 2005	발라드	NULL	NULL	하늘을 봐 하얗게 눈이 내려와 하얀 함박눈이 나비가 날아다니듯 하얀 눈꽃송이 세상이 온통 하얗게 옷을 갈아입고 있어 널 처음으로 함박눈이 내리던 하얀 스키장에서 우연하게 만났어 그래서 너와 난 눈이오는 이 겨울이 너무나도 특별해서 오 그대보다 눈처럼 맑은 너의 눈과 깨끗한 네 맘이 좋아 이런 내 맘을 모르는 너에게 이런 내 사랑을 말할거야 말을 해야지 항상 변함없을 우리 사랑을 만들거야 Oh my love 하얀 눈꽃처럼 아름답게 꼬마 눈사람 만들어서 우리 이름을 써놓고 혹시 녹아서 없어진대도 널 사랑 할꺼라고 하늘을 봐 하얗게 눈이 내려와 하얀 함박눈이 나비가 날아다니듯 하얀 눈꽃송이 세상이 온통 하얗게 옷을 갈아입고 있어 아름다워 오늘은 말을 해야지 하얀 눈을 보며 눈처럼 깨끗한 사랑 영원할거라고 눈처럼 순수한 사랑 White love oh forever 넌 스킬 너무 너무 잘타 just my best to only be with ya 넘어지고 뒹구는 내 모습이 싫어 Except for skiing I'd do anything for ya 더운 여름 오면 뭐든 자신 있어 UH What's up Gonna show you What's up 한가지만 빼고 수상스킨 더욱 싫어 It be hard to be your lover your lover and no other 꼬마 눈사람 만들어서 우리 이름을 써놓고 혹시 녹아서 없어진대도 널 사랑 할꺼라고 하늘을 봐 하얗게 눈이 내려와 하얀 함박눈이 나비가 날아다니듯 하얀 눈꽃송이 세상이 온통 하얗게 옷을 갈아입고 있어 아름다워 오늘은 말을 해야지 하얀 눈을 보며 눈처럼 깨끗한 사랑 영원할거라고 눈처럼 순수한 사랑 White love oh forever 기억해야해 White love oh forever
1995.07.01	터보	검은 고양이 네로	터보 (Turbo) 1집 `280km Speed`	댄스	외국 곡	홍현걸	아찌야 너랑 나랑 결혼할래 응 네살박이 그 꼬마가 내게 청혼했어 정말로 나는 너무너무 우스워서 넌 어려서 안돼 했더니만 글쎄 서럽게도 내팔에 매달려서 엉엉 우는거야 허허 그래서 나는 싹싹빌며 달랬었지 손가락에 엄지로 도장 찍으며 그대는 귀여운 나의 검은 고양이 새빨간 리본이 멋지게 어울려 그러나 어쩌다 토라져 버리면 얄밉게 할퀴어서 마음 상해요 검은 고양이 네로 네로 네로 귀여운 나의 친구는 검은 고양이 검은 고양이 네로 네로 네로 이랬다 저랬다 장난 꾸러기 랄랄랄랄랄랄랄라 담배를 피면 빨리죽지 응 하면서 화내는 산소같은 꼬마 아찌는 내가 하기 나름이야 하면서 애교떠는 여우같은 꼬마 내일부턴 글쎄 유치원에 갔다 매일 휴 놀러오겠다며 나의 신부 흉내내는 꼬마 너무 귀여워서 땁다라 답따 안아 주고파 멋쟁이 그대가 사뿐히 걸어가면 무서운 고양이 뒤따라와요 달콤한 꼬임에 속아서 간다면 후회를 한다해도 나는 몰라요 검은 고양이 네로 네로 네로 귀여운 나의 친구는 검은 고양이 검은 고양이 네로 네로 네로 이랬다 저랬다 장난 꾸러기 검은 고양이 네로 네로 네로 귀여운 나의 친구는 검은 고양이 검은 고양이 네로 네로 네로 이랬다 저랬다 장난꾸러기 랄랄랄랄랄랄랄라 랄랄랄랄 랄랄랄랄 랄랄랄라라라
1996.08.01	터보	어느 째즈바...	터보(Turbo) 2집 `New Sensation`	발라드	안정훈	한진우	지난 시간들이 다시는 오지 않을 것을 알지만 아직도 너의 기억 그대로 인데 아픈 상처들을 안고서 살아갈순 있지만 지우긴 너무나 힘들어 나는 오늘밤 니 생각에 술 마시고 이 비가 오는 길거릴 나 홀로 방황하고 있다 재작년 이 맘때쯤 너와 함께 언제나 즐거웠던 어느 째즈바에 갔다 너무나 슬픈 음악 선율과 담배 연기 희뿌연 구석 자리로가 앉아 너를 생각한다 이 어둔 조명아래 마치 마치 니가 웃고 앉아있을 듯한 착각을 느낀다 이제 슬퍼하진 않을거야 내 맘 속엔 없으니 시간이 모든것을 해결하겠지 너를 알기 전 나는 항상 혼자였으니 같은 하늘 아래 살면서 서로 외면해야만 하는 우리가 너무 나도 고통스러워 이미 남의 사랑 돼버린 현실속을 나 홀로 쓸쓸히 살아가야해 너와 헤어져 지낸지도 언1년 너 항상 행복하길 축복하며 빌어주고 있다 수많은 어둔밤을 잠 못 이루면서 나 오직 너의 대한 생각 뿐이다 너 또한 나에 대한 지난 아픈 깊은 추억들 마음 깊이 그리워할지 무척 궁금하다 나 이젠 우연인지 필연인지 가끔 널 보더라도 웃어줄 수 있는데 이제 슬퍼하진 않을거야 내 맘속엔 없으니 시간이 모든것을 해결하겠지 너를 알기 전 나는 항상 혼자였으니 같은 하늘 아래 살면서 서로 외면해야만 하는 우리가 너무 나도 고통스러워 이미 남의 사랑 돼버린 현실속을 나 홀로 쓸쓸히 살아가야해 지난 시간들이 다시는 오지 않을 것을 알지만 아직도 너의 기억 그대로 인데 아픈 상처들을 안고서 살아갈순 있지만 지우긴 너무나 힘들어 같은 하늘 아래 살면서 서로 외면해야만 하는
2001.06.20	터보	어느 째즈바	터보 History	발라드	안정훈	한진우	지난 시간들이 다시는 오지 않을 것을 알지만 아직도 너의 기억 그대로 인데 아픈 상처들을 안고서 살아갈순 있지만 지우긴 너무나 힘들어 달라진건 없어 아직 그대론걸 너를 잊는다는것 자체가 힘겨운걸 이제는 조금씩 모든게 내게 익숙한걸 젖어있는 두눈 너에대한 미련인걸 너무나 슬픈음악 선율과 담배연기 어느때와 같이 난 너를 생각하지 마치 같이 우리 함께 있는듯한 행복의 그 시간 그림처럼 그려본다 이제 슬퍼하진 않을꺼야 내 맘속에 없으니 시간이 모든것을 해결하겠지 너를 알기전 나는 항상 혼자였으니 같은 하늘아래 살면서 서로 외면해야만하는 우리가 너무나도 고통스러워 이미 남의 사람되버린 현실속을 나홀로 쓸쓸히 살아가야해  나에대한 지난 아픈 또 깊은 추억만큼 깊이 깊이 깊이 너 그리워할지 왜 그리도 궁금하지 모든게 우연인지 널 만난데도 웃어줄수 있는데 이제 슬퍼하진 않을꺼야 내 맘속에 없으니 시간이 모든것을 해결하겠지 너를 알기전 나는 항상 혼자였으니 같은 하늘아래 살면서 서로 외면해야만하는 우리가 너무나도 고통스러워 이미 남의 사랑되버린 현실속을 나홀로 쓸쓸히 살아가야해 지난 시간들이 다시는 오지 않을 것을 알지만 아직도 너의 기억 그대로 인데 아픈 상처들을 안고서 살아갈순 있지만 지우긴 너무나 힘들어
1997	터보	회상 (December)	터보 (Turbo) 3집 `Born Again`	발라드	윤일상	이승호	겨울 오면은 우리 둘이서 항상 왔었던 바닷가 시린 바람과 하얀 파도는 예전 그대로였지만 나의 곁에서 재잘거리던 너의 해맑던 그 모습 이젠 찾을 수 없게 되었어 아무도 없는 겨울의 바닷가 너무나 슬퍼 보인다고 우리가 바다 곁에서 친구가 되자고 내 등에 숨어 바람을 피할 때 네 작은 기도를 들었지 언제나 너의 곁에 우리 항상 함께 해달라고 거친 파도가 나에게 물었지 왜 혼자만 온거냐고 넌 어딜갔냐고 보이지 않니 나의 뒤에 숨어서 바람을 피해 잠을 자고 있잖아 따뜻한 햇살 내려오면 깰거야 조금만 기다려 다시는 너를 볼수 없을거라는 얘기를 차마 할순 없었어 하지만 나도 몰래 흘린 눈물 들킨거야 그녈 절대로 찾을 수 없다고 나를 스쳐갔던 바람이 말했나봐 어딜가도 그녀 모습 볼수가 없다고 내게 말했나봐 어디가냐고 말을 하라고 자꾸만 재촉하던 바닷가 결국엔 나처럼 눈물이 되고야 말았어 하얗게 내린 바다의 눈물로 니 모습 만들어 그 곁에서 누워 니 이름을 불러 봤어 혹시 너 볼까봐 녹아 버릴까 걱정이 됐나봐 햇살을 가린 구름 떠나지 않잖아 너 없는 바다 눈물로만 살겠지 거칠은 파도 나를 원망하면서 너없이 혼자 찾아오지 말라고 널 데려오라고 니 모습 볼 수 없다해도 난 알아 내 볼에 닿은 하얀 함박눈 촉촉한 너의 입맞춤과 눈물이라는 걸 그녈 절대로 찾을 수 없다고 나를 스쳐갔던 바람이 말했나봐 어딜가도 그녀 모습 볼수가 없다고 내게 말했나봐 어디가냐고 말을 하라고 자꾸만 재촉하던 바닷가 결국엔 나처럼 눈물이 되고야 말았어 니 모습 볼 수 없다해도 난 알아 내 볼에 닿은 하얀 함박눈 촉촉한 너의 입맞춤과 눈물이라는 걸
1997	터보	Good Bye Yesterday	터보 (Turbo) 3집 `Born Again`	댄스	주영훈	이승호	나나나 나 나나나나나나 나나나 나 나나나나나나 나나나 나 나나나나나나 나 나 나나 나 나나나나나 항상 사랑이라 생각하지도 않았고 나도 모르게 생긴 기다림이었어 니가 잠시 다녀갔던 그 자리가 이젠 너무 허전한 느낌 뿐이었던 거야 아마 너무 많은 사랑을 해봐서 섣불리 널 잡기 싫었나봐 너의 나는 모습을 바라보다가 널 아주 멀리 날아 보낸 것 같아 그랬나봐 너를 사랑했나봐 이제와 혼자 남을줄은 정말로 난 몰랐었어 사랑인걸 너는 너무나 작고 예뻤지 항상 자유롭게 날아다니길 원했었지 가끔 나를 찾아왔다 다시 떠나가는 너를 아쉬움속에 기다렸지 니가 졸업을 하던 겨울날 너에 기다림이 너무 길어져 찾아갔지 너의 안부 묻는 내게 너는 얘기했지 어떤 남자와 결혼을 한다고 그랬나봐 너를 사랑했나봐 처음이야 이런 비참한 기분 이제와 혼자 남을줄은 정말로 난 몰랐었어 사랑인걸 언제까지나 어린 니 모습 항상 변치 않고 그대로이길 바랬나봐 가끔 지쳐 내게 와선 괜히 보채다가 기대어 잠든 널 기다렸나봐 그랬나봐 너를 사랑했나봐 처음이야 이런 비참한 기분 이제와 혼자 남을줄은 정말로 난 몰랐었어 사랑인걸 나나나 나 나나나나나나 나나나 나 나나나나나나 나나나 나 나나나나나나 나 나 나나 나 나나나나나
1995.03	R.ef	이별 공식	Rave Effect	댄스	홍재선	윤성희	이별 장면에선 항상 비가 오지 열대 우림 기후 속에 살고 있나 긴밤 외로움과 가을 또 추억은 왜 늘 붙어다녀 무슨 공식이야 떠난 그 사람을 계속 그리면서 눈물 흐르지만 행복 빌어준대 그런 천사표가 요즘 어디있어 설마 옛날에도 말만 그랬겠지 나는 잘 이해가 안돼 그 방법조차 불만이라고 생각해 사랑을 하고 또 멀어지는 그런 느낌까지 틀에 박혀있는거야 서로 모두 공감할 수 있는 얘기를 할 필요는 없는거라 생각을해 저마다 감정은 다 다른거니까 각자 나름대로 사는거야 햇빛 눈이 부신 날에 이별 해봤니 비오는 날 보다 더 심해 작은 표정까지 숨길 수가 없잖아 흔한 이별 노래들론 표현이 안돼 너를 잃어버린 내 느낌은 그런데 들으면 왜 눈물이 날까 나는 잘 이해가 안돼 그런 방법조차 불만이라고 생각해 사랑을 하고 또 멀어지는 그런 느낌까지 틀에 박혀있는거야 서로 모두 공감할 수 있는 얘기를 할 필요는 없는거라 생각을해 저마다 감정은 다 다른거니까 각자 나름대로 사는거야 햇빛 눈이 부신 날에 이별 해봤니 비오는 날 보다 더 심해 작은 표정까지 숨길 수가 없잖아 흔한 이별 노래들론 표현이 안돼 너를 잃어버린 내 느낌은 그런데 들으면 왜 눈물이 날까 햇빛 눈이 부신 날에 이별 해봤니 비오는 날 보다 더 심해 작은 표정까지 숨길 수가 없잖아 흔한 이별 노래들론 표현이 안돼 너를 잃어버린 내 느낌은 그런데 들으면 왜 눈물이 날까 흔한 이별 노래들론 표현이 안돼 너를 잃어버린 내 느낌은 그런데 들으면 왜 눈물이 날까
1995.03	R.ef	고요속의 외침	Rave Effect	댄스	홍재선	홍재선	더 이상 나에게 너만을 강요하지는 말아줘 서둘러 가야할 이별에 눈물은 장애가 될뿐야 때로는 적당히 자신을 속이며 만나왔지만 솔직히 이제는 너를 떠나겠어 떠나겠어 내곁에 맴도는 약속된 슬픔은 숙제로 남겨버리고서 또 다른 만남에 충실하려는 외침 그 외침은 내 맘속에 고요함을 깨뜨리고 널 두고 난 떠나네 운명처럼 받아들인 헤어짐이 눈물로 그래 쉬운일이 아니란걸 알아 너를 떠난다는 그런 사실조차 나는 도저히 믿어지지 않겠지만 잘못된 만남이 힘들었지 어느 누구도 나만큼 너를 사랑할 수 없을거라 말을 했었지만 지금은 달라 모든게 변했어 어느 순간부터 내곁에 맴도는 약속된 슬픔은 숙제로 남겨버리고서 또 다른 만남에 충실하려는 외침 그 외침은 내 맘속에 고요함을 깨뜨리고 널 두고 난 떠나네 운명처럼 받아들인 헤어짐이 눈물로 내 맘속에 고요함을 깨뜨리고 널 두고 난 떠나네 운명처럼 받아들인 헤어짐이 눈물로 내 맘속에 고요함을 깨뜨리고 널 두고 난 떠나네 운명처럼 받아들인 헤어짐이 눈물로 흐르는 눈물로
1995.03	R.ef	상심	Rave Effect	댄스	홍재선	홍재선	사랑했던 나의 마음속에 작은꿈 하나만을 남겨두고 너무쉽게 나를 떠나버린 너를 이제는 이해하려해 두번 다시 난 그 누구도 사랑 할 수는 없을거야 익숙해져가는 슬픔속에 갇혀버린 내 모습 언젠가는 다시 볼 수 있겠지 슬픔속에 우리 지난 추억이 지워지기전에 너를 기다린다는 그 어떤 약속의 말도 내마음을 위로하기엔 너무 힘겨운 나날들 사랑했던 나의 마음속에 작은꿈 하나만을 남겨두고 너무쉽게 나를 떠나버린 너를 이제는 이해하려해 두번 다시 난 그 누구도 사랑 할 수는 없을거야 익숙해져가는 슬픔속에 갇혀버린 내 모습 널 이대로 보내야만 하는지 아무 말도 없는 바닷가에서 잊으려하지만 나의 하얗던 꿈에 그려진 수많은 너를 숨이 멈춰 생이 끝날때까지 내맘에 영원히 사랑했던 나의 마음속에 작은꿈 하나만을 남겨두고 너무쉽게 나를 떠나버린 너를 이제는 이해하려해 두번 다시 난 그 누구도 사랑 할 수는 없을거야 익숙해져가는 슬픔속에 갇혀버린 내 모습 사랑했던 나의 마음속에 작은꿈 하나만을 남겨두고 너무쉽게 나를 떠나버린 너를 이제는 이해하려해 두번 다시 난 그 누구도 사랑 할 수는 없을거야 익숙해져가는 슬픔속에 갇혀버린 내 모습
1996.04	R.ef	찬란한 사랑 (상심II)	Back To The Black	댄스	홍재선	홍재선	너에게 아무런 도움이 되지 못했어 내가 내 불행마저 감당할 수 없는데 그냥 너를 좋아한 시작부터가 잘못이었다고 후회하고 있을 뿐이야 그래서 떠나는거야 잠시 먼 여행을 떠나 너에게 돌아오고 싶은 내 의지마저 억누르면서 그냥 널 잊어보는거야 한참 후 네가 날 잊을때 쯤에 난 너의 등뒤에 편지를 쓰겠지 부칠수도 읽을수도 없는 눈물로쓴 편지들을 먼 훗날 내 죽음 같은 사랑을 느꼈을 때 내이름을 불러줘 얼마 살지 못할 내 기억의 생명을 다시 살릴 수 있게
1998.05.01	R.ef	귀머거리 하늘	Forever	댄스	윤일상	이승호	그토록 사랑한 그녀가 떠난 후 하늘은 그녈 내게 보여주곤 해 너무나 예쁜 그 모습 예전의 목소리까지 항상 원할때면 만날 수 있어 너무나 멀어서 만질 수 없으니 안개와 함께라도 내려오라고 햇살에 사라질 안개 너무나 짧은 것 같아 저기 산에 닿은 구름이라도 하늘아 들리지 않니 간절한 내 기도소리 모습만 보이지 말고 한 번만 안을순 없는지 하늘아 제발 도와줘 그녀가 올 수 없다면 나라도 그녀에게 갈 수 있도록 먼하늘 네 모습 바라만 보다가 가슴이 메어와서 눈을 감았어 여전한 너의 목소리 더이상 들을수 없게 나의 눈물들이 내 귀를 채워 들리지 않는가봐 그토록 너의 모습 보여주던 하늘이 내얘긴 들리지 않는가봐 널 보내달라 그렇게 소리 쳤지만 발 밑에 떠있는 안개는 너에게 못 가게 길마저 가려 버렸어 니 목소리 들리지 않게 내 귀속에 눈물만 채우고 있어 비라도 내리면 하늘을 가려서 니 모습 볼수 없을것만 같았지 하지만 비에 젖어도 씻을수 없는게 있어 너와 함께 했던 빗속의 추억 하늘아 들리지 않니 간절한 내 기도 소리 그녀를 데려갔으면 추억도 가져갈 순 없니 하늘아 제발 도와줘 나에게 남은 사랑도 모두다 그녀에게 보낼 수 있게
1997	R.ef	심연(深淵)	Free Ruff Eazy Flava III	댄스	홍재선	3534	너의 기억 깨져버려 너의 기억 지나가버려 나의 기억 기억에서 말이야 지워져 버리라는 말이야 내가 하고 싶은 말이야 하지만 그렇게 마음대로 안되는 이유는 뭐야 너야 바로 너야 Ah! 뭔데 니가뭔데 날 이리도 혼란스럽게 만들어 버리는데 내가 널 포기할순 없는건데 그런건데 너 나쁜-- 야 넌 정말 안되겠다 널 이해 못하겠다 난 너를 끝까지 잊을 수는 없을것 같다. 하지만 한번만 볼수있게만 된다면 그렇게만 된다면 난 너를 볼수는 있지만 너를 그대로 보내야만 된다는 그런 생각에 너를 놓아버릴 수 밖에 없-어 난 네맘을 바꿀 자신이 없어 나아안 이제야 나를 알겠어 BABY 사랑한 너의 모습 떠났고 말없이 두뺨에는 눈물이 너없이 살수 없다 느꼈어 이제 난 어떻해야 해 가슴이 아파 견딜수 없어 눈감고 너의 이름 불러봤지만 이렇게 가슴속이 메어와 울어도 넌 돌아오겠니  with all do repect we are back again bustin out with more rhyme than you expect without pain(pain) you can't gain(gain) and everything(thing) goes down the drain 내겐 너 하나밖에 없었는데 쉽게 널 놓치고 싶지 않았는데 내곁을 훌쩍 떠나버린 넌 내게 심적 부담을 줬어 그걸 알아 너는 몰라 너를 사랑한 내맘의 크기를 너는 몰라 만약 네가 알았다면 너는 나를 떠나지도 않았을 테니까 사랑한 너의 모습 떠났고 말없이 두뺨에는 눈물이 너없이 살수 없다 느꼈어 이제 난 어떻해야 해 가슴이 아파 견딜수 없어 눈감고 너의 이름 불러봤지만 이렇게 가슴속이 메어와 울어도 넌 돌아오겠니 너무 힘들어 너없이 살아가기란 너없이 아무것도 가진것도 없이 살아가기란 너의 맘은 편한지 날 두고 가버린 네가 그렇게 가고나면 모두 잊을수는 있는지 난 그렇체 못한체 미련을 버리지 못한채 이렇게 네게 벗어나지 못한채 너만을 생각을 하고 있을 뿐인데 그래 어서 나를 불러봐 내가 필요하다고 어서 불러봐 내겐 네가 필요한데 네겐 내가 불필요한지 왜그런지 그 이유를 내게 어서 말해봐 말할 필요조차 없는지 말하고 싶지 않은지 네 입이 떨어지질 않는지 대체 뭔지 내 마음을 너는 아는지 ah- ah- 떠나면 나는 어떻해야 해
1996.04	R.ef	마음속을 걸어가	Back To The Black	댄스	홍재선	홍재선	넌 지금 어딨는지 난 중요치 않아 누구와 함께 있는 것이 중요해 나 아닌 다른 사람을 알고 만나고 있는 것은 아닐까 이렇게 헤어진 우리 지금 모습이 먼 훗날 빛바랜 흔적속에서 천천히 살아날 추억을 벌써 느끼고 있는거야
1996.04	R.ef	Jazz	Back To The Black	발라드	홍재선	홍재선	둘이서 함께 꾸는 꿈 음악도 표현 못했던 그 누구도 알 수 없는 상처 담배를 피워보다 희미한 연기속에 그려진 기억의 조각들 속으로 나의 눈물어린 콧노래 재즈밴드속으로 섞여 희미해져갈때 또 난 깊은 시름속으로 스며들어 갈까봐 애써 웃어보아도 공허만 커졌나 돌아봐 내 자신만을 둘이서 함께 꾸었던 꿈들을 버리고  빗속을 함께 걸었지 음악도 필요없었어 이렇게 꿈속에 머문 상처 담배를 피워보다 희미한 연기속에 그려진 기억의 조각들 속으로 나의 눈물어린 콧노래 재즈밴드 속으로 섞여 희미해져 갈때 또 난 깊은 시름 속으로 스며들어 갈까봐 애써 웃어보아도 공허만 커졌나 돌아봐 내 자신만을 둘이서 함께 꾸었던 꿈들을 버리고
1999	R.ef	찬란한 사랑	The Last	댄스	홍재선	홍재선	너에게 아무런 도움이 되지 못했어 내가 내 불행마저 감당할 수 없는데 그냥 너를 좋아한 시작부터가 잘못이었다고 후회하고 있을뿐야 그래서 떠나는 거야 잠시 먼 여행을 떠나 너에게 돌아오고 싶은 내 의지마저 억누르면서 그냥 널 잊어보는거야 한참 후 내가 널 잊을때 쯤에 난 너의 등뒤에 편지를 쓰겠지 부칠수도 읽을수도 없는 눈물로 쓴 편지들을 먼 훗날 내 죽음같은 사랑을 느꼈을 때 내 이름을 불러줘 얼마 살지 못할 내 기억의 생명을 다시 살릴 수 있게  수북한 나의 그리움들 우 담을 수 없게된 작은 마음을 탓하지 마라 널 떠날 수 밖에 없는 내 마음 날 보내 주겠니 너하나 만으로 아름다웠던 수 많은 기억 속으로 가서 날 찾아와도 널 껴안아 줄 수 없어 난 힘이 없어 슬픔보다도 더 깊은 추억이 있어 너에게 다시 만날 약속이 없어도 언제나 눈물은 짓지마 한번 더 사랑이란 이 쓴약에 빠져들잖아 하지만 하고 싶다면 다 이룰 수 없는 사랑에 너는 쓰러지지 않도록 찬란한 사랑에 눈이 멀어야 하지  뭘 그렇게 생각하는 거니 나의 불행마저 사랑할수 있다는 것은 나의 짐이 무거워 지는거야 생각해봐 추억은 길들여진 환상일 뿐 현실속에 나를 이해하고 이젠 멀리 멀리 떠나줘  슬픔보다도 더 깊은 추억이 있어 너에게 다시 만날 약속이 없어도 언제나 눈물은 짓지마 한번 더 사랑이란 이 쓴약에 빠져들잖아 하지만 하고 싶다면 다 이룰 수 없는 사랑에 너는 쓰러지지 않도록 찬란한 사랑에 눈이 멀어야 하지 너는 쓰러지지 않도록 찬란한 사랑에 눈이 멀어야 하지
1998.05.01	R.ef	Never Ending Story	Forever	댄스	윤일상	이승호	여기저기 하루종일 너를 찾아 헤매어 봐도 니 모습 간데없고 추억들만 나를 반겼어 이렇게 언제까지 견딜지는 모르겠지만 자꾸 무거워만 가는 나의 힘든 발걸음 이제는 모든걸 끝내고 싶어 찾을 수 없는 널 찾는 헤매임 막연한 기다림,끝없는 방황을 이제는 지쳤어 끝내 버릴꺼야 너없는 허전함 이젠 괜찮아 모든게 조금씩 익숙해진걸 꿈 속의 니 모습 이제는 더 이상 눈물이 되지는 않을 테니까 비오는 거리도 슬프지 않은 건 추억도 이제 날 떠나나봐 널 향한 그리움도 희미해져 이젠 널 잊을 수 있어 이렇게 사랑은 끝나는 가봐 기억도 추억도 지워지나봐 내 곁에 외로움 그 속에서도 너는 조금씩 흐려지니까  빨리 끝나라 끝나라 끝나버려 너의 모든걸 수월하게 잊고 싶어 널 만나지 않았던 그때로 돌아가 또 다른 사랑도 하고싶어 얼마나 오래 걸릴까 얼마나 힘이 들어야되나 아마 그렇게 쉽진 않을꺼야 시간이 흘러도 그리움은 더하니까 너 아닌 다른걸 채우고 싶어 니 모습 이젠 다 잊었으니까 한번쯤 또 다른 사랑도 꿈꿨어 하지만 거기엔 다시 또 니모습 아직도 미련이 남았었나봐 누구를 만나도 편하지 않아 왜 자꾸 너 하고 비교를 하는지 아무도 널 대신 할 순 없었어 선명한 니 눈빛 모두 다 지워도 차마 나 잊을 수 없는 것은 네 이름 만으로도 눈물이 될 이루지 못한 내 사랑 이대로 사랑은 계속되나봐 혼자도 사랑은 할 수 있나봐 예전의 두려움 이제는 없어 다시 또 이별 없을 테니까 이대로 사랑은 계속 되나봐 혼자도 사랑은 할 수 있나봐 예전의 두려움 이제는 없어 다시 또 이별 없을테니까
