19960907	H.O.T.	전사의후예(폭력시대)	male	댄스	3	유영진	유영진	SM엔터테인먼트	아 니가 니가 니가 뭔데 도대체 나를 때려 왜 그래 니가 뭔데 힘이 없는 자의 목을 조르는 너를 나는 이제 벗어나고 싶어 싶어 싶어 그들은 날 짓밟았어 하나 남은 꿈도 빼앗아갔어 그들은 날 짓밟았어 하나 남은 꿈도 다 가져갔어 Say ya 아침까지 고개 들지 못했지 맞은 흔적들 들켜 버릴까봐 어제 학교에는 갔다왔냐 아무일도 없이 왔냐 어쩌면 나를 찾고 있을 검은 구름 앞에 낱낱이 일러 일러봤자 안 돼 안 되리 안 돼 아무것도 내겐 도움이 안 돼 시계추처럼 매일 같은 곳에 같은 시간 틀림없이 난 있겠지 그래 있겠지 거기 있겠지만 나 갇혀 버린 건 내 원한 바가 아니오 절대적인 힘 절대 지배함 내 의견은 또 물거품 팍팍해 모두 팍팍해 내 인생은 정말로 팍팍해 4 3 2 1 And 1 변해갔어 니 친구였던 나를 죄의식 없이 구타하고는 했어 난 너의 밥이 되고 말았지 난 말이요 널 말이요 잊어 버릴 수 없으리요 왜 살리요 너 때문에 내 인생은 구겨져가 너를 두고두고 지켜보려 해 Say ya 그들은 나를 짓밟았어 하나 남은 꿈도 빼앗아갔어 너는 너는 끝내 나의 적이 됐고 이제 나는 너를 포기했어 그들은 나를 짓밟았어 하나 남은 꿈도 다 가져갔어 길을 찾아 봤어 아무데도 없어 이제 내가 나를 벌하겠어 와 와 머저리 같던 유별나게 바보처럼 두드려 맞던 모든 것을 잃고서 방황했으니 난 이제 퍽 하는 소리와 쇳소리와 숨소리와 이미 님이 내곁에서 떠나가 버린 맘도 아팠어 친구를 잃어버린 나의 맘도 아팠어 Dummer Dummer Dummer Dummer Dum Dum Here we go here we go it's time to stop MMM the violence hate and all the mess it's about time somebodyshould stand for what is right that is right Bang bang bang What comes down beat a what comes down Do you body ready for the beat again Everybody what's up are you people ready for it This is the message from HOT Yeah Yeah Yeah Yeah 이제 갖고 싶어 미래 꿈꿔왔던 나의 모든 미래 다시 뒤로 돌릴수 있다고 믿어 아 믿어 나는 너의 양심을 믿어 Someone Someone Can gonna Someone Can That I know it That I know it That I know it Can Can that I know it Someone Someone Someone Someone Someone Can Someone Can Someone Can Someone Can Can Can Can 하지만 나 알아 나 이제 인생은 선착순으로 매겨진다는 것 아 이제 나는 너로 인해 모든 것을 포기한다 그들은 나를 짓밟았어 하나 남은 꿈도 빼앗아 갔어 너는 너는 끝내 나의 적이 됐고 이제 나는 너를 포기했어 그들은 나를 짓밟았어 하나 남은 꿈도 다 가져 갔어 길을 찾아 봤어 아무데도 없어 이제 내가 나를 벌하겠어
19960907	H.O.T.	캔디	male	댄스	1	장용진	장용진	SM엔터테인먼트	사실은 오늘 너와의 만남을 정리하고 싶어 널 만날 거야 이런 날 이해해 어렵게 맘 정한 거라 네게 말할 거지만 사실 오늘 아침에 그냥 나 생각한 거야 햇살에 일어나 보니 너무나 눈부셔 모든게 다 변한거야 널 향한 마음도 그렇지만 널 사랑 않는게 아냐 이제는 나를 변화시킬 테니까너 몰래 몰래 몰래 다른 여자들과 비교 비교했지 자꾸만 깨어지는 환상 속에 혼자서 울고 있는 초라하게 갇혀 버린 나를 보았어 널 떠날거야 음 널 떠날 거야 음 하지만 아직까지 사랑하는걸 그래 그렇지만 내 맘 속에 너를 잊어 갈거야 머리 위로 비친 내 하늘 바라다보며 널 향한 마음을 이제는 굳혔지만 웬일인지 네게 더 다가갈수록 우린 같은 하늘 아래 서 있었지 단지 널 사랑해 이렇게 말했지 이제껏 준비했던 많은 말을 뒤로한 채 언제나 네 옆에 있을게 이렇게 약속을 하겠어 저 하늘을 바라다보며 Candy 내게 하늘이 열려 있어 그래 그래 너는 내 앞에 서 있고 그래 다른 연인들은 키스를 해하지만 항상 나는 너의 뒤에 있어야만 해 이제 그만해 음 나도 남잔데 음 내 마음 너도 알고 있는 걸 알아 그래 이제 나도 지쳐서 하늘만 바라볼 수밖에 햇살에 일어나 보니 너무나 눈부셔 모든 게 다 변한 거야 널 향한 마음도 그렇지만 널 사랑 않는 게 아냐 이제는 나를 변화시킬 테니까 머리 위로 비친 내 하늘 바라다보며 널 향한 마음을 이제는 굳혔지만 웬일인지 네게 더 다가갈수록 우린 같은 하늘 아래 서 있었지 단지 널 사랑해 이렇게 말했지 이제껏 준비했던 많은 말을 뒤로한 채 언제나 네 옆에 있을게 이렇게 약속을 하겠어 저 하늘을 바라보며 한 번 더 한 번 더 말했지 이제껏 준비했던 많은 말을 뒤로한 채 (준비했던 많은 말을 뒤로한 채다시 널 사랑한다 말했지)언제나 네 옆에 있을게 다신 너 혼자 아냐 너의 곁엔 내가 있잖아	
19970705	H.O.T.	행복	male	댄스	1	장용진	장용진	SM엔터테인먼트	한 번도 난 너를 잊어 본 적 없어 오직 그대만을 생각했는 걸 그런 너는 뭐야 날 잊었던 거야 지금 내 눈에선 눈물이 흘러 배신감 느껴 널 찾아갈까 생각했어 난 난 잘 모르겠어 이 세상이 돌고 있는 지금 내 눈에는 너밖에 뭐지 할 말이 없어 갈 수도 없어 눈물도 없어 느낌도 없어 네 앞에 서 있는 날 바라봐 이렇게 널 위해 살아있는 날 약속된 시간이 왔어요 그대 앞에 있어요 두려움에 울고 있지만 눈물을 닦아주었어요 그때 내 손잡았죠 일어날 거야 함께 해준 그대에게 행복을 눈감고 그댈 그려요 맘속 그댈 찾았죠 나를 밝혀주는 빛이 보여 영원한 행복을 놓칠 순 없죠 그대 나 보이나요 나를 불러줘요 그대 곁에 있을 거야 너를 사랑해 함께해요 그대와 영원히 한 번도 난 너를 (너를) 잊어 본적 없어 (없어) 오직 그대만을 생각했는 걸 (몰라 몰라) 그런 너는 뭐야 (뭐야) 날 잊었던 거야 (거야) 지금 내 눈에선 눈물이 흘러 배신감 느껴 약속된 시간이 왔어요 그대 앞에 있어요 두려움에 울고 있지만 눈물을 닦아주었어요 그때 내 손잡았죠 일어날거야 함께 해준 그대에게 행복을 눈감고 그댈 그려요 맘속 그댈 찾았죠 나를 밝혀주는 빛이 보여 영원한 행복을 놓칠 순 없죠 그대 나 보이나요 나를 불러줘요 그대 곁에 있을 거야 너를 사랑해 함께해요 그대와 영원히 눈감고 그댈 그려요 맘속 그댈 찾았죠 나를 밝혀주는 빛이 보여 영원한 행복을 놓칠 순 없죠 그대 나 보이나요 나를 불러줘요 언제라도 그대 마음을 열어 보아요 앞엔 내가 있어요 나를 불러줘요 그대 곁에 있을 거야 너를 사랑해 함께해요 그대와 영원히
19970705	H.O.T.	We are the future	male	댄스	1	유영진	유영진	SM엔터테인먼트	10, 9, 8, 7, 6, 5, 4, 3, 2, 1 Hey Everybody look at me 이제는 세상의 틀을 바꿔버릴거야 내가 이제 주인이 된거야 어른들의 세상은 이미 갔다 낡아 빠진 것 말도 안되는 소린 집어 치워 The future is mine. 1, 2 and 3 and 4 and Go! 아직까지 우린 어른들의 그늘 아래 있어 자유롭지 않은데 이런저런 간섭들로 하룰 지새우니 피곤할 수 밖에 언제까지 우릴 자신들의 틀에 맞춰야만 직성이 풀리는지 하루이틀 날이 갈수록 우린 지쳐 쓰러질 것 같아 난 내 세상은 내가 스스로 만들거야 똑같은 삶을 강요하지마 내 안에서 꿈틀대는 새로운 세계 난 키워가겠어 We are the future! 집어쳐 난 지금부터 내 인생의 주인은 나라 말하겠어 또 믿겠어 믿겠어 잘해나갈거라 나는 믿겠어 Hey hey 이제 다시 내 인생에 참견하지 말아줘요 I don't need you I don't wanna help youwe want it 우혁이 Let's go We are the future 한 번쯤 나도 생각했었지 내가 어른이 되면 어떤 모습일까 항상 이런 모습으로 살 수 있을까 Oh baby 난 내 세상은 내가 스스로 만들거야 똑같은 삶을 강요하지마 내 안에서 꿈틀대는 새로운 세계 난 키워가겠어 난 내 세상은 내가 스스로 만들거야 똑같은 삶을 강요하지마 내 안에서 꿈틀대는 새로운 세계 난 키워가겠어 We are the future
19980925	H.O.T.	빛	male	댄스	1	강타	강타	SM엔터테인먼트	늘 함께 있어 소중한 걸 몰랐던거죠 언제나 나와 함께 있어준 소중한 사람들을 가끔씩 내가 지쳐 혼자라 느낄 때 언제나 내게 힘이 돼 준 사람들을 잊고 살았죠 이제는 힘들어도 지쳐도 쓰러지지 말고 당신의 내일을 생각하며 일어나요 사업에 실패했어 사랑에 실패했어 그 어떤 것도 당신을 쓰러뜨릴 순 없어 알고 있죠 세상엔 당신 혼자가 아니란 걸 주저앉아 슬퍼만 하고 있을 때가 아니란 걸 아는 걸 우리 모두 일어나요 손을 내밀어요 모두 다 함께 해요 다 함께 손을 잡아요 그리고 하늘을 봐요 우리가 함께 만들 세상을 하늘에 그려봐요 눈이 부시죠 너무나 아름답죠 마주잡은 두 손으로 우리 모두 함께 만들어가요 어둠에 둘러싸인 세상이 그 속에 쓰러져 가는 모두들의 모습이 우리 마음속에 있는 믿음과 사랑이 크지 못하게 가로막고 있다 해도 다시 시작할 수 있는 굳은 용기 일어설 수 있다는 걸 알고 있어 눈물을 닦고서 밝아 오는 빛을 맞이하여 높이 우뚝선 모두들의 행복한 미소를 그려 주위를 들러보면 너무나 가슴이 아프죠 세상에 가득 차있는 미움과 아픔들이 나를 서로를 미워하는 그런 마음들을 조금만 가슴을 열어 우리 서로의 사랑을 나누어봐요 우리가 서로에게 조금씩 사랑을 보일 때 서로에 대한 믿음을 키워나갈 때 싸울 일도 없어 기분 나쁜 일도 없어 서로 찡그리며 다툴 필요도 전혀 없어 우리가 꿈꾸는 눈부신 빛이 저기 있어 아름다운 세상이 바로 저기 보여 우린 여기 서서 이렇게 말하고 있어 우린 H.O.T let's party! 다 함께 손을 잡아요 그리고 하늘을 봐요 우리가 함께 만들 세상을 하늘에 그려봐요 눈이 부시죠 너무나 아름답죠 마주잡은 두 손으로 우리 모두 함께 만들어가요 앞으로 열릴 당신의 날들을 환하게 비춰줄 수 있는 빛이 되고 싶어 이제 고개를 들어요 눈부신 빛을 바라봐요 다 함께 손을 잡아요 그리고 하늘을 봐요 우리가 함께 만들 세상을 하늘에 그려봐요 눈이 부시죠 너무나 아름답죠 마주잡은 두 손으로 우리 모두 함께 만들어가요 모두 다 눈을 떠봐요 눈앞에 세상을 봐요 꼭 마주잡은 두 손으로 우리가 해냈어요 두려움은 없어요 슬픔도 이젠 없어 우리 마음을 여기에 모아 기쁨의 축제를 열어요
19990915	H.O.T.	아이야!	male	댄스	1	유영진	유영진	SM엔터테인먼트	아이야! 니가 속한 세상에 넌 너무너무나도 아름다운 세상속에 넌 그렇게 모든것을 아름답게만 보는것만 배웠지 않니 추한것들은 가리라고 배웠지 난 그렇게(그렇게) 난 그렇게 살고 싶지 않아 정말 난 그렇게 그런 무책임한 말들로 너무나 너무나 너무나 너무나 오래 오래 동안 버려져 왔던 날들 (날들) 저리가 (저리가) 모조리가 (모조리가) 제발 가치없는 말로 유린하지 마 (Do you say it?) One for the kid, two for the all 그래 우리가 만든 헌장대로 지켜진게 뭐가 있는가? (없다 없다) 그들은 소외당하고 무시당하고 보호받지도 못하고 타고난 권리조차 지켜주지 못했고 그래 언제까지 이 따위로 살텐가 피우지도 못한 아이들의 불꽃을 꺼버리게 누가 허락했는가 언제까지  반복하고 살텐가 Yeah 누구나가 다 평등하게 살아갈 때 모두 다 자기것만 찾지 않을 때 어떤 것이 무엇이 제일 소중한지 깨달을 때 그때 밝은 내일이 살아 돌아온다 Wow 멀어멀어 가야할 길이 Show shock, turn your neighborhood block into the battle field 이제 새 천년이 다가온다 (no lie) 우린 필요에 따라 복제되어버릴지도 모르지 (yourself) And I'm gonna catch you Ain't no turnin' back you won't be burnin' my kids Put 'em up some dirty cash and get tripher But I'm a lifer, a camouflage cypher From the roof top I might snipe ya 피우지도 못한 아이들의 불꽃을 꺼버리게 누가 허락했는가 언제까지 돌이킬 수 없는 잘못을 반복하고 살텐가 시간에 숨겨버린 진실의 날을 찾기 위해 가진 모든 것을 버렸어 끝까지 나에게 남아있는 또다른 미래를 찾겠어 What ya boys need I got about the "p" down Straight about the "p" down Make everybody get down Say you around prays ways in a daze days Ain't that fault in them all with embrace hates 언젠가는 모든 것이 사라진대도 이겨낼 수 있게 도와줘야 해 우리에게 남은 것이 사랑이라면 아낌없이 줘야 해 아이야! 아이야! 아이야! 아이야! 우리들이 추구하는 모든 것들 언제나 그 안에 욕심은 없는지 지켜내야 해 다음 세기가 올때까지
19960901	언타이틀	책임져	male	댄스	1	유건형,서정환	유건형	레오뮤직	책임져 전부다 책임져 정말 말도 안되게 됐어 이렇게 될줄은 누구도 몰랐어 패인이 되버린 날 책책책책 책임져 너 혼자 행복하면 슬퍼저 아무것도 난 할수가 없어 제발 내 인생을 책임져  우연히 널 만났고 너를 사랑하게 됐지 하루하루 시간이 가는 줄도 몰랐었지 하지만 실증이 났니 아니면 내가 잘못을 했니 갑자기 날 떠나갔고 나는 패인이 되 버렸어 이렇게 망친 내 인생 책임져 날 떠난 후 너는 행복하니 난 그렇지 않아 내 인생 책임져 너 하나 때문에 아무것도 할 수 없게 됐어 난 처음으로 알게된 너의 큰사랑 속에서 데이트 또 데이트 매일 너만 생각햇지 하지만 실증이 났니 아니면 내가 잘못을 했니 갑자기 날 떠나갔고 나는 패인이 되 버렸어 이렇게 망친 내 인생 책임져 날 떠난 후 너는 행복하니 난 그렇지 않아 내 인생 책임져 너 하나 때문에 아무것도 할 수 없게 됐어 난 하지만 실증이 났니 아니면 내가 잘못을 했니 갑자기 날 떠나갔고 나는 패인이 되 버렸어 이렇게 망친 내 인생 책임져 날 떠난 후 너는 행복하니 난 그렇지 않아 내 인생 책임져 너 하나 때문에 아무것도 할 수 없게 됐어 난 내 인생 책임져 날 떠난 후 너는 행복하니 난 그렇지 않아 내 인생책임져 너 하나 때문에 아무것도 할 수 없게 됐어 난
19970201	언타이틀	날개	male	댄스	1	유건형	유건형	레오뮤직	어렵게 살아온 내 어린 시절이 아직도 나의 머릿속을 복잡하게 해 이런 내 힘든생활 이젠 지쳤지 부셔 버리고 싶어 오랫동안을 그렇게 갇혀서 지내왔네 나는 이렇게 된 자신을 바라 봤었네 나의 앞을 가로막던 수많은 벽들을 넘도록 간절히도 원하던 내 마음들 하지만 나 이제는 컸어요 나에게도 자그마한 날개가 있어요 날개는 바로 나의 꿈이었어 난 지쳐있지 않겠어 이제는 정말 구속받기 싫은데 천만 다행이야 나에겐 날개가 있으니 하늘을 날 수 있어 항상 나 새만 보면 부러워했지 자유롭게 날 수있는 크나큰 행복을 날개를 달고싶은 나의 소망이 이뤄지길 바라지 여기가 어딘가 지금 어딜 날고 있나 가장 높은곳으로 계속 오르려하나 나는 모든걸 이겨냈지 고통을 참아냈지 그래서 날아갈수 있게 돼버렸지 나의 한계에 도전을 해봤어 지금 난 세상 모두를 뛰어 넘었어 이제 날 수가 있어 날개가 있어 훨훨 날 수 있어 훨 이제는 정말 구속받기 싫은데 천만 다행이야 나에겐 날개가 있으니 하늘을 날 수 있어 작은 날개로 나의 세상 날아가는 꿈에 부풀어버린 내마음은 자유를 찾아 날개 있어 기쁜 내마음 날고 있는 큰 자유만큼 비록 지금은 힘이 들지도 몰라 하지만 언젠가는 미소짓게 될거야 나에게 있어 가장 중요한 것은 바로나의 꿈 또 희망 또 나의 날개야 그저 지켜봐 주기만해 나는 나의 날갤 펴고 날아가야 해 이제는 정말 구속받기 싫은데 천만 다행이야 나에겐 날개가 있으니 하늘을 날 수 있어 하늘을 날 수 있어 늦었지만 내겐 후회뿐이야 다시 그때로 되돌아 가고싶어 나를 너있는 곳으로 데려가줘 그땐 너를 안고 영원히 머물거야 너의 곁에서
19990201	언타이틀	댄스! 댄스! 댄스!	male	댄스	55	서정환	유건형	레오뮤직	light camera action 모두 자기만의 fashion 개성 nation 멈춘 다음 흔들까 몸가는데로 맘가는데로 가 누구와 같이 출까 못춰도 좋아 나같이 해봐 어떤 리듬에서도 1 DJ 2 Turntable Dancefloor 그러다 서로 하나되지 또 이러다 물결치려다 사라지지 난 지그재그 어렵게 딱딱 끊는 각기에 다시 한번 더 1 Time 보여달라고 2 time 가르쳐 달라며 졸라 부탁 따라하면서 재미 느끼는거야 맘대로야 다같이 춤춰봐 우리 하기 싫고 열받고 짜증날 때 자꾸 반복된 시간 속에 다같이 또 나같이 모두 정신나간 것 같이 우리 하기 싫고 열받고 짜증날 때 자꾸 반복된 시간 속에 다같이 또 나같이 모두 정신나간 것 같이 그러다 어제 시작한 상금이 걸린 시합 내 스텝을 본 긴장한 저 사람 긴장한 탓일까 기가 죽었을까 축 처진 어깨로 날 상대할건가 그런 기세로 멍청한 눈빛으로 때론 때때로 통해도 나에겐 새로운 마음먹고 Feel 가는대로 어깰펴고 눈 크게뜨고 자신있게 나와 겨뤄 뭐든 하든 하다 힘겨워 온다고 다 포기한다면 뭐가 남는거란 그건 뭐지 맨날 그런식 패배의 쓴맛일 뿐이지 힘내고 다시 서울부터 시작 찍고 다시 돌아 미치도록 모두모두 춤춰 대구 부산까지 거쳐 Im gonna get your 널 불태워 다같이 춤춰봐 우리 하기 싫고 열받고 짜증날 때 자꾸 반복된 시간 속에 다같이 또 나같이 모두 정신나간 것 같이 우리 하기 싫고 열받고 짜증날 때 자꾸 반복된 시간 속에 다같이 또 나같이 모두 정신나간 것 같이 돈주고 살 수 없는 나의 테크닉 따라하다 잘못 어설퍼진 해프닝 글쎄 어딘가가 불안한지 혹시 변비가 아닌지 나의 맘속에 음악속에 나의 세계 우리만의 Feel 속에 이제 날 구원할 나의 시대에 가장 내게 큰 힘줄 그댈 위해 나도 끝까지 힘내 그 무엇과도 바꿀 수 없네 많이 힘들어도 춤이란 어떻게 하는지 이렇게 보여줄게 멋지게 내게 그래 다같이 손을 흔들어봐 그리고는 맘껏 춤춰봐 그래 다같이 손을 흔들어봐 그리고는 맘껏 다같이 춤춰봐 우리 하기 싫고 열받고 짜증날 때 자꾸 반복된 시간 속에 다같이 또 나같이 모두 정신나간 것 같이 우리 하기 싫고 열받고 짜증날 때 자꾸 반복된 시간 속에 다같이 또 나같이 모두 정신나간 것 같이 제일 잘 추는 춤을 춰야 나를 알아주지 베일에 쌓인 내 춤을 모두 공개하지 마이클 잭슨 뺨치는 것은 그 누구보다 멋진 이 미소 속에 기쁨 손가락 하나도 카리스마지 조금 빨리 움직이면 아리송하지 불타는 파티 Groove to the breakbeat 오늘 이 자리 날 위한 멋진 파티지 결국 상금도 애인도 생겼네 춤추고 마시고 기분 최고라네 춤 잘 춰야 명함 내밀지 날 왕으로 모셔야 순리지 모두 나같이 춤춰 날 보며 꿈꿔 함께 느껴 끝은 없어 근심 걱정 다 떨치고 벗어던지고 그대로 끝으로 다같이 춤춰봐 우리 하기 싫고 열받고 짜증날 때 자꾸 반복된 시간 속에 다같이 또 나같이 모두 정신나간 것 같이 우리 하기 싫고 열받고 짜증날 때 자꾸 반복된 시간 속에 다같이 또 나같이 모두 정신나간 것 같이
19990201	언타이틀	하얀 사랑	male	댄스	35	유건형,서정환	유건형	레오뮤직	나혼자 너만을 생각해요 나혼자 너만을 바라봐요 애타는 내 마음을 진실로 너의 가슴에 담아줄래 너의 곁에만 있고 싶은 내 작은 바램도 나의 모두를 바친 맘도 전부 널 향한 나의 사랑인데 그래요 난 정말 너를 사랑해 언제나 함께 하게 비록 나 혼자일지라도 끝까지 너만 사랑하리 혼자 꿈에 부푼 포만감에 반쪽에서 하나가 될 것임에 그것은 아주 먼 잡히지 않은걸 내 소원 감정이 깊어 쓰린아픔이 오겠지 포기하라며 눈치를 주는지 하얀 구름같이 Come Come Come 하얀 사랑에서 Love Love Love 네 곁에 숨쉬게 널 사랑해  나혼자 너만을 사랑해요 나혼자 너만을 그려봐요 불타는 나의 이런 사랑을 너의 가슴에 담아줄래 너의 곁에만 있고 싶은 내 작은 바램도 나의 모두를 바친 맘도 전부 널 향한 나의 사랑인데 그래요 난 정말 너를 사랑해 언제나 함께 하게 비록 나 혼자일지라도 끝까지 너만 사랑하리 그래 난 바보였나봐 자꾸만 멀어져가는 내 사랑을 난 잡지도 못하고 혼자서 눈물만 흘려 그래요 난 정말 너를 사랑해 언제나 함께 하게 비록 나 혼자일지라도 끝까지 너만 사랑하리 그래요 난 정말 너를 사랑해 언제나 함께 하게 비록 나 혼자일지라도 끝까지 너만 사랑하리
19990201	언타이틀	낮과 밤	male	댄스	40	서정환	유건형	레오뮤직	아침 일찍 눈을 떠 밖을 바라다만 보면서 따뜻한 햇볕이 내 몸을 감싸 돌면서 오늘도 하룰 또 어떻게 난 보낼까 따뜻한 햇볕보다 두려움만 겉돌아 발길은 이리 끌려 저리 끌려가지 주머니 걱정에 한끼 두끼 굶지만 이것도 벅차 버티지만 그만 모든 것이 물거품처럼 날아가고 있지 좀 더 얻어보던지 할 일 찾아 빼먹던지 화려해도 그럴 자신이 없지 받아주지 않는지 역시 필요없는 건지 설곳이 없지 숨쉬고 있는 송장 움직일뿐 쓸모없는 버림받은 쓰레기에 불과한 나 굶주림 바랬듯 햇볕만 가득 나 영원히 끝나지 않을 시간들 책임지지 못할 내 자신이 비참해 이루지 못한 내 꿈들 모두 끝장내 또 이러다 어디론가 가다가 가다 쓰러지고 말테니까 책임지지 못할 내 자신이 비참해 이루지 못한 내 꿈들 모두 끝장내 또 이러다 어디론가 가다가 가다 쓰러지고 말테니까 내 나이 18년 되던 해 거리고 나앉아 할 짓 안할 짓 별 짓 다하고 자란 나 이 생활 몸에 배어 버린지가 10년 너무 비범하기 짝이 없는 나의 운명 오늘 어딜 또 털어야 값을 받나 어느집이 알맹이 꽉 찬 소문난 알부자인가 개조심 해야하고 도난장치 조심해야 몸조심하여 큰 거 한탕 올리겠지 oh 쉿 담넘어 가면 겁도 사라지고 또 뵈는게 없어 금고문 따야만 하니까 배운게 없어 난 또 이 모양 이꼴인가 날 가둔 감방 풀어준 석방 그렇게 날 가둔 어둠 속 안 벗어난 나는 마침내 이제 내 두손에 가득찬 새파란 배춧잎에 하하 돈 돈 돈이 최고지 살아가기 위해선 GET MONEY 이번이 마지막이길 바라는 나는 많이 이많은 보석들은 도대체 얼마니 지겹게 써오던 머리통 감싸던 검은 스타킹 버릴 이 생활속에 어둠 속에서 갇혀버린 벌레같나 평생 빛을 보지 못할건가 책임지지 못할 내 자신이 비참해 이루지 못한 내 꿈들 모두 끝장내 또 이러다 어디론가 가다가 가다 쓰러지고 말테니까 책임지지 못할 내 자신이 비참해 이루지 못한 내 꿈들 모두 끝장내 또 이러다 어디론가 가다가 가다 쓰러지고 말테니까 벌어 개처럼 벌어 정승처럼 써 돈이 많다 보니 돈이 돈을 벌어 그 많은 돈을 어디다 써야 바닥내 점점 더 불어난 돈 주체하기가 어렵네 이제 10대 거쳐 걱정 없는 삶 놀고 먹고 살아도 배불리 먹는 삶 명예를 사고 친구와 인심을 마구 사지 이젠 내맘 그대로 하고 싶다면 뭐든지 내 옷은 값진 날개 집안을 가득 메운 번쩍이는 금괴 내 뒤를 줄줄 이은 많은 기사들과 Bodyguard들 내 밑을 벌벌 기며 안달하는 인간들 모두 날 부러워해 다 아부해 내게는 없는 거란 없네 완벽함 자체 이젠 꿈이란건 시시해 목표도 내겐 없네 다 갖춘 나에겐 의욕을 상실했네 내 위엔 돈이 날 짓밟고 돈 땜에 더럽고도 추잡하게 살았고 모두다 가식적인 웃음에 자신이 아닌 다른 두 얼굴의 모습에 또 모두 변해 내 인생의 주인은 내가 아녔지 내 자신에게 솔직하지 못한 나였지 돈이 전부 아닌걸 깨달았고 그렇게 엉망이 됐고 나 역시 바보 책임지지 못할 내 자신이 비참해 이루지 못한 내 꿈들 모두 끝장내 또 이러다 어디론가 가다가 가다 쓰러지고 말테니까 책임지지 못할 내 자신이 비참해 이루지 못한 내 꿈들 모두 끝장내 또 이러다 어디론가 가다가 가다 쓰러지고 말테니까 책임지지 못할 내 자신이 비참해 이루지 못한 내 꿈들 모두 끝장내 또 이러다 어디론가 가다가 가다 쓰러지고 말테니까 책임지지 못할 내 자신이 비참해 이루지 못한 내 꿈들 모두 끝장내 또 이러다 어디론가 가다가 가다 쓰러지고 말테니까 또 어디로 가야 할길로 끝이 없는 어둠속을 마칠까 나 거지로 살다 갈길로 끝이 없는 어둠속을 마칠까 더 먼길로 나 넘어지고 끝이 없는 어둠속을 마칠까 험한길로 더럽혀지고 끝이 없는 어둠속을 마칠까 uh Make your neck work Make your neck work uh uh ha ha
199611	Hamohamo	빠삐용 (그의 두통은 자유였다)	male	댄스	52			뮤직 팩토리	조금씩 어지러웠지 참기가 힘들었었지 사랑을 느낄 때부터 두통에 시달렸었지 작년인가 재작년인가 너를 처음 봤던 그 날부터 지금까지 나는 한번도 편할 날이 없었어 여기 저기 잘 듣는 약을 구해 먹어야 할 만큼 내 자신이 비참해 보여 너에게로부터 중독된 나 엄마의 두통은 다 돈이였었지 아빤 높은 직장의 명함이 어느 배고픈 자의 아픈 머리는 제때 먹을 밥이 최고야 공부 못해 아픈 머리는 일류 학교가 씻은 듯 낫고 강아지의 아픈 머리는 주인의 폭력 모두가 다 그만한 일로 아프다 말할 수 있는 이유가 있어 하지만 나 겨우 사랑에 아파왔었지 별거 아닌데 네게서 도망칠거야 아픔을 고치고 싶어 더 이상 참기 힘들어 시시한 고민이니까 빠삐용 나도 뭔가 아주 큰 거짓으로 살길 바랬지 다른 이들의 욕심처럼 그러기엔 너무 작다고 느껴 그러나 피할 수가 없다는 걸 알아 난 너에게로 이미 중독되었어 정말 이대론 안 될거라 했지만은 할 수 없어 아픔을 느낄 수 밖에 엄마의 두통은 다 돈이였었지 아빤 높은 직장의 명함이 어느 배고픈 자의 아픈 머리는 제때 먹을 밥이 최고야 공부 못해 아픈 머리는 일류 학교가 씻은 듯 낫고 강아지의 아픈 머리는 주인의 폭력 모두가 다 그만한 일로 아프다 말할 수 있는 이유가 있어 하지만 나 겨우 사랑에 아파왔었지 별거 아닌데 세상 사람 떠나길 원해 우리가 갇히게 됐던 고민의 섬을 그렇지만 살아야 하지 너라는 곳에 나 머문 것 처럼 네게서 도망칠거야 아픔을 고치고 싶어 더이상 참기 힘들어 시시한 고민이니까 빠삐용
199611	Hamohamo	True Love	male	발라드	48			뮤직 팩토리	슬프진 않았어 어차피 혼자라는 생각으로 내 스스로를 위로했을 뿐 그날 이후로 내 가슴엔 아픈 멍울만이 자리하게 되었고 아무리 아니라 해도 소용 없었어 나도 모르게 내맘엔 온통 너의 그림자로 가득차고 있었으니까  주위엔 변함 없이 같은 모습으로 날 바라보지만 니가 없는 이유로 이렇게 내 마음은 텅빈것 같아 내 입술위에 남겨진 따스한 너의 숨결 어떻게 지우려해 넌 잊을수 있니 그날 그모습 내게로 다시 돌아와줘 너 떠나갔지만 지울순 없었어 사랑의 짧은 휴식일뿐 난 기다릴꺼야 언젠가 내게로 돌아올 너를 믿으며 우리가 함께 했던 수많은 시간들을 넌 지울수 있니 딴사람을 향하는 너의 맘 이해 하지만 순간일 뿐야 내 입술위에 남겨진 따스한 너의 숨결 어떻게 지우려해 넌 잊을수 있니 그날 그모습 내게로 다시 돌아와줘 너 떠나갔지만 지울수 없었어 사랑의 짧은 휴식일뿐 난 기다릴꺼야 언젠가 내게로 돌아올 너를 믿으며 지금 내가 보이잖니 너 떠나갔지만 지울수 없었어 사랑의 짧은 휴식일뿐 난 기다릴꺼야 언젠가 내게로 돌아올 너를 믿으며 주위엔 변함 없이 같은 모습으로 날 바라 보지만 니가 없는 이후로 이렇게 내 마음은 텅빈것 같아 내 입술위에 남겨진 따스한 너의 숨결 어떻게 지우려해 넌 잊을수 있니
199611	Hamohamo	히든 카드	male	댄스	73			뮤직 팩토리	옛날같으면 인정할 수 없는 얘기지 안이 보이는 카페 그 속에서 많은 여자들 지가 샤론 스톤인가 모두 담배 피고 있어 다리 꼬고 앉아서 잘하고 있다 친구랑 지나치며 그런 말을 했어 요즘 여자 대책 안 서 부모님은 아실까 그순간 내 시선에 잡힌 너의 입술이 순결을 잃고 있어 OH MY GOD 제발 어디선가 그런 모습 보이지 말아줘 모두 나에게 배운 줄 알거 아냐 너는 여자란걸 가끔씩 잊어버리고 있어 그건 남자만의 생활인거야 닮지마 지난번에도 들킨 적 있었어 약속했잖아 왜이렇게 말 안 듣는거니 내 말은 그렇게 중요하게 듣지 않잖아 너의 그런 행동이 난 정말 싫어 너는 아주 그럴듯한 변명 하나만 믿고 내가 그리워질 때면 핀다 하지 지금 깨어진 약속을 줍고 반성을 해봐도 내가 너를 용서하긴 모자라 난 너를 위해 그런거야 내 것이라 생각하며 너만을 아끼고 싶어 날 사랑한다면 내가 원하는 건 들어주기를 너의 가슴속엔 온통 나로만 채워져 있길 바래 넌 나에게 마치 과거에서 뛰어온 사람 같다며 투덜 거릴테지만 여자니까 안돼 보기 싫어 안돼 그게 다는 아냐 넌 내 여자니까 단지 널 걱정하는 것 뿐이라고 말하고 싶었어 먼 미래속에 우리가 셋으로 늘어날 때를 생각해봐  설마 니가 그럴줄은 정말 나는 몰랐어 너와 어울리지 않는걸 넌 아니 너의 청순하고 하얀 모습이 나는 좋아 다시 처음 봤던 너로 돌아가 난 너를 위해 그런거야 내 것이라 생각하며 너만을 아끼고 싶어 날 사랑한다면 내가 원하는 건 들어주기를 너의 가슴속엔 온통 나로만 채워져 있길 바래 만약 다음번에 또 이런 일이 있어 니가 고칠 수 없다면 나는 히든 카드를 보이고 말거야 이별이란 무서운 글자가 박힌 너에게 기회를 줄께 지킬거라고 난 믿어  날 사랑한다면 내가 원하는 건 들어주기를 너의 가슴속엔 온통 나로만 채워져 있길 바래 날 사랑한다면 내가 원하는 건 들어주기를 너의 가슴속엔 온통 나로만 채워져 있길 바래
199611	Hamohamo	세상에 던지는 한마디	male	댄스	82			뮤직 팩토리	나나나 나나나 나나나 나나나 나나나 나나나 나나나 나나나  나의 눈에 비춰진 이 세상 모든건 아름답지 않았어 나의 운명을 탓해보았어 초라한 내 모습 워 아무도 내겐없어 누구도 필요없어 하늘을 원망했어 하지만 소용없어 미래가 두려웠어 가진것 없는나를 세상이 버린걸까 노노노노 언제나 자랑하는 사람들 부와 명예만이 전부라고 말을하지 어릴적 꿈꿔왔던 세상은 이제 어디에서도 찾을수가 없어 내게 보여줘 또 다른 세상을 나의 꿈을 다시 느낄수 있게 나에게 말해줘 또다른 내일을 나의 소망 다시 찾을수있게 있고 없음에 커다란 차이 내가 느낀 전부야 나의 슬픔 모두 이해하겠니 내 맘속의 외침을 언제나 자랑하는 사람들 부와 명예만이 전부라고 말을하지 어릴적 꿈꿔왔던 세상은 이제 어디에서도 찾을수가 없어 내게 보여줘 또 다른 세상을 나의 꿈을 다시 느낄수 있게 나에게 말해줘 또 다른 내일을 나의 소망 다시 찾을수 있게  내 눈에 비춰졌던 세상 모든것 삐뚤어진 모습들과 웃지 못할 이야기들 이런 세상속에 몸을 담고 싶지않아 그렇다고 등질수도 없는 일이야 모두 저마다 옷할것을줘 모두 제 아무리 영혼을 팔며 모두 모두 너같이 되어있을지 모두 나에겐 슬픔뿐이야  내게 보여줘 또 다른 세상을 나의 꿈을 다시 느낄수있게 나에게 말해줘 또 다른 내일을 나의 소망 다시 찾을수있게 나나나 나나나 나나나 나나나 나에게 말해줘 또 다른 내일을 나의 소망 다시 찾을수있게
199611	Hamohamo	Pang Pang (나보다 나은 너)	male	댄스	76			뮤직 팩토리	어딜가도 이런 여잔 없을거야 세상에 이럴 수가 했었지 우연히 날아온 괜찮은 그녀를 우리들은 그렇게 말했지 언제나 문제가 없던 친구가 한순간 적이 될 줄은 몰랐어 차라리 그녀를 보지 못했다면 영원한 친구로 남아 있을꺼야 그런 말이 있어 오랜 친구는 닮은데가 여기저기 많다고 하 너와 나는 비슷한게 너무 너무 많아 우리들의 스타일 좋아하는 칼라 하다못해 그 곳에서 폼을 잡는 것까지 마치 나의 TWIN형제 처럼 말야 저 여자를 사귀고 싶어 라고 하면 언제나 ME TOO 하지만 이번만은 에이 틀렸어 한 쪽을 위해 양보할 마음은 없는거니 난 아직 사랑을 못했봤잖아 단순히 차 속에서 자리 비워준 것처럼 이번만 그렇게 너 주긴 아까워 어느새 금이 간 목소리로 친구는 말했지 우스운 일이야 몇 년씩 된 우리 이렇게 될 줄이야 한심해 그후로 그녀와 함께 선 친구 그 모습 보면서 화가 났어 그때의 내 마음 그 안에서 울린 소리를 넌 들었니 너를 향해서 둘의 사이 깨지라고 죽어라 기도할께 이건 나의 상상의 자유니까 너무 기분나빠 하지마 어쩌다가 내가 이런 말도 안되는 상상을 상상을 해야하는 거니 OH SORRY 그래도 난 너의 친구인데 잘되기를 빌어줘야 하잖아 한 쪽을 위해 양보할 마음은 없는거니 난 아직 사랑을 못했봤잖아 단순히 차 속에서 자리 비워준 것처럼 이번만 그렇게 너 주긴 아까워 어느새 금이 간 목소리로 친구는 말했지 우스운 일이야 몇 년씩 된 우리 이렇게 될 줄이야 한심해 그후로 그녀와 함께 선 친구 그 모습 보면서 화가 났어 그때의 내 마음 그안에서 울린 소리를 넌 들었니 너를 향해서 이제 다른 사랑이 필요하다는 걸 알아 그런 너와 그녀를 위하는 기도가 될꺼야 잠시 미웠었지 하지만 이제는 니가 대견해 보이기도 해 나보다 나은 너 그녀의 사랑을 혼자 차지하게 된 너에게 말하고 싶은건 한가지 뿐야 나중에 내게 와 슬픈 눈 하며 이별로 다친 널 위로해 달라는 그런 일은 없기를 제발 부탁해
199611	아이돌	환상체험	male	댄스	71	이건우	박근태	DSP 미디어	마음이 두근 두근 가슴이 조마 조마 첫눈에 널 보고 콩깍지가 씌어졌어 바로 이 여자였어 내 꺼야 아무도 주지 않을테야 지금 내게 다가와 내 마음 내게 cause youre my baby 상상을 해봐 everybody say yeah 내 마음 내게 cause youre my baby 상상을 해봐 everybody say yeah 한 순간 입 맞춤 하고 나서 난 정신을 잃었었지 그 순간의 영원함을 난 뭐라고 설명할 수 조차도 없었던거야 귓가에 천사들의 노래소리 들었었지 세상에서 단 한번 들어본적 없는 노래 너의 모습 신비하게 다가와 나만의 상상을 초월한거야 Hey 모든것이 정지된것 같았어 너와 나는 조금도 움직일 수 없었지 다시 한번 그 자리에 가고 싶어 그 겨울밤에  양심도 얼어붙는 추운 이 서울의 겨울 당신의 따뜻함 날 포근하게 해요 왜요 왜 그리 나를 뚫어지게 쳐다봐요 하지만 그녀 눈은 너무 맑아요 지금도 가만히 눈을 감으면 환상에 빠져들어 그 장면이 떠오르면 난 한없이 두근두근 가슴이 떨리는거야 이대로 영원토록 머물 순 없는건지 다가서는 그 느낌을 나는 정말 알 것같아 너의 모습 속삭이듯 다가와 한 순간 입 맞춤 하고 나서 난 정신을 잃었었지 그 순간의 영원함을 난 뭐라고 설명할 수 조차도 없었던거야 귓가에 천사들의 노래소리 들었었지 세상에서 단 한번 들어본적 없는 노래 너의 모습 신비하게 다가와 나만의 상상을 초월한거야 Hey 모든것이 정지된것 같았어 너와 나는 조금도 움직일 수 없었지 다시 한번 그 자리에 가고 싶어 그 겨울밤에 난 cause youre my baby everybody say yeah cause youre my baby everybody say yeah
199611	아이돌	이럴수가	male	댄스	50	박기영	박근태	DSP 미디어	언젠가 우리들이 압구정동 나갔을때 저 앞을 가는 내 이상형을 보고 말았지 난 너무나 예쁜 그녀 뒷모습 보고 그만 첫눈에 반하고 말았어 허리까지 내려오는 머리 잘록한 허리 그 허리 아래보면 늘씬한 종아리 열심히 달려가서 그녀 앞질러 뒤돌아본 순간 남자였어 나는 아직 그 사실 믿을 수 없어 이런 일이 일어날 줄 정말 몰랐어 그런 일이 있었던 후에는 난 한동안 아무런 말이 없었어  학교가 끝나고 돌아오는 길 난 수상한 광경 목격했다 험상궂게 생긴 아저씨 울고 있는 아이손을 잡고서 봉고차로 끌고가잖아 와- 큰일났다 유괴범이다 있는 힘을 다해서 이단옆차기 그 사람 넘어지고 아이하는 말 우리 아빠 왜 때려 나는 아직 그 사실 믿을 수 없어 이런 일이 일어날 줄 정말 몰랐어 그런 일이 있었던 후에는 난 한동안 아무런 말이 없었어  기억하고 싶진 않지만 별로 생각하고 싶지도 않지만 내 머리를 떠나지 않네 마치 하루종일 맴도는 어떤 노래 속에 멜로디처럼 헤어나지 못해 나는 아직 그 사실 믿을 수 없어 이런 일이 일어날 줄 정말 몰랐어 그런 일이 있었던 후에는 난 한동안 아무런 말이 없었어 내가 만일 그대로 지나쳤다면 이런 노래 길다할게 쓰지 않았어 그런 일이 있었던 후에도 나는 많이 바보란 말을 들었어 우리 어머니가 보면 뭐라 말할까 우리 아버지가 보면 뭐라 말할까 세상 살다보면 별일이 다 있지만 이런일이 내게 일어날 줄이야 이럴수가 난 아직 오래 살진 않았지만 어떻게 내게 이런일 일어났을까 이럴수가 난 더이상 어린이가 아니지만 세상엔 이해할 수 없는게 많아 이럴수가
199611	아이돌	Bow Wow	male	댄스	47			DSP 미디어	TV보기 전자 오락하기 미성년자는 못보는 영화보기 어른 손잡고 어딜갈거야 넌 해 커버린 나는 싫어 제발 원하는 대로 나가려고 했었던 그런 어디쯤에도 오지마라 경고는 하지마 이런말 안들었으면 그만해 궁금해 이세상 모든것들이 다 반대가 된다면 난 작은 어른이 되어서 얘기할거야 BOW WOW 하고싶은 것들 모두 네 마음대로야 넌 자유란 이름으로 살아도 돼 얼마나 좋을까 왜 이런말 하지 않을까 내 이런 바램은 다 꿈인걸 궁금해 이세상 모든것들이 다 반대가 된다면 난 작은 어른이 되어서 얘기할거야 BOW WOW 하고싶은 것들 모두 네 마음대로야 넌 자유란 이름으로 살아도 돼 얼마나 좋을까 왜 이런말 하지 않을까 내 이런 바램은 다 꿈인걸 BOW WOW 하고싶은 것들 모두 네 마음대로야 넌 자유란 이름으로 살아도 돼 얼마나 좋을까 왜 이런말 하지 않을까 내 이런 바램은 다 꿈인걸
199611	아이돌	삼인사각	male	댄스	60	이비 (Pi Lee)	신피디	DSP 미디어	항상 셋이야 우린 친구야 하지만 혼자야 너흰 단짝이니 처음부터 너를 사랑한건 아냐 어느새 난 변해가고 있었어 언제나 함께 였어 만나면 싸우지만 하지만 혼자였어 너희만 친하니까 우리는 매일 도서관에 갔어 여하튼 도서관에 갔어 yeah! 하루만 떨어져 있으면 눈에 가시가 돋아나는것 같아 우린 항상 셋일까 또 하나의 여자는 안될까 yeah! 너는 조금씩 아파가고 있어 공주병에 걸린 우리의 공주 항상 셋이야 우린 친구야 하지만 혼자야 너흰 단짝이니 처음부터 너를 사랑한건 아냐 어느새 난 변해가고 있었어 언제나 너를 보며 곰곰히 생각했지 언젠간 우리들도 각자의 길 가겠지 하지만 우리들의 공주는 언제나 그 녀석이 독차지 yeah! 한마디 말도 못하는 나보다 적극적인 그 녀석이 좋겠지 언제부터인지 나의 눈빛은 미움에서 사랑으로 yeah! 어! 그러던 어느날 그녀에게 날벼락이 떨어진거야 항상 셋이야 우린 친구야 하지만 혼자야 너흰 단짝이니 처음부터 너를 사랑한건 아냐 어느새 난 변해가고 있어 들뜨게 하지 너의 웃음은 언제나 싱그러운 레몬향기처럼 언젠가 너도 니 갈길 가겠지만 지금은 나를 보고 웃어줘  언제나 셋이였어 우리는 친구였어 하지만 혼자였어 너희는 함께니까 열두시도 넘었어 그녀 오빤 화가났어 yeah! 하얗게 질린 그 녀석은 사라지고 죄없는 내가 끌려 나갔어 고개숙인 나에게 호랑이의 한마디 잘해봐, 다음부턴 늦지말고 yeah! 돌아오는 길엔 그녀가 말했지 좋아해 사실은 너를 좋아해 그런말은 하지마 지금부터 날 위해줘 사랑이란 말은 쉽지않아 이제부터 날 좋아해줘 항상 셋이야 우린 친구야 하지만 혼자야 너흰 단짝이니 처음부터 너를 사랑한건 아냐 어느새 난 변해가고 있어 들뜨게 하지 너의 웃음은 언제나 싱그러운 레몬향기 처럼 지켜줄꺼야 너의 모든 꿈을 사랑스런 나만의 공주위해
19970514	젝스키스	사나이 가는 길(폼생폼사)	male	댄스	2	김영아	박근태	DSP미디어	나 폼에 살고 죽고 폼 때문에 살고 폼 때문에 죽고 나 폼하나에 죽고 살고 사나이가 가는 오 그 길에 길에 아 눈물 따윈 없어 못써 폼생폼사야 사나이 가는 길에 기죽지마라 없어도 자존심만 지키며 눈물 따윈 내게 없을꺼야 가슴을 활짝펴고 잘난 그녀 나를 떠난단 말에 하늘이 무너질 것 같아도 남자답게 그녈 보내줬지 기가 막혀 홧김에 군대 갈까 했지만 머리깎기 싫어서 다시 생각을 고쳤지 날 떠나든 말든 뭘해도 상관이 없지만 머리 빡빡 깎는 건 난 견딜수 없어 그저 안녕이라고 말하고 쓰린 눈물을 삼키며 예~ 그녈 두고 돌아섰던 마지막 뒷모습 내가 봐도 멋있었어 나 폼에 살고 폼에 죽는 나인데 이제와 구차하게 붙잡을 순 없잖아 맨몸으로 부딪쳤던 내 삶에 그까짓 이별쯤은 괜찮아 이대로 무너지면 절대로 안돼 뜨거운 가슴으로 다시 시작해 나 가는 길은 누구도 막을 수 없어~ (아하나 ~ 아 둘 아 셋 넷) 많은 날이가고 우연히 다시 그녀를 만나면 예~ 변해버린 나를 보며 지나간 후회로 땅을 치게 만들꺼야 기가막힌 로맨스도 슬픔도 사나이 큰가슴에 묻어두고 살꺼야 너까짓거 이별땜에 지켜온 스타일 구길수는 없잖아~ 사랑했던 너이긴 하지만 나 째째하게 굴지 않을게 두눈 불끈 힘주고 나 끝까지 참아내고있어 하! 두고봐 하! 나를 두고봐 하! 내가 얼마나 잘사는지 두고봐줘 또 돌아 내게 내게 오지말고 깨끗히 내모습을 잊어줘! 그저 안녕이라고 말하고 쓰린 눈물을 삼키며 예~ 그녈 두고 돌아섰던 마지막 뒷모습 내가 봐도 멋있었어 나 폼에 살고 폼에 죽는 나인데 이제와 구차하게 붙잡을 순 없잖아 맨몸으로 부딪쳤던 내 삶에 그까짓 이별쯤은 괜찮아 쓸데 없는 미련 따윈 버리고 사나이 큰 가슴을 활짝 펴고 살꺼야 폼 하나로 버텨왔던 나인데 그까짓 이별쯤은 괜찮아 나 폼에 살고 죽고 폼 때문에 살고 폼 때문에 죽고 나 폼 하나에 죽고 살고 사나이가 가는 오 그 길에 길에 아! 눈물 따윈 없어 못써 폼생폼사야~~~!!
19980715	젝스키스	Road Fighter	male	댄스	1	김영아	이윤상	DSP미디어	어떻게 널 두고 나 가나 이 길 끝에 내 몸을 싣고 달려 어떻게 널 두고 나 가나 이 빗속에 내 사랑 싣고 달려 긴긴 내 설득에 돌아보지 않던 너 차가운 이 빗속에서 넌 날 끝내 버렸어 아름답던 입술은 날 더 비웃어 찢긴 나의 가슴 밟고 bye bye 넌 떠났어 널 사랑했던 맘도 날 지탱해준 꿈도 이 빗소리에 씻겨 다 사라지고 있어 나의 몸을 싣고 내 사랑 싣고 달려 이 길이 끝나는 곳에 내 모든걸 완전히 묻어주겠어 차갑던 너의 말에 조금도 늦지 않게 이제는 너에게서 나를 비워줄게 흐르는 나의 눈물을 빗속에 감추려해도 바람을 가른 추억들이 울고있어 달아오른 거리를 밟어 더 빨리 달려 붕 난 더 난 바람속에 내 몸이 날려 달아오른 거리를 밟어 더 빨리 달려 붕 난 더 난 우아 우아 내 몸이 날려 내 몸이 날려 내 몸이 날려 우아 내 몸이 날려 내 몸이 날려 어떻게 널 두고 나 가나 이 길 끝에 내 몸을 싣고 달려 어떻게 널 두고 나 가나 이 빗속에 내 사랑 싣고 달려 뜨거워진 거리 다 태워버릴 거리 이 아픈 거릴 밟아봐 바람을 더 불러봐 하하하 이제 날아가 이길의 끝에 m쳐박혀 버려 더 이상 나는 없어 이빗속에 벌써 타 버리고 없어 하얗게 떠오르는 내가 널 보고있어 이제야 내 사랑도 편히 잠들겠지 마지막 나의 눈속에 영원히 볼 수 있도록 행복한 너의 그 미소만 가져갈게 달아오른 거리를 밟어 더 빨리 달려 붕 난 더 난 바람속에 내 몸이 날려 달아오른 거리를 밟어 더 빨리 달려 붕 난 더 난 우아 우아 내 몸이 날려
19981030	젝스키스	커플	male	댄스	1	장대성	마경식	DSP미디어	예전보다 지금 니가 더욱 괜찮을거야 허전했던 나의 빈 곳을 이젠 채워 줬으니 아름다운 세상에서 많이 외로워 하며 내 반쪽을 찾아 헤맨 건 모두 옛날 얘긴 걸 내 생애 이 시간만을 얼마나 기다렸는지 마치 꿈만 같은 걸 이젠 나 혼자가 아닌 너와 함께 하는 거야 Oh love 왜 이제서야 많이 외롭던 나를 찾아온거야 Oh love 너를 사랑해 이제 모든 시간들을 나와 함께해 Alright, alright I saw you one time, I lost my heart to you Oops baby, I'll be loving you forever with you now Baby, don't go too far, I won't let you go Please don't go, I wanna hold you tight And I need your love 얼마나 수많은 날을 기다려 왔는 줄 아니 이젠 모두 앞에서 너의 손을 꼭 붙잡고 우린 함께 하는 거야 Oh love 왜 이제서야 많이 외롭던 나를 찾아온거야 Oh love 너를 사랑해 이제 모든 시간들을 나와 함께해 과거 따윈 모두 잊고 나와 함께 할 많은 시간을 추억으로 만들어 Oh love 왜 이제서야 많이 외롭던 나를 찾아온 거야 Oh love 너를 사랑해 이제 모든 시간들을 나와 함께해	
19990829	젝스키스	Com' Back	male	댄스	1	조은희	조성진	DSP미디어	C-O-M-BACK (COM'BACK) C-O-M-BACK(COM'BACK) C-O-M-BACK (젝키 DANCE젝키 DANCE) C-O-M-BACK (젝키 DANCE젝키 DANCE) 바람속을 가르는 내슬픈 사랑이 제발 니 곁에 영원히 잠들 수 있게 OH- 내게로 와 이세상 마지막 날까지 혼자 또 헤매다 쓰러져가는 날 위해 깊깊깊 깊어갈수록깊 깊어질수록 COME BACK! 깊깊깊깊어갈수록 깊 깊어질수록 눈을 크게뜨고 날 봐라 미쳐 돌 것만 같은 날봐라 걷잡을 수 없는 날 봐라 널 향해가 가가겠어 터질 것 같은 사랑을 느낄 수 있겠니 한번이라도 니 곁을스쳐갈 수 있다면 가슴 깊이 품어온 내 모든 사랑을 오직 단 하나 널 위해 지켜 왔는데 왜 잡을 수도 없이 넌 멀리 있는 거니 얼마나 울어야 넌 내게 올 수 있겠니 깊깊깊 깊어갈수록깊 깊어질수록 COME BACK! 깊깊깊깊어갈수록 깊 깊어질수록 소용돌이치는날 봐라 더는 멈출 수 없는 날 봐라 강해져만가는 날 봐라 널 차지하하하겠어 날위해 제발 조금 더 기다려 주겠니 다른이별로 널 두번 다시 놓치지 않게 바람속을가르는 내 슬픈 사랑이 제발 니 곁에 영원히 잠들 수 있게 OH- 내게로 와 이세상 마지막 날까지 혼자 또 헤매다 쓰러져 가는 날 위해
19980915	베이비복스	야야야	female	댄스	3	김형석,여정윤	김형석	DR뮤직	If you wanna be my love I wanna be your star 하루에도 몇 번씩 네가 보고 싶어 사랑한다고 하나뿐이라고 예쁘게 안아준다면 야야야 모든 것이 달라질 거야야야 오 넌 항상 나에게 말했었지 친구일 뿐이라고 하지만 언제부턴가 넌 조금씩 내게 달라지는 걸 느껴 너의 손길에 들어 있는 또 다른 느낌들을 네가 알고 싶은 나의 모든 것들을 다 네게 보여줄게 If you wanna be my love I wanna be your star 하루에도 몇 번씩 네가 보고 싶어 아무도 몰래 내게 다가올래 어색하지 않게 말야 야야야 If you wanna be my love I wanna be your star 모른 척 새침떼는 나를 이해해줘 사랑한다고 하나뿐이라고 예쁘게 안아준다면 야야야 모든것이 달라질 거야야야 오 혹시 넌 알고 있는 건지 나의 두근거림을 이 세상 하나뿐인 너만을 사랑할게 이 세상 끝날까지 If you wanna be my love I wanna be your star 하루에도 몇 번씩 네가 보고 싶어 아무도 몰래 내게 다가올래 어색하지 않게 말야 야야야 If you wanna be my love I wanna be your star 모른 척 새침떼는 나를 이해해줘 사랑한다고 하나뿐이라고 예쁘게 안아준다면 야야야 너와 함께 나 부드럽게 웃는 법을 배웠고 너와 함께 나 다정히 속삭이는 법도 알아 너와 함께 나 포근히 감싸 안는 법도 알고 너를 위해서 모든 것을 바꿔 옛날의 나를 잊겠어 좀 더 좋은 여자가 되겠어 너와 함께 하는 곳 어디든 내겐 가장 편안한 곳이 됐어 If you wanna be my love I wanna be your star 모른 척 새침떼는 나를 이해해줘 사랑한다고 하나뿐이라고 예쁘게 안아준다면 야야야 모든것이 달라질 거야야야 오
19980915	베이비복스	Change	female	댄스	3	김태희	주영훈	DR뮤직	언제부터 습관처럼 난 거울 보는 일이 많았지 변해가는 내 모습 정말 어른이 되는 걸까 낯설게만 느껴졌었던 남자들의 시선이 좋아 누구든지 한눈에 내게 반하게 하고 싶어 수첩 속에 어린 시절 사진을 가끔 꺼내 볼 때면 너무도 달라진 내가 나도 어색해 보여 모르겠어 언제까지 난 이래야 돼 아침이면 만들어 내는 또 다른 나 이젠 싫어 진한 화장에 감추어진 내 모습을 이젠 벗어나고 싶어 처음에 호기심에 발라봤던 립스틱이 이제는 못 알아볼 정도까지 진해버린 화장 낯설게만 느껴지던 남자들의 시선 이젠 너무 나도 당연하게 느껴져
19990721	베이비복스	Killer	female	댄스	1	김종숙	김형석	DR뮤직	자꾸 떠오르는 (그대의 웃음소리) 잔인한 그 소리를 (예예예) 이젠 잊게 해줘 오 너만이 그대를 내 안에서 없앨 수 있어 아름다운 그댈 사랑했어 이젠 상처밖에 남은 게 없지만 화려한 겉모습에 반했나 봐 그대를 사랑했어 끝끝내 차가워진 눈빛으로 나를 잔인하게 비웃었던 그대 이제는 말라버린 눈물 속에 그대를 지워갔어 난 믿어 왔어 그대 기억따윈 아무것도 남은 것이 없어 자꾸 떠오르는 (그대의 웃음소리) 잔인한 그 소리를 (예예예) 이젠 잊게 해줘 오 너만이 그대를 내 안에서 없앨 수 있어 니 옆에서 그댈 떠올린 건 내 잘못이 아냐 오해하지 말아 저 하늘이 널 내게 보낸 거야 그대를 지우라고 너를 놓칠 수는 없었기에 지난 사랑 모두 잊었다 했지만 난 문득 니 얼굴에 겹쳐지는 그대가 날 비웃어 난 믿어 왔어 그대 기억따윈 아무것도 남은 것이 없어 자꾸 떠오르는 (그대의 웃음소리) 잔인한 그 소리를 (예예예) 이젠 잊게 해줘 오 너만이 그대를 내 안에서 없앨 수 있어 자꾸 떠오르는 (그대의 웃음소리) 잔인한 그 소리를 (예예예) 이젠 잊게 해줘 오 너만이 그대를 내 안에서 없앨 수 있어 자꾸 떠오르는 (그대의 웃음소리) 잔인한 그 소리를 (예예예) 이젠 잊게 해줘 오 너만이 그대를 내 안에서 없앨 수 있어
19971124	에스이에스	I'm Your girl	female	댄스	1	유영진	유영진	SM엔터테인먼트	Yaeh What's up What's up S E S We open up the new chapters of funky new jill swing Here we come Here we come Uh Uh Come on I like SES ya'll yes SES ya'll We like SES ya'll yes SES ya'll You never don't stop You never don't quit Kick out some sounds of hip hop bear Now clap your hands Every body Now move your feet Every body To the left to the left To the right to the right Now bring it back fat rhythm of the free style 왜 내게 말을 못해 이미 지나간 일들 진부한 옛 사랑 얘기 I love you tell me baby 솔직히 말을 해줘 그렇지만 너에겐 오직 나 뿐인거야 oh yeah 두려워 하지마 내 곁에 있는 걸 그대와 내 인생 저 끝까지 나를 믿어주길 바래 함께 있어 Cause I'm your girl hold me baby 너를 닮아가는 내 모습 지켜봐줘 Stay with me last forever 넌 왠지 달랐었지 느낌이 예전부터 알고 지낸 친구처럼 shake it shake it baby 그렇게 너는 내게 해맑은 웃음만을 주는 또 하나의 나 oh yeah 두려워 하지마 내 옆에 있는 걸 난 오직 너를 위해 살고 싶어 나를 향한 네 모든걸 간직할게 Cause I'm your girl hold me baby 너를 닮아가는 내 모습 지켜봐줘 Stay with me last forever Get him up get him up 몰랐어 난 난 너에게 있어 그 어느 하나 자신있게 얘기할 수 없었던 건 모두 부질없는 내 걱정이었다니 이젠 널 나의 품에 꼭 안아줄게 난 참 널 몰랐던거야 오직 너 하나 하나를 위해 내가 살아가야 한다는 것 말고 내게 중요한게 어디 있겠어 이젠 네가 알아주길 바라겠어 너에겐 그 어떤 말보다 넌 내꺼란 말이 듣고 싶어 사랑해 언제까지나 Baby you always in my heart 나를 믿어주길 바래 함께 있어 Cause I'm your girl hold me baby 너를 닮아가는 내 모습 지켜봐줘 Stay with me last forever 나를 향한 네 모든걸 간직할게 Cause I'm your girl hold me baby 너를 닮아가는 내 모습 지켜봐줘 Stay with me last forever yeah
19971124	에스이에스	Oh, My Love	female	댄스	9	문스톤	문스톤	SM엔터테인먼트	Oh my love Oh my love Oh my love 내게 I just wanna be the one for you Oh my love Oh my love 내게(내게) 너를 만난 이후로 나의 모든 것이 달라졌어 내 수첩에 적힌 다른 이름들도 깨끗이 지웠지 너를 만난 그 순간 부터 레몬빛 향기로 나의 사랑을 눈뜨게 한 너 그냥 내게 이렇게 있어주면 다른 연인들이 난 부럽진 않을꺼야 사랑이라고 말 안해도 느낄 수 있어 내입술에 너의 입술이 닿을때 너를 기다리던 시간도 외롭진 않아 처음부터 난 사랑에 빠졌나봐 그대와 단둘이 그대와 단둘이 Oh my love Oh my love Oh my love 내게 I just wanna be the one for you Oh my love Oh my love 내게(내게) 너를 만나기위해 우린 수많은 연습을 했고 서툰 이별속에 너와 나 만났지 그날 이후부터 나는 다시 태어난거야 시간이 흐르고 우리 같은 집에서 사는 날 나의 꿈을 이루는 그날까지 영원히 내곁에 내 맘을 떠나지마 사랑이라고 말안해도 느낄수 있어 내입술에 너의 입술이 닿을때 너를 기다리던 시간도 외롭진 않아 처음부터 난사랑에 빠졌나봐 그대와 단둘이 그대와 단둘이 Oh my love Oh my love Oh my love 내게 I just wanna be the one for you Oh my love Oh my love 내게(내게)	
19981123	에스이에스	Dreams Come True	female	댄스	6	바다	Risto	SM엔터테인먼트	내가 원하는 대로 자신 있는 모습 그대로 이제껏 숨겨 왔던 비밀을 네게 모두 말하고 싶어 (baby) Funny how all dreams come ture 나를 지켜줄꺼야 아껴왔던 작은사랑도 Funny how feel for you 너의 곁에 그려질 꿈결 같은 나의 미래도 처음 느낌 그대로 짜릿했던 느낌 그대로 서로가 약속했던 것처럼 같은 생각 갖고 있었지 (baby) Funny how all Dreams come ture 나를 지켜줄꺼야 아껴왔던 작은사랑도 Funny how feel for you 너 하나만 사랑해 Come on lover 언제나 둘이 함께 네가 있는 나 행복할거예요 더 이상 슬픈 노래는 듣지 않을 거예요 내 맘을 알겠죠 (woo) Now I love, if you want me, want to take it(take it). make it. so love with it with it with it with again. Funny what you do it gotcha do me what do again. do in what's up wella gella doing killa. Dreams come ture 나를 지켜줄꺼야 아껴왔던 작은사랑도 Funny how feel for you 너의 곁에 그려질 꿈결 같은 나의 미래도
19981123	에스이에스	너를 사랑해	female	댄스	21	최수정	최수정	SM엔터테인먼트	너를 사랑해 나의 마음이 Oh 너를 생각할수록 나는 행복해 다른 누구도 난 부럽지 않아 맑은 유리창으로 햇살이 나를 반기는 이 느낌 믿을수가 없어져 Oh yeah 너무도 내게 소중함을 느낄 수 있도록 해준 너 긴 밤이 오래 될수록 아침이 더디 올수록 그리워 우리 둘이 영원히 함께 같은 공간 속에 아픔이 많더라도 괜찮아 yeah 너를 사랑해 나의 마음이 Oh 너를 생각 할 수록 나는 행복해 다른 누구도 난 부럽지 않아 오렌지의 향기로 살며시 미소지을 땐 너의 웃음이 모든 걸 다잊게 해 Oh yeah 사랑해 지금 기적보다 놀라운 날들이 온 거야 나에겐 지금 너보다 너에겐 지금 나보다 소중한 다른 사람 없다면 함께 영원히 같은 집에 서로 얼굴을 보며 살아가 yeah 너를 사랑해 나의 마음이 Oh 너를 생각 할 수록 나는 행복해 다른 누구도 난 부럽지 않아 가슴을 적시는 아름다운 음악 속에 흐르는 저 시원한 빗방울처럼 넌 언제나 내게 그런 힘이 돼주고는 하지 마음이 불편하고 기분이 허전할때 넌 내 마음 저 깊은 구석 시원하게 해주네 네 곁에 있고 싶어 너를 사랑해 나의 마음이 Oh 너를 생각할 수록 나는 행복해 다른 누구도 난 부럽지 않아
19991029	에스이에스	Twillight Zone	female	댄스	1	유영진	유영진	SM엔터테인먼트	Baby always brand new 너의 사랑만큼 나를 행복하게 해주는 건 없는걸 매일 같이 난 느꼈어 맑은 첫사랑의 느낌 넌 다를거라 생각했어 시간의 벽에 부딪혀 언젠가 찾아올 이별의 준비 그 모든 것들 상관 없는걸 그대의 사랑 앞에  The girl that I used to be You'll be changing my heart baby I'd like that 꿈 같은 시간 변함없는 사랑 만을 내게 줄게 우리 약속을 잊지 말고 기억해줘요 I'll always be there my baby 언제까지나 많은 시간들을 같이 보냈지만 왠지 처음 같은 짜릿함이 있는걸 너를 만나 함께 있어도 나는 니가 보고 싶어 아주 상큼하게 달콤하게 부드럽게 나를 만질 때 해맑은 눈동자에 Oh 내가 있어 그대 내게 다시 말해봐 진심을 알 수 있게 The girl that I used to be You'll be changing my heart baby I'd like that 꿈같은 시간 변함없는 사랑만을 내게 줄게 우리 약속을 잊지 말고 기억해줘요 I'll always be there my baby 언제까지나 난 알고 있어 영원히 꿈 같진 않겠지 색이 모두 바래져 갈땐 또 처음 순간 기억해 잘 해갈거야 I bet you gonna love baby Eu will take ya I bet you gonna love baby Shoo will take ya I bet you gonna love baby B will take ya I bet you gonna love baby they will take ya The girl that I used to be You'll be changing my heart baby I'd like that 꿈 같은 시간 변함없는 사랑 만을 네게 줄게 우리 약속을 잊지 말고 기억해줘요 I'll always be there my baby 언제까지나
19991029	에스이에스	Love	female	댄스	4	유영진	유영진	SM엔터테인먼트	비 개인 거리를 나 홀로 우산을 쓰고 걸어갔어 수면위로 비치는 내 모습 마치 작은 어린 아이처럼 언제부턴가 어른인 척 하려던 매일 매일에 익숙해져 버린 나 그저 순수하게 서로를 느낄 수 있게 멀리하며 방황하며 그렇게 거듭돼 가는걸 연인이라고 부를 수 있는 영원한 시간 속에 우리 둘만의 특별한 얘길 함께 나눠 봐요 꿈에게는 꽃 꽃잎엔 바람 그리고 고독마져 모두 감싸 안듯이...... 지난 날 손 걸고 맹세한 잊지 못할 약속까지 난 지금도 가슴 깊은 곳에 따뜻한 마음 간직하고 싶어 어느 샌가 어른들의 사랑에 나를 감추고 지쳐있는 내 모습 만난 순간마다 이별은 찾아오는 것 생각하면 두려움에 끊임없이 도망가는 걸 연인이라고 부를 수 있는 세대와 시간 속에 특별한 운명 우리에게는 몇 번이니까 올까 시간의 날개 하늘을 향해 나에게는 용기를 그리고 이 생명을 모두 느낄 수 있도록. 내일이 다 보이지 않아 두려워져 혼자 견딜 수 없어 목이 메도록 내 마음은 애타지만 소리도 없이 아침이 오고 오늘이 다시 시작 되요 그대를 지키고 싶어 연인이라고 부를 수 있는 영원한 시간 속에 우린 둘만의 특별한 얘길 함께 나누어봐요 꿈에게는 꽃 꽃잎엔 바람 당신에게 사랑을 그리고 또 내일을 모두 감싸 안으며......
199611	구피	많이많이	male	댄스	3	이승호	윤일상		내 사랑 그대 제발 날 좀 날 좀 사랑해줘 많이 사랑 좀 해줘 많이많이 날 좀 날 좀 날 아껴줘 많이 날 좀 챙겨줘 많이많이 나를 이제 니가 그냥 내버려 두면 매일 다른 여잘 만나서 바람 필지도 몰라 내가 어디서 있는지 내가 매일 무얼하고 사는지 내가 너의 남자란것이 믿을수가 없어 피할수 없는 나의 운명이라고 생각할게 그 무엇이든 다 참으며 살아갈게 제발 최소한의 관심이라도 내게 보여줘야 하지 않겠니 너 나에게 너 없인 이제 못살아 정말 난 니가 전부야 제발 나를 도와줘 사랑해 한마디만 해 도대체 어딜 갔냐고 누구와 무얼했냐고 아무 관심없는 널 어떻게 견딜 수가 있어 이러지마 부탁이야 니가 없이 난 버틸 수가 없잖아 내 사랑 그대 제발 날 좀 날 좀 사랑해줘 많이 사랑 좀 해줘 많이많이 날 좀 날 좀 날 아껴줘 많이 날 좀 챙겨줘 많이많이 열길 물속은 알아도 한 길 사람속은 모른다는 얘기 난 그말을 통 이해할 수 없어 예 없어 달나라에도 가는 세상에 사람 마음 들여다보는 안경은 왜 안 생기나 몰라 알다가도 모르겠고 모르겠다가도 정말 모르는 니 맘 그런 니가 나를 더욱더 미쳐 버리게 해 독심술이라도 배웠다면 니 맘속을 훤히 뚫어보고 싶어 그래야 나에 대한 니 맘속을 확인하지 사랑한다는 그 말을 백번도 넘게 했는데 왜 넌 아무 얘기도 한마디 못하는 거야 하루만 너를 못 봐도 터질듯 가슴아픈데 제발 이러지는마 넌 이미 내 사랑인거야 이러지마 부탁이야 니가 없인 난 버틸 수가 없잖아 한마디만 내게 해줘 네 곁에선 난 영원할거라고 내 사랑 그대 제발 날 좀 날좀 사랑해줘 많이 사랑 좀 해줘 많이많이 날 좀 날 좀 날 아껴줘 많이 날 좀 챙겨줘 많이많이
19970925	구피	비련	male	댄스	57	이승호	윤일상		저 달빛이 내 창에 멈추길 기다리고 틈 그 빛이 내 얼굴을 비추며 낯설지 않은 그리움으로 눈을 감고 날 떠올려봐 우리 만난지 일년이 지나도록 모질게도 날 외면하고 너의 다른 사람을 내게 보였지만 넌 내게 아름다울 뿐이야 잠깐 돌아서서 날 바라봐줘 너로 물들은 날 바라봐줘 언젠가 너 또 비참히 버려질 때 여전히 그대로 있는 날 기억하게 열려 열려 열려라 참깨 열려 열려 열려라 참깨 희미한 희망으로 주문을 외워봐 아무리 냉정하게 등을 돌려도 이제는 너무 늦었어 난 이미 너 아니면 안될 그리움이 돼버린 걸 가끔 이런 내가 한심해 보여 눈 감아 잊으려 해도 바람에 묻어 있는 향기 소용없어 나를 한번 봐 제발 나를 봐 나를 한번 봐 내 모습을 봐 너 땜에 이렇게 비참하고 초라해진 내 모습을 한번 봐봐 너를 원하고 있어 왜 그리도 내 간절함 넌 몰라주니 이대로 날 버리려고 한다면 내 헛된 주문 계속 되겠지 널 향해 끓어 오르는 심장 보고픔에 지친 내 심정 언젠가 내 곁에만 있을 널 믿음으로 주문을 외워 울랄랄라라라라라라라라랄 제발 내게 다시 열려라 참깨 난 정말 미치도록 원하고 있어 필요해 너의 사랑이 내 삶에 니가 아닌 어떤 그 무엇도 필요 없어 어차피 지금까지 니가 있기에 나 아직 살아 있으니 이젠 날 너의 품속에 가져가줘 닫혀진 너의 마음 내게 열어줘 다가가 느낄 수 있게 이렇게 애원하는 내가 가엾지도 않은 거니 사랑해 정말이야 너 하나뿐이야 이 세상 끝난다 해도 니 안에 머물 수 있게 내게 와줘
199602	태사자	Memory	male	발라드	23 	지예	안정훈	매스컴	하나 둘씩 집으로 돌아가려 하는 저녁 무렵 어느새 다가와 있는 찬바람이 한 계절의 저 끝을 알리고 있어 시간은 흘러가고 넌 지금 떠나고 꿈에서 니가 아른 지난 추억만이 남아 나의 마음엔 변치 않는 아픔이 아직 남아 있어 어느새 거리엔 차가운 바람이 아직 식지않은 추억을 지워가네 너와의 이별이 마지막 내가 기억하는 여름의 끝이었어 함께 찾았던 바닷가 너의 입술을 느끼던 그 날 밤이 잊지 못할 행복이라는걸 몰랐었지 이젠 아무도 너처럼 나를 위해 작은 일에도 울어줄 사람없어 떠나가던 너를 보내는게 아닌데 다시 그때로 되돌아 가고싶어 나를 너있는 곳으로 데려가줘 그땐 너를 안고 영원히 머물거야 너의 곁에서 이 세상이 마치 Uh 텅빈 그런 feel 다시 한번 생각해봐 우리 Memory Remember me 널 그냥 이대로 보내야했는지 가는 널 붙잡지 않니 그 땐 난 뭘했는지 돌아서는 너를 잡지 못한 나를 이렇게 아쉬워서 지울 수 없나봐 나에게 잘해주던 너의 모습만이 나의 마음속에 아직도 남아있어 함께 거닐던 바닷가 은빛 모래에 남기던 발자욱이 내 가슴에 새긴 사랑인걸 몰랐었지 이젠 얼마나 너없는 내모습이 작고 초라해지는지 알수있어 너무 늦었지만 내겐 후회뿐이야 다시 그때로 되돌아 가고싶어 나를 너있는 곳으로 데려가줘 그땐 너를 안고 영원히 머물거야 너의 곁에서
19971126	태사자	도	male	댄스	6	장용진	장용진	매스컴	Ah-Yeah TAESAJA In The House Uh Check and turn to the back into the back 1,2,3 uh 1,2,3, uh 1,2,3 I said 1,2,3 full back 널 사람속에 묻어두고 살아가려 했어 나 잊고 살아 갈 수 있을 줄 알았지 널 사람들 중 만나기 전까지지만 나 널 알아보는 순간 알았어 널 못 잊는 걸 알았어 널 아직까지 사랑하고 있는 줄 알고 다시 느꼈지 내 눈에 흐르는 눈물 한 눈물에 내게 남아있던 너를 띄어보내며 세상에 혼자 울던 나도 보내고 애써 참아왔던 지금껏 숨겨왔던 더 큰 웃음 웃겠다 저 하늘을 날아가 (하늘 날아가) 먼 곳으로 날아가 (니가 있는 곳)에서 함께 꿈을 꾸며 살꺼야 (Uh 떠나겠어, 나 니 손을 잡고) 너무 사랑했기에 (사랑했기에) 너무 행복했기에 나 죽어도 너를 너무너무 사랑해 (Uh 멀리 또 멀리 너와 떠나겠어) Ah-Yeah TAESAJA In The House Uh Check and turn to the back into the back 1,2,3 uh 1,2,3, uh 1,2,3 I said 1,2,3 full back 날이 날이 지날수록 생각했어 난 내게 다시 돌아올꺼라 생각 했어 난 다시 내게 사랑을 한다 말을 할 수 있을거라 나는 나는 정말 정말 생각했어 난 더 멀리 더 멀리 난 너의 꿈을 싣고 멀리 멀리 더 멀리 난 한 눈물에 내게 남아있던 너를 띄어보내며 세상에 혼자 울던 나도 보내고 애써 참아왔던 지금껏 숨겨왔던 더 큰 웃음 웃겠다 저 하늘을 날아가 (하늘 날아가) 먼 곳으로 날아가 (니가 있는 곳)에서 함께 꿈을 꾸며 살꺼야 (Uh 떠나겠어, 나 니 손을 잡고) 너무 사랑했기에 (사랑했기에) 너무 행복했기에 나 죽어도 너를 너무너무 사랑해 (Uh 멀리 또 멀리 너와 떠나겠어) 너무 사랑했기에 (사랑했기에) 너무 행복했기에 나 죽어도 너를 너무너무 사랑해 (Ah-Yeah TAESAJA In The House Uh)
19971126	태사자	Time	male	댄스	1	박재완	박재완	매스컴	길을 걷다 우연히 널 마주치게 되면 나는 아무 말도 못하고 너를 피할 것만 같아 그렇게도 너를 좋아했기에 그렇게도 너를 아꼈기에 Time 나를 떠나 행복해하는 너를 보면 나는 아무 말도 할 수 없을 것만 같아 그냥 이대로가 좋아 널 그리워하는 그냥 이대로가 좋아 (1, 2, 3 Hit it) 아주 작은 눈빛 하나로 너를 잊어가면서 나를 보고 있지만 그렇다고 널 볼 순 없어 이젠 아주 오래된 영화처럼 느껴질 뿐 하지만 (하지만) 너에게 (너에게) 보여주고 싶은 게 가슴 속에 남아있는데 이제는 너 아닌 다른 사람들에게 너를 얘기했어 떠나가는 널 보고 있지만 아프지는 않아 언젠가 다시 내 품에 돌아오겠지 난 그렇게 널 믿고 싶었어 널 좋아하는 마음이 아직 남아있기에 그래 나도 이제 이런 내가 정말 보기가 싫어 하지만 너를 잊지 못하는걸 어떻게 하라고 친구들은 나를 비웃겠지 그래도 난 신경쓰지 않아 하지만 (하지만) 너에게 (너에게) (너에게 보여주고 싶은 게 가슴 속에 남아 있는데) 보여주고 싶은 게 가슴 속에 남아있는데 이제는 너 아닌 다른 사람들에게 (이제는 너 아닌 다른 사람들에게 너를 얘기했어) 너를 얘기했어 떠나가는 널 보고 있지만 아프지는 않아 언젠가 다시 내 품에 돌아오겠지 난 그렇게 널 믿고 싶었어 널 좋아하는 마음이 아직 남아있기에 떠나가는 널 보고 있지만 아프지는 않아 언젠가 다시 내 품에 돌아오겠지 난 그렇게 널 믿고 싶었어 널 좋아하는 마음이
199907	태사자	Magic	male	댄스	23	Cyren	윤일상	매스컴	물끄러미 나를 바라보는 은근히 바란 너희들의 속셈 알고 있어 나는 내가 먼저 시작한 줄 끊어 놓을게 그래서 자신감을 심어줄게 그렇게 부담스런 눈빛 제발 보이지마 그만 그렇게 나를 보지말아 이젠 그만 그녀가 내게 오는 것이 앞으로 그리 멀지는 않을거야 이제부터 무얼 해야 하나 나도 어른이 되어 가는걸까 누군가 내 곁에서 도와줄 사람 없는지 나를 너무 혼란스럽게 해 나에게 기대오던 친구들도 모두들 나와 같은 생각을 할까 오 그렇게 기다린 이런 시간들속에 왜 나만 방황해야만 해 Shes coming Im waiting for you Im coming 언제나 이곳에 있을꺼야 Shes coming Im hunger for you 니가 가진 너의 환상을 보여줘 그래 오늘밤 내 곁으로 와 잠든 날 깨워줘 이제껏 기다려 왔어 난 받아들일 준비가 되있어 Im in the magic with you  과연 그녀가 지금의 내 말을 들어줄까 과연 그녀가 내 맘을 알아줄까 이리도 모든 것을 원하는 내 맘 더이상 바보 될 수 없는 내 맘 정신을 잃어버린 나는 도저히 정말 하지만 너도 바라잖아 정말 언제나 그리던 magic같은 영상 조금씩 다가와서 깊은 네 속에 초대해 줘 너만의 환상 내가 가는 길이 두려워져 태연한 척 하는 나이지만 모두들 나를 믿고 있는데 져버릴 수 없어 그 기대를 멀리 할 수 없어 답답한 나를 이제 구원해줘 막막한 이 길에서 날 꺼내가줘 오직 너만 나를 행복하게 만들 수 있어 니가 말하던 그 곳에서 Shes coming Im waiting for you Im coming 언제나 이곳에 있을꺼야 Shes coming Im hunger for you 니가 가진 너의 환상을 보여줘 그래 오늘밤 내 곁으로 와 잠든 날 깨워줘 이제껏 기다려 왔어 난 받아들일 준비가 되있어 Im in the magic with you  Yeah 답답하던 내 안에 내 속에 거대하게 파고드는 그녀는 말할 수 없는 이 느낌을 전해준 그녀는 나만의 Magician 오직 나만 모두 바라던 원하던 그것을 하룻밤에 이루어내고 만거야 모두가 부러워 나를 붙잡고 너와 함께한 magic을 원해
199907	태사자	Vanessa	male	댄스	33	오지훈	김진권	매스컴	I love you 떨리는 목소리로 넌 내게 고백을 했어 I love you too 어설픈 발음 나도 네게 고백했지 너와 난 다른 땅위에 다른 색의 눈빛 서로가 다른 모습 너무 틀리지만 내 사랑은 너였어 너무나 힘이 들었어 너도 힘들겠지 왠지 우리의 사랑 잘못된 것 같아 내 가슴속 모두다 무너져 견딜수 없지만 포기 못해 나의 Vanessa 눈빛이 달라 어색해도 하늘이 다르진 않아 그 끝이 어디라도 난 괜찮아 난 널 부를 수 있어 눈빛이 달라 어색해도 살아갈 시간이 많아 이젠 네게 힘든 날 없을 거야 사랑해 널 영원히  남들과 내 주위 모든 사람들 우리를 삐딱하다하지 사랑엔 국경도 없고 그렇듯 말뿐인 너희들 모두다 남들과 내 주위 모든 사람들 우리를 삐딱하다 하지 사랑에 국경도 없고 그렇듯 말뿐인 너희들 모두다 Don`t cry 외로운 눈에서 지켜줄게 나 My Love Vanessa Don`t cry 외로운 눈에서 지켜줄게 나 My Love Vanessa Don`t cry 외로운 눈에서 지켜줄게 나 My Love Vanessa Don`t cry 외로운 눈에서 My Love Vanessa My Love Vanessa 이런 날 원망하겠지 밤새 슬퍼하며 내게 눈물로 배신감을 말하겠지 모두 내 탓이라고 하지만 이제 더 이상 날 막을 순 없어 함께 했었던 모든 시간들이 이젠 내 가슴속 모두 다 채워져 지울수가 없어 포기 못해 나의 Vanessa 눈빛이 달라 어색해도 하늘이 다르진 않아 그 끝이 어디라도 난 괜찮아 난 널 부를 수 있어 눈빛이 달라 어색해도 살아갈 시간이 많아 이젠 네게 힘든 날 없을 거야 사랑해 널 영원히
199711	엔알지	할수있어	male	댄스	2	이용민	이용민	뮤직 팩토리	할 수 없어 널 사랑한다는 말 또 널 그리워한단 말 네 주위에서 난 항상 맴돌고 있어 네 옆에서 땅만 쳐다보고 있어 고개도 들 수 없어 단 한 번의 내 첫사랑을 위해서 어 내 맘을 전해줘 누구라도 내가 여기 서 있겠다 해줘 빠라빠라 너를 누구보다 아껴줄 내가 여기 있어 빠라빠라 어 네가 나를 어 사랑할 때까지 그 때까지 널 기다릴 수 있을 때까지 너무나 힘들어 쓰러질 때까지 널 원할 때까지 어 그 때까지 받아줘 네 안에 있게 해줘 울리지 말아줘 나는 그저 너의 곁에서만 함께 있게 해줘 언제쯤 내 맘을 넌 알아줄까나 언제쯤 나를 애타게 안 할까 우리는 우연일까 아니 필연일 거야 나를 사랑한다 해 할 수 없어 널 사랑한다는 말 또 널 그리워한단 말 네 주위에서 난 항상 맴돌고 있어 네 옆에서 땅만 쳐다보고 있어 고개도 들 수 없어 단 한 번의 내 첫사랑을 위해서 이렇게 평생을 너와 보낼 수 있으면 좋겠어 슬픔은 나눌 수 있고 기쁨은 배로 함께 할 수 있잖아 언제쯤 내 맘을 넌 알아줄까나 언제쯤 나를 애타게 안할까 우리는 우연일까 아니 필연일 거야 나를 사랑한다 해 할 수 없어 널 사랑한다는 말 또 널 그리워한단 말 네 주위에서 난 항상 맴돌고 있어 네 옆에서 땅만 쳐다보고 있어 고개도 들 수 없어 단 한 번의 내 첫사랑을 위해서 어떻게 해 나를 도와줄 사람도 그녀에게 전해줄 날 도와줘 끝나지 않게 해줘 내 마음을 그녀에게 전해 단 한 번의 내 첫사랑을 위해서
199801	엔알지	사랑만들기	male	댄스	1	김영아	신동관	뮤직 팩토리	지금 니 앞에 나를 느껴봐 니 사랑을 기다렸던 내가 있잖아 참아왔었던 나의 바램 모두 너하나만 바라보던 시간이었어. 오직 너만을 너를 사랑해 이젠 내가 니모든걸 지켜줄거야 남은 날들의 모든 행복은 나의사랑 너를 위해서 언제나 니 안엔 내가 없다고 혼자서 나를 달래며 많은사람들속에 말없이 니주윌 맴돌곤 햇었지 여러번 바뀌는 너의 남자를 힘없이 지켜보던난 다른사랑 만나도 너만의 행복을 빌어 왔어 하지만 그 때마다 쉽게 끝이났던 힘에 겨운 널 보면서 니안에 채우려 했던 진짜 사랑은 나란걸 깨달았어 이젠 말할께 너를 사랑해 비워뒀던 내맘모두 니꺼라는걸 지난시간의 못한 바램더해 영원토록 내가 너를 지켜줄꺼야 지금 이대로 내게 오면돼 너아니면 줄수없는 나의품으로 언제까지나 너의가슴에 큰사랑을 채워줄꺼야 왔어 나의 사랑이 왔어 모두 지나갔던 날들 이제 모두 잊어 봐봐 날 지켜봐 영원히 행복해질 널 지켜봐 붐붐 오직 나만이 널지켜줄수가 있어 팡팡 채워줄거야 나의사랑 너를 위해서 지나간 슬픔은 모두 지워줘 또 새롭게 만든 추억은 너하나만 지켜줄 마지막 내모습이었잖아 지금껏 망설였던 나의시간만큼 내가 못한걸 줄꺼야 넌 그저 누구보다 행복에 겨운 미소만 보이면돼 이젠 말할께 너를 사랑해 비워뒀던 내맘모두 니꺼라는걸 지난시간의 못한 바램더해 영원토록 내가 너를 지켜줄꺼야 지금 이대로 내게 오면돼 너아니면 줄수없는 나의품으로 언제까지나 너의가슴에 큰사랑을 채워줄꺼야 이세상에 많은사람들 그중에서 가장 소중한 그사랑하나 너의품안에 채워줄꺼야 오직너만을 너를 사랑해 이젠 내가 니모든걸 지켜줄꺼야 남은 날들의 모든 행복은 나의사랑너를위해서
199907	오피피에이	그대야 미안해	male	댄스	3			베토벤 뮤직	볼 수 없었어 듣진 못했어 너무 어두웠기에 아무도 없는 나의 마음을 보여 줄 수도 없기에 포기도 했지 앉아 버렸어 이젠 생각 않기에 이상해졌어 나도 모른 행동을 해 알았지 눈이 커져 버린 이유 그대 내게 왔어요 날 일으켜 줬어요 너무도 작아졌던 나는 그대 볼 수 없었죠 바보바보 나는 정말 죽어야만 할 것 같다 너무 챙피 했었죠 도망가려 했어요 너무나도 큰 그대 나는 정말 볼 수 없어 어떻게 그대야 미안해 항상 지쳐울던 나에게 너의 마음에 담아 주었고 눈물에 아픔 또 슬픔 상처 모두 지워준다며 더더더 크게 울던 내 눈에 눈물임에 모두 같았어 눈안에 세상 보이는 것 없기에 이젠할 수 있어 네 눈에 흐르는 눈물 내가 닦을게 감추려 하진 또 숨기진 않아도 돼 나 널 위해 여기에 서 있을게 내 눈에 눈물임에
199907	오피피에이	와요와요	male	댄스	25			베토벤 뮤직	와랄라라 라라와요 와랄라라 라라와요 와랄라라 라라라라 와랄라라라 지금 예약 받아요 첫눈 내리는 날에 나의 하루를 전세 낼 한 사람만 어서 내게 와줘요 망설이면 늦어요 어디 그런 사람 없을까요 핸드폰을 장만하면 제일 먼저 걸게되는 사람 하루 종일 생각 날 사람 보고플때마다 삐삐를 치게되는 사람 돈이 없어도 사람 앞에서 기죽이지 않을 사람 그런 사람 나도 갖고 싶어요 서러울거야 애인없는 겨울은 더 추울거야 배 아플거야 지나가는 연인들 샘나서(어떻게 하면돼?) 나의 사랑을 모두줄까요 와요와요 우리 겨울에 사랑할까요 와요와요 혹시 지금 필요한가요 진짜 늑대 목도리 그대 내 곁에 다가올래요 와요와요 나와 이 겨울 함께할래요 와요와요 언제나 시리던 내 옆구리에 여우털 달아줘요 월동 준비 했나요 미리미리 해야죠 애인 하나 빨리들 만들어요 아직 못 찾았나요 그럼 나는 어때요 이래뵈도 나도 쓸만해요 아무에게나 사랑한다고 말하지 않는 비싼 사람 한 여자에게만 지는 사람 기분따라 짜증을 내도 다 받아줄 사람 사람들 모두 외면해도 감싸줄 사람 그런 사람 바로 여기 있어요 사랑하고 싶어져요 정말 따뜻할거예요 우리 함께 이 겨울에 사랑할까요
199806	T.N.B	아름다운 이별 Part 1	male	발라드	67				친구가 이별의 아픔으로 힘들어 할 땐 별일 아니라며 기분 전환삼아 놀았던 놀이공원엔 어느새 주인공 바뀐채 날 반기고 하염없이 웃다가 울다가 널 닮은 누군가가 스쳐지나갈 때면 난 넋나간 듯이 바라보곤 했죠 추억속에 한 페이지를 오려내며 긴 스무해 살동안 한 번을 느껴 봤을까 이별의 아픔 상처 그건 나완 상관없는 남 얘기라 믿었죠 추억을 맴돌다 울고 있는 내모습 보면 웃으며 보내주렴 눈물속에 지켜왔던 나의 눈물까지도 1년이란 시간이 흘러 버린 지금 이 순간에도 널 잊을 수가 없지만 선명하게 남아 있는 너와의 기억을 지우려고 노력하고 있어 어디선가 들려오는 네 작은 소식들 민감하지 않으려고 했지만 난 참 어이없게도 머리속엔 벌써 보고 싶은 생각으로 꽉 차있어 그대가 나 아닌 누군갈 선택해도 단 한번도 널 원망하며 울진 않겠어 널 사랑했었지만 보내야만 하는 내 눈물의 의미를 너는 알겠니 살아갈 의미조차 느끼지 못하나 난 네게 무엇도 될 수가 없는건지 집착을 버릴게요 내 안에 널 가두고 이젠 널 버릴게 영원히 Ah T the my love which makes me go crazy as I see you why can I live with out you sweet memories your mind is still in my heart let me keep it deep it in my side I only got your wetty picture with my tears I believe you wont forget how much I loved you and I do love you but we cant be together forever please please dont cry for me 그대를 위해서 모두 다 잊어야겠지만 내 눈물이 앞을 가려 널 볼 수 없는걸 잡지 못한 사랑을 위해 한숨 쉬고 있어 그대와 나의 어리석은 처신을 언제나 너의 곁을 맴돌던 시간 이젠 이별의 터널속에 다 묻어둘게요 제발 날 잊어줘요 마지막일테니 부디 행복하길 바래요 오랜 기다림은 날 지치고 힘들게 했죠 그대가 내게 맞지 않다는걸 받아들이기까지 난 조금씩 하루를 잃어가겠지 무언가 잘못됐다면 용서빌고 싶어 우린 싸워야할 시간도 시작할 시간도 없고 내가 가진 모든 희망도 잃어버리고 눈물이 많아지고 마음이 약해지고 몸도 마음도 허약해지고 말았는데 살아갈 의미조차 느끼지 못하나 난 네게 무엇도 될 수가 없는건지 집착을 버릴게요 내 안에 널 가두고 이젠 널 버릴게 영원히
199806	T.N.B	남자가 여자를 사랑할때	male	댄스	88				남자가 여잘 사랑해 흔한 일이지 뭘 나도 너만을 사랑해 세상에 하나뿐인 너 너 약먹는거 잊지마 꼭 산책은 해 매일 밤 별 보지 말고 일찍 자 그래야 더이상 아프지 않으니 나 떠나갈께 너 딴사람 생겼으니 너에게 마지막 해줄껀 이것 하나야 널 양보하는 것 너의 아픔 너무나 잘 알고 있어 나 이제 멀리서 바라만 볼께 그 사람 착하길 바래 그래서 나는 울지 않을꺼야 내가 널 아끼고 위해왔듯이 그 사람 널 위해줄꺼야 제발 세상에 있기만 해줘 널 볼 수 있게  너와의 마지막 밤이야 이제 내일이면 나 떠나갈게 촛불은 점점 꺼져가고 밤은 점점 아침으로 태어나지 왜냐고 묻긴 싫어 널 이해할 수 있기에 그렇게 나 떠나갈께 하늘의 흰눈 맞으면서 이젠 모든 것이 끝났어 사라졌어 넌 떠나갔어 그래서 아픔도 없어 상처도 없어 너에 대한 추억없어 그래 없어 하지만 왜인지 몰라 그렇게 할순 없어 난 널 아직 사랑하고 있나봐 널 사랑해 난 괜찮아요 당신마음 난 알아요 이젠 눈물 흘리지 마세요 우리의 마음은 똑같을테니까 나 떠나갈께 너 딴사람 생겼으니 너에게 마지막 해줄건 이것 하나야 널 양보하는 것 너의 두 손 이제는 잡을 수 없어 너 이제 딴사람 생겼으니까 왜냐고 묻지는 않을께 그저 나는 기도할꺼야 너의 마지막을 감추기 위해 넌 나를 떠났을테니까 제발 내 모습 잊진 말아줘 나 부탁할께 그래 슬픈 우리 사랑 이렇게 난 끝낼 수는 없었고 아픈 우리 기억 이렇게 난 사라질 순 없었지 나는 아직도 그 모든 것을 잊을 수는 없었지 이제는 너 이 세상을 떠나 하늘로 갔지만 사랑하고 있나봐
199806	T.N.B	진달래꽃	male	댄스	90				나 기도했어 너의 모습 보면서 정해진 우리의 시간 멈추길 기도해 지켜주겠다던 나의 다짐도 이젠 거짓말이 되어 버렸어 이제 그만 슬퍼마 아이야 세상 모든 사람 똑같은데 그렇게 그대 홀로 아픔속에 살아가야만 하는건지 이젠 그만 울지마 아이야 그댈 위해 내가 해줄께요 아무것도 할 수 없는 나이지만 흐르는 눈물 내가 닦아줄께요 세상에 어디도 그대는 없지만 지킬께 나 죽어 꽃이 되어서 그대 가시는 그 길 오 그 발 밑에 뿌려질께요 널 데려간 하늘아 슬픔도 함께 가져가 오 바다야 그댈 이제 꼭 안아줘 가루로 변해버린 그댈 이젠 보낼께 울지않아 그대여 이제는 쉴 수 있잖아 오 머나먼 그곳에서 하지만 제발 잊지 말아줘 널 사랑해 나보기가 역겨워 가실때에는 말없이 고이 보내 드리오리다 영변에 약산 진달래꽃 아름따다 가실 길에 뿌리오리다 그대 이제 떠나갔다 여기없다 멀리갔다 없다 웃었다 마지막 그대 내게 보여줬던 슬픈 웃음 하늘이 우릴 갈라 놓고 세상이 갈라 놓고 슬퍼하고 이제는 나 그댈 위해 할 수 있는건 오직 하나 기도뿐  세상에 어디도 그대는 없지만 지킬께 나 죽어 꽃이 되어서 그대 가시는 그 길 오 그 발 밑에 뿌려질께요 널 데려간 하늘아 슬픔도 함께 가져가 오 바다야 그댈 이제 꼭 안아줘 가루로 변해버린 그댈 이젠 보낼께 울지않아 그대여 이제는 쉴 수 있잖아 오 머나먼 그곳에서 하지만 제발 잊지 말아줘 널 사랑해 영원히 세상 어디에도 찾을 수가 없어 내게 남은 눈물도 이제는 없어 날 날 이대로 그냥 그렇게 내버려둬 그래 나의 마음 변치 않을꺼야 항상 그대 기억하고 있을꺼야 그대모습 내 마음에 이렇게 난 간직할께 나는 아직 그댈 사랑하는데
199806	T.N.B	너와 함께 할꺼야	male	발라드	99				이제와 나 혼자 생각해보니 너는 나에게 너무 큰 사랑을 주었어 그 사랑을 모른체만 하고 외면한 내 모든 것을 용서해 주겠니 언제나 넌 내게 말해 왔잖니 다른 누구도 사랑 할 수 없을거라고 오랫동안 나를 지켜보며 흘렸던 맘의 눈물도 얼마나 많았니 나를 이해하니 그때는 왜 너를 떠나야만 했는지 나의 모든 것을 네게 줄 수 없다면 너를 아프게 하긴 싫었어 이제야 너에게로 돌아온 내맘을 받아 줄 수 있겠니 니가 날 사랑했었던 것만큼 나도 널 사랑할 수 있어 그래 내가 다 잘못한거야 나를 좀 용서해줘 너만을 품에 안고 지켜줄 자신이 없었던 내맘을 이제와 후회해 미안해 떠난 후에 빈자리만 쓸쓸히 날 반겨줄뿐 눈물로 지새웠던 니가 자꾸만 맘에 걸려 밤새 울다 지쳐 잠든 전화기에 대고 내 사랑을 마음을 전해주고 싶었었지만 자꾸 날 피하는 너 니 맘을 내게 말해봐 이제야 너에게로 돌아온 내맘을 받아 줄 수 있겠니 니가 날 사랑했었던 것만큼 나도 널 사랑할 수 있어 이제야 너에게로 돌아온 내맘을 받아 줄 수 있겠니 니가 날 사랑했었던 것만큼 나도 널 사랑할 수 있어 너도 예전처럼 너의 사랑을 나에게 줄 수만 있다면 나 이제 약속할께 너만을 사랑할꺼라고 간직할꺼라고 영원히 너와 함께 할꺼야
199806	T.N.B	단심가	male	발라드	81				그래 니가 보고 싶다 견딜 수 없을만큼 가슴시린 고통속에서도 니가 살아있다는 것에 늘 감사했어 부디 부디 넌 행복하길 바래 진실로 진실로 사랑했던 너에게 그래 떠난 널 위한 이별의 곡주가 더욱 더 초라해져 버린 날 울려 또 아물었었던 내 눈물까지도 다가온 만큼 나를 숨죽여 아픔 견뎌왔지만 미안해 널 아직 보낼수가 없는 날 미련뒤엔 늘 니가 보고 싶기에 영원히 너만을 위해 내 모든걸 버릴께 용서해줘 긴 시간도 홀로 외로이 견뎌낼 수 있는 내게 돌아와 널 사랑해 그 다짐 영원히 간직할꺼야 내 눈물 메말라 눈 감는 날까지 나 아직도 널 사랑한단 말을 못하고 이렇게 후회하고만 있어 가끔식 투정에 톨아지곤 했던 너를 미워했던 내가 너무 미안해 용서해 조금씩 너를 위해 준비했던 말 영원히 사랑해요 니가 듣고 있다면 내가 간절히 기다릴께 돌아올 때까지  항상 여린 나를 위해 강해지기를 기도했었던걸 난 기억해 또 여린 손끝을 내 가슴에 묻고 따스한 체온 느낄 수 있게 사랑 함께 나눴던 미안해 널 아직 보낼수가 없는 날 미련뒤엔 늘 니가 보고 싶기에 영원히 너만을 위해 내 모든걸 버릴께 용서해줘 긴 시간도 홀로 외로이 견뎌낼 수 있는 내게 돌아와 널 사랑해 그 다짐 영원히 간직할꺼야 내 눈물 메말라 눈 감는 날까지 기억해 저편으로 멀어져 간 그대여 부디 내몫까지 행복하기를 니가 없는 세상에 난 난 도저히 살아갈 자신이 없어 바보같은 내 믿음이 깨져버린다 해도 추억속에 널 가두진 않을테니까 사랑해
199806	T.N.B	좋은 세상 만들기 (하나)	male	발라드	77				저는 얼마 전 관심밖에 밀려 길을 잃고 울던 한 아이를 보았습니다 그 꼬마는 엄마 얼굴을 그리다 지쳤는지 어디론가 사라져 가는 것이었습니다  불행한 너무도 불행한 현실이었죠 그 어느 누구도 아이에겐 관심이 없었습니다  또 하나에 미아가 가정으로부터 멀어진 거죠 누굴 위해 나 살아가는건지 알 수 없는 미래 또 내일이 가고 숨 막힌 하루 울다 지친 모습이 너무나도 초라해 보여요 세상이 힘들어도 이겨낼 수 있는 저 아이들의 순수함이 있기에 난 깨달았죠 사랑의 소중함을 말예요  세상은 너무나 불공평한거 같아요 주위를 둘러보면 힘들어 지친 친구들이 많거든요 음 그런데 우리는 자기만의 행복을 누리는데 익숙해진거 같아요 이젠 서로 이해하고 아껴주고 감싸줬으면 좋겠어요 우린 하나잖아요 누굴 위해 나 살아가는건지 알 수 없는 미래 또 내일은 가고 숨 막힌 하루 울다 지친 모습이 너무나도 초라해 보여요 하지만 난 사랑해줄 날 있기에 이
199806	T.N.B	영화같은 이별	male	댄스	70	박선경,이병휘			나에게 자꾸 멀어져 가는 널 잡으려 한 것 뿐인데 이별의 말을 꺼내 놓고서 난 어떻게 할 지 몰랐어  한순간에 우리 사이가 이렇게 될 줄은 몰랐어 영화같은 우리 이별 예고도 하지 않았었잖아  왜 떠났어 물어볼 시간 준 적조차 너는 없었어 너를 보내고서 후회할 걸 알면서도   날 사랑했단 너의 말 (나는 믿을 수 없어) 차라리 싫어했다고 (솔직하게 말을 해줘)  어차피 나만의 사랑 (너도 알고 있잖아) 그래도 난 너를 그리며 울텐데  널 잊어주길 원한다면 그래 난 잊은척 해 줄 수 있어 나 그리워진다면 망설이지 말고 꼭 다시 내게 돌아와줘   내가 만들어낸 연극이었어 네 맘을 알고 싶어 그랬던 거야 나와 함께일 때보다 아름다운 너 애초부터 날 사랑하지 않았어  그저 장난처럼 해 본 말 오래 기다려 왔던 것처럼 그렇게 넌 나를 기만하며 속여온 채 긴긴 시간들을 보냈던 거야  그래 난 이제부터 혼자야 너와의 시간들은 이미 사라졌고 기억은 추억으로 점점 변해 갔지 널 향한 그리움 참을 수가 없었기에  흘러간 시간조차 내겐 아픔이지 이 모든 상처 간직한채 오늘도 난 여기 널 떠올리며 홀로 남아 눈물 지으며 널 그리지 난   한순간에 우리 사이가 이렇게 될 줄은 몰랐어 영화같은 우리 이별 예고도 하지 않았었잖아  왜 떠났어 물어볼 시간 준 적조차 너는 없었어 너를 보내고서 후회할 걸 알면서도   날 사랑했단 너의 말 (나는 믿을 수 없어) 차라리 싫어했다고 (솔직하게 말을 해줘)  어차피 나만의 사랑 (너도 알고 있잖아) 그래도 난 너를 그리며 울텐데  널 잊어주길 원한다면 그래 난 잊은척 해 줄 수 있어 나 그리워진다면 망설이지 말고 꼭 다시 내게 돌아와줘   너와의 그 사랑을 잊을 수는 없어 기쁨 눈물 모두 함께 했잖아 너는 이런 모든것을 잊으며 살아가고 나는 이런 모든것을 기억하며 살아가지  영화처럼 만났었고 영화처럼 이별했던 우리 이젠 추억들을 간직하고 이제는 널 떠나 보낼 수 있을 거야 네가 우리 기억들을 간직하고 있다면 넌   널 잊어주길 원한다면 그래 난 잊은척 해 줄 수 있어 나 그리워진다면 망설이지 말고 꼭 다시 내게 돌아와줘
19970701	T.N.B	비키니-Ⅰ	male	댄스	55	이승호			계절중에 언제가 제일 좋냐고 내게 물으면 아물론 두말하면 잔소리 여름 아니겠어 수영장엔 쭉빠진 몸매 비키니 입은 여자들 아 만약 그런 풍경 없다면 아 물론 짜증이지 요런 요상한 취미에 아침 눈을 뜨면은 난 바로 수영장에 출근해 내 삶을 유지시키지 이런 완벽한 여름을 준비하기 위해서 봄부터 내 몸매를 가꾸며 난 기다려온거야 그러다가 어느날 난 너를 보았어 내 눈앞을 스쳐가는 저 비키니의 너를 긴머리를 날리며 걷는 넌 너무 아름다웠어 아 마치 영화처럼 니 모습 너무 황홀했어 꿈을 꾸듯 니곁에 앉은 내모습 자꾸 보였고 아 이게 바로 사랑이 아닐까 하는 환상이 나 뿐만이 아닐꺼야 그녀한테 꽂혀버린 남자 그렇다고 여기에서 포기할 나 아니지 그래 용기내서 다가가는 거야 조금만 더 참아라 내 아들아 조금만 더 지나면 세상의 빛 볼수 있을테니까 그런데 이게 뭐야 내 몸이 말을 듣지 않아 꼼짝도 할 수 없어 바라만 보고 있어 세상에 태어나 부러운 건 많지만 비키니 부러운건 처음일꺼야 나의 시선을 남에게 혹시 들킬지 몰라 새까만 썬글라스 끼고서 널 뚫어지게 보았지 어느 누구도 너만큼 완벽하진 못했어 세상에 비키니는 널위해 만들어진 것 같아 여기 많은 사람중 너처럼 혼자는 나뿐인걸 알아주길 난 기다리고 있어 돌아누워 썬텐을 하는 너에게 가고 싶지만 아 마치 악몽처럼 꼼짝도 할 수 없게 됐어 어떤말을 해야만 너의 사랑이 될수 있을까 아 옛날 나무꾼이 했듯이 그럴수만 있다면 계절중에 언제가 제일 좋냐고 내게 물으면 아 물론 두말하면 잔소리 여름 아니겠어 수영장엔 쭉빠진 몸매 비키니 입은 여자들 아 만약 그런 풍경 없다면 아 물론 짜증이지
19970701	T.N.B	노코멘트 (No Comment)	male	댄스	78				외로워서 만났던 중에 착각한 여자가 있었어 사랑이란 말 해달라고 매번 요구했지만 난 노코멘트라는 말밖에 할 수 없어 원망들어도 죄책감 없이 돌아선건 내 대답이 정직했기에  아마 그 때의 댓가로 차가운 너를 만나야 할 운명이 된 건지 몰라 오래된 연인처럼 쉽게 지친 너 짧게 즐기고 그때 낼 너를 보았어  *할만큼 한 나에게 이럴수가 헤어질 이유를 다 대봐 하지만 한마디도 없는 니가 내게는 피도 눈물도 없어보며  **예전에 나 그랬어 누군가에게도 이런 상처 준적 있었지 나는 사랑이란 말 못하고 떠났지 이제서야 내 모습 닮은 널 겪으며 니가 나를 떠나고 싶단걸 내게 되돌아 와버린 이별로 알았어 이제  모든게 다 상대적이야 슬픔을 아는 자가 아픔을 알아 지난날 내게 입은 상처로 울었던 내가 버린 그녀가 떠올랐어 그때 내가 했던 말을 지금 내가 사랑하는 네게 듣게 될줄이야 정말 몰랐어 너에겐 무책임한 나의 절망 이란걸  