1999.08.01	언타이틀	떠나가지 마세요	male	댄스		레오뮤직	
1999.03.05	언타이틀	학교 (Main Title)	male	-		레오뮤직	"다시 바꿔 생각해 너무 억울한걸
다른 위치라면은 누구나 같은데
학교폭력에 숨진 인격들 그 생각들 집어쳐
어릴적 꿈 같은건 찾기가 힘든데
이겨낼 수 없는건 바로 우리 현실
그렇지만은 포기하지마 모든 걸 잃기전에
조금씩 바꿔 변해가는 이 세상
아름다운 우리 미래를
닫힌 가슴들을 열고서 함께 달려가

다시바꿔 생각해 너무 억울한걸
다른 위치라면은 누구나 같은데
학교폭력에 숨진 인격들 그 생각들 집어쳐
어릴적 꿈 같은건 찾기가 힘든데
이겨낼 수 없는건 바로 우리 현실
그렇지만은 포기하지마 모든 걸 잃기전에
조금씩 바꿔 변해가는 이 세상
아름다운 우리 미래를
닫힌 가슴들을 열고서 함께 달려가
이른 아침 눈 뜨자 마자 발길 옮겨
서둘러 도착해 교실메꿔 특별한 꿈들 펼치며
모두 굽히지 않는 또 투지로 덤벼
날 괴롭힌 어느 누군가 다른 누굴 괴롭히려
애쓰나 다가온 순간 함께 나눈 많은
시간 이겨 나가봐"
1999.02.01	언타이틀	떠나가지 마세요	male	댄스	"유건형
작사
서정환
작사
유건형
작곡
유건형
편곡"	레오뮤직	"난 울고 있어요 그대도 아시나요
미치도록 아픈 나의 가슴을
그대 날 떠난 후엔 세상 그 무엇들도
내 맘 달래줄 수가 없었어요
그토록 나 그댈 사랑했던
추억들이 날 괴롭혀요 그보다 더
나 슬퍼지는건 지쳐가는 나였었기에
그대 제발 떠나가지 마세요
이렇게 헤어지나요 진실한
내 사랑을 맘속 깊이 간직한 채
훔쳐 멀리 도망쳐간 내 맘 앗아간
난 망가질 판 망설임조차 없이도 난
버려지고 쓰러져 꺾였고 또 날
몰아쳤었던 힘들던 힘겹던 꿈
같았었던 시련 내 모든 것을
다 바쳐 내 가슴 가득 상처

난 초라해져요 그대도 아시나요
끝도 없이 흐르는 내 눈물을
왜 날 떠나갔는지 쉽게 이별하는지
찢어지는 가슴 너무 아파요
그토록 나 그댈 사랑했던
추억들이 날 괴롭혀요 그보다 더
나 슬퍼지는건 지쳐가는 나였었기에
그대 제발 떠나가지 마세요
이렇게 헤어지나요 진실한
내 사랑을 맘속 깊이 간직한 채

그대여 날 떠나가나요
난 그대 없인 정말 견딜 수 없어
이렇게 애원할게 내 곁에 돌아와줘요
자꾸마구자꾸 뭉쳐 가슴 가득 꽉찬
입가로 흐르는 눈물 닦아줄듯한
괴롭게 떠나갔고 외롭던 아픔들만
남겨진 흔적들 다 없어져 재로
또다시 마구 초라해지네 그러면 또
자꾸 눈물 흘러내리게 잡히지 않고
감싸돌기만 하네 내게로 돌아와
그대 제발 떠나가지 마세요
이렇게 헤어지나요 진실한
내 사랑을 맘속 깊이 간직한 채"
1999.02.01	언타이틀	나의 슬픈 사랑이야기	male	댄스	"유건형
작사
유건형
작곡
유건형
편곡"	레오뮤직	"이젠 늦었어요 이미 그녀는
다른 곳에 있죠 사랑한다는
그 말 한마디 못한 채
난 이렇게 홀로 아파하죠
이젠 나의 그녀를 보고 싶어도
볼 수 없게 됐죠 그녀를 데려갔던
저 하늘만 보며 난 멍하니
홀로 서 있잖아요
흐르는 시간이 위로해 줄까
아픈 가슴을 추억들이
달랠 수 있나 세상 무엇도
나의 이 슬픔과는 바꿀 수가 없는
내 이 심정을 차라리 날 데려가줘
그녀가 있는곳 다시 한번만
그녈 볼 수만 있다면
못다 했었던 그 말 사랑한다는
그 말 하며 눈물로 쓴 작별인사를

이젠 늦었어요 이미 그녀는
다른곳에 있죠 그녀를 데려갔던
저 하늘만 보며 난 멍하니
홀로 서 있잖아요
흐르는 시간이 위로해 줄까
아픈 가슴을 추억들이
달랠 수 있나 세상 무엇도
나의 이 슬픔과는 바꿀 수가 없는
내 이심정을 차라리 날 데려가줘
그녀가 있는곳 다시 한번만
그녈 볼 수만 있다면 못 다 했었던
그 말 사랑한다는 그 말 하며
눈물로 쓴 작별인사를
처음부터 내가 죽은 그 다음에도
언제까지 사랑할게
차라리 날 데려가줘 그녀가 있는곳
다시 한번만 그녈 볼 수만 있다면
못 다 했었던 그 말 사랑한다는
그 말 하며 눈물로 쓴 작별인사를
눈물로 쓴 작별인사를"
1999.02.01	언타이틀	사랑연가	male	댄스	"유건형
작사
유건형
작곡
유건형
편곡"	레오뮤직	"누굴 좋아해야 하나요
누굴 사랑해야 하나요
누굴 향해 고백하나요
난 정말 알 수가 없네
주위엔 모두 다
각자 나름대로
사랑하는 연인들
내게는 사랑을
혼자 기다리는 외로움과 슬픔이
언제쯤 볼까 난 내 사랑을
언제쯤 올까 난 기다려봐도
내게 다가와 품에 안길
내 사랑은 어디에

누가 곁에 있어 주나요
누가 나를 사로잡나요
누가 내 사랑을 받나요
난 정말 알 수가없네
주위엔 모두 다
각자 나름대로
사랑하는 연인들
내게는 사랑을
혼자 기다리는 외로움과 슬픔이
언제쯤 볼까 난 내 사랑을
언제쯤 올까 난 기다려봐도
내게 다가와 품에 안길
내 사랑은 어디에
가슴은 허전한데
두 눈에는 눈물이
목메어 불러봐도
내가 찾는 사랑은 그 어디에

주위엔 모두 다
각자 나름대로
사랑하는 연인들
내게는 사랑을
혼자 기다리는 외로움과 슬픔이
언제쯤 볼까 난 내 사랑을
언제쯤 올까 난 기다려봐도
내게 다가와 품에 안길
내 사랑은 어디에
가슴은 허전한데
두 눈에는 눈물이
목메어 불러봐도
내가 찾는 사랑은 그 어디에"
1999.02.01	언타이틀	댄스! 댄스! 댄스!	male	댄스	"서정환
작사
유건형
작곡
유건형
편곡"	레오뮤직	"light camera action
모두 자기만의 fashion 개성 nation
멈춘 다음 흔들까 몸가는데로
맘가는데로 가 누구와 같이 출까
못춰도 좋아 나같이 해봐
어떤 리듬에서도 1 DJ
2 Turntable Dancefloor
그러다 서로 하나되지
또 이러다 물결치려다
사라지지 난 지그재그 어렵게
딱딱 끊는 각기에 다시 한번 더 1 Time
보여달라고 2 time 가르쳐 달라며
졸라 부탁 따라하면서 재미 느끼는거야
맘대로야 다같이 춤춰봐
우리 하기 싫고 열받고 짜증날 때
자꾸 반복된 시간 속에 다같이 또
나같이 모두 정신나간 것 같이
우리 하기 싫고 열받고 짜증날 때
자꾸 반복된 시간 속에 다같이 또
나같이 모두 정신나간 것 같이
그러다 어제 시작한 상금이 걸린
시합 내 스텝을 본
긴장한 저 사람 긴장한
탓일까 기가 죽었을까
축 처진 어깨로 날
상대할건가 그런 기세로 멍청한
눈빛으로 때론 때때로 통해도 나에겐
새로운 마음먹고
Feel 가는대로 어깰펴고
눈 크게뜨고 자신있게
나와 겨뤄 뭐든
하든 하다 힘겨워 온다고
다 포기한다면
뭐가 남는거란
그건 뭐지 맨날 그런식
패배의 쓴맛일 뿐이지 힘내고 다시
서울부터 시작 찍고
다시 돌아 미치도록
모두모두 춤춰 대구 부산까지 거쳐
I'm gonna get your
널 불태워 다같이 춤춰봐
우리 하기 싫고 열받고 짜증날 때
자꾸 반복된 시간 속에 다같이 또
나같이 모두 정신나간 것 같이
우리 하기 싫고 열받고 짜증날 때
자꾸 반복된 시간 속에 다같이 또
나같이 모두 정신나간 것 같이
돈주고 살 수 없는
나의 테크닉 따라하다
잘못 어설퍼진 해프닝 글쎄 어딘가가
불안한지 혹시 변비가 아닌지
나의 맘속에 음악속에
나의 세계 우리만의
Feel 속에
이제 날 구원할 나의 시대에
가장 내게 큰 힘줄 그댈 위해 나도
끝까지 힘내
그 무엇과도 바꿀 수 없네
많이 힘들어도 춤이란 어떻게 하는지
이렇게 보여줄게 멋지게 내게 그래
다같이 손을 흔들어봐
그리고는 맘껏 춤춰봐
그래 다같이 손을 흔들어봐
그리고는 맘껏 다같이 춤춰봐
우리 하기 싫고 열받고 짜증날 때
자꾸 반복된 시간 속에 다같이 또
나같이 모두 정신나간 것 같이
우리 하기 싫고 열받고 짜증날 때
자꾸 반복된 시간 속에 다같이 또
나같이 모두 정신나간 것 같이
제일 잘 추는 춤을 춰야
나를 알아주지
베일에 쌓인 내 춤을 모두 공개하지
마이클 잭슨 뺨치는 것은
그 누구보다 멋진
이 미소 속에 기쁨 손가락 하나도
카리스마지 조금 빨리 움직이면
아리송하지 불타는 파티
Groove to the breakbeat
오늘 이 자리 날 위한 멋진 파티지
결국 상금도 애인도 생겼네
춤추고 마시고 기분 최고라네
춤 잘 춰야
명함 내밀지 날 왕으로 모셔야 순리지
모두 나같이 춤춰 날 보며 꿈꿔
함께 느껴 끝은 없어 근심 걱정
다 떨치고 벗어던지고 그대로 끝으로
다같이 춤춰봐
우리 하기 싫고 열받고 짜증날 때
자꾸 반복된 시간 속에 다같이 또
나같이 모두 정신나간 것 같이
우리 하기 싫고 열받고 짜증날 때
자꾸 반복된 시간 속에 다같이 또
나같이 모두 정신나간 것 같이"
1999.02.01	언타이틀	하얀 사랑	male	댄스	"유건형
작사
서정환
작사
유건형
작곡
유건형
편곡"	레오뮤직	"나혼자 너만을 생각해요
나혼자 너만을 바라봐요
애타는 내 마음을 진실로
너의 가슴에 담아줄래
너의 곁에만 있고 싶은
내 작은 바램도
나의 모두를 바친 맘도
전부 널 향한 나의 사랑인데
그래요 난 정말 너를 사랑해
언제나 함께 하게
비록 나 혼자일지라도
끝까지 너만 사랑하리
혼자 꿈에 부푼 포만감에
반쪽에서 하나가 될 것임에
그것은 아주 먼 잡히지 않은걸
내 소원 감정이 깊어
쓰린아픔이 오겠지
포기하라며 눈치를 주는지
하얀 구름같이 Come Come Come
하얀 사랑에서 Love Love Love
네 곁에 숨쉬게 널 사랑해

나혼자 너만을 사랑해요
나혼자 너만을 그려봐요
불타는 나의 이런 사랑을
너의 가슴에 담아줄래
너의 곁에만 있고 싶은
내 작은 바램도
나의 모두를 바친 맘도
전부 널 향한 나의 사랑인데
그래요 난 정말 너를 사랑해
언제나 함께 하게
비록 나 혼자일지라도
끝까지 너만 사랑하리
그래 난 바보였나봐
자꾸만 멀어져가는
내 사랑을 난 잡지도 못하고
혼자서 눈물만 흘려
그래요 난 정말 너를 사랑해
언제나 함께 하게
비록 나 혼자일지라도
끝까지 너만 사랑하리
그래요 난 정말 너를 사랑해
언제나 함께 하게
비록 나 혼자일지라도
끝까지 너만 사랑하리"
1999.02.01	언타이틀	낮과 밤	male	댄스	"서정환
작사
유건형
작곡
유건형
편곡"	레오뮤직	"아침 일찍 눈을 떠
밖을 바라다만 보면서
따뜻한 햇볕이
내 몸을 감싸 돌면서
오늘도 하룰 또 어떻게 난 보낼까
따뜻한 햇볕보다
두려움만 겉돌아
발길은 이리 끌려 저리 끌려가지
주머니 걱정에 한끼 두끼 굶지만
이것도 벅차 버티지만
그만 모든 것이
물거품처럼 날아가고 있지
좀 더 얻어보던지
할 일 찾아 빼먹던지
화려해도 그럴 자신이 없지
받아주지 않는지
역시 필요없는 건지
설곳이 없지
숨쉬고 있는 송장 움직일뿐
쓸모없는 버림받은
쓰레기에 불과한 나
굶주림 바랬듯 햇볕만 가득
나 영원히 끝나지 않을 시간들
책임지지 못할 내 자신이 비참해
이루지 못한 내 꿈들 모두 끝장내
또 이러다 어디론가
가다가 가다 쓰러지고 말테니까
책임지지 못할 내 자신이 비참해
이루지 못한 내 꿈들 모두 끝장내
또 이러다 어디론가
가다가 가다 쓰러지고 말테니까
내 나이 18년 되던 해
거리고 나앉아 할 짓 안할 짓
별 짓 다하고 자란 나
이 생활 몸에 배어 버린지가 10년
너무 비범하기 짝이 없는
나의 운명
오늘 어딜 또 털어야 값을 받나
어느집이 알맹이 꽉 찬
소문난 알부자인가
개조심 해야하고
도난장치 조심해야
몸조심하여 큰 거 한탕 올리겠지
oh 쉿 담넘어 가면 겁도 사라지고
또 뵈는게 없어
금고문 따야만 하니까
배운게 없어
난 또 이 모양 이꼴인가
날 가둔 감방 풀어준 석방
그렇게 날 가둔 어둠 속 안 벗어난
나는 마침내 이제
내 두손에 가득찬
새파란 배춧잎에 하하
돈 돈 돈이 최고지 살아가기 위해선
GET MONEY 이번이 마지막이길
바라는 나는 많이
이많은 보석들은 도대체 얼마니
지겹게 써오던 머리통
감싸던 검은 스타킹
버릴 이 생활속에 어둠 속에서
갇혀버린 벌레같나
평생 빛을 보지 못할건가
책임지지 못할 내 자신이 비참해
이루지 못한 내 꿈들 모두 끝장내
또 이러다 어디론가 가다가
가다 쓰러지고 말테니까
책임지지 못할 내 자신이 비참해
이루지 못한 내 꿈들 모두 끝장내
또 이러다 어디론가
가다가 가다 쓰러지고 말테니까
벌어 개처럼 벌어 정승처럼 써
돈이 많다 보니 돈이 돈을 벌어
그 많은 돈을 어디다 써야 바닥내
점점 더 불어난 돈
주체하기가 어렵네
이제 10대 거쳐 걱정 없는 삶
놀고 먹고 살아도 배불리 먹는 삶
명예를 사고
친구와 인심을 마구 사지
이젠 내맘 그대로
하고 싶다면 뭐든지
내 옷은 값진 날개
집안을 가득 메운
번쩍이는 금괴
내 뒤를 줄줄 이은 많은 기사들과
Bodyguard들 내 밑을 벌벌 기며
안달하는 인간들
모두 날 부러워해
다 아부해
내게는 없는 거란 없네
완벽함 자체 이젠 꿈이란건 시시해
목표도 내겐 없네
다 갖춘 나에겐 의욕을 상실했네
내 위엔 돈이 날 짓밟고
돈 땜에 더럽고도 추잡하게 살았고
모두다 가식적인 웃음에
자신이 아닌 다른 두 얼굴의
모습에 또 모두 변해
내 인생의 주인은 내가 아녔지
내 자신에게 솔직하지 못한 나였지
돈이 전부 아닌걸 깨달았고
그렇게 엉망이 됐고 나 역시 바보
책임지지 못할 내 자신이 비참해
이루지 못한 내 꿈들 모두 끝장내
또 이러다 어디론가 가다가 가다
쓰러지고 말테니까
책임지지 못할 내 자신이 비참해
이루지 못한 내 꿈들 모두 끝장내
또 이러다 어디론가
가다가 가다 쓰러지고 말테니까
책임지지 못할 내 자신이 비참해
이루지 못한 내 꿈들 모두 끝장내
또 이러다 어디론가
가다가 가다 쓰러지고 말테니까
책임지지 못할 내 자신이 비참해
이루지 못한 내 꿈들 모두 끝장내
또 이러다 어디론가
가다가 가다 쓰러지고 말테니까
또 어디로 가야 할길로
끝이 없는 어둠속을 마칠까
나 거지로 살다 갈길로
끝이 없는 어둠속을 마칠까
더 먼길로 나 넘어지고
끝이 없는 어둠속을 마칠까
험한길로 더럽혀지고
끝이 없는 어둠속을 마칠까
uh Make your neck work
Make your neck work uh uh ha ha"
1999.02.01	언타이틀	인연	male	댄스	"유건형
작사
유건형
작곡
유건형
편곡"	레오뮤직	"사랑이 떠나가는 그밤에
스치는 바람처럼 만나서
밤새워 속삭이다가
사랑을 싹틔워 갔네

HEY~JH 그날따라 유난히
비가많이 내렸네
난 용기를 내 너에게 다가갔네
넌 그런날 이해해했고
받아 주었고

다시내게 사랑 찾아왔고
인연이 영원하길 HA!
제발 악연이 아니길 HA!
매일 같이 난 기도해

난 나만에 널 위해
이것이 바로 인연인가봐
널 사랑하나봐 그 이별이 널
데려 왔나봐 널 사랑하나봐
내 인연인가봐난 행복해요

사랑이 떠나가는 그밤을
정말로 감사하고 있어요
이제야 진짜 사랑을
만나게 되었으니까

Gun Take it to the bridge
우린 그날 많은것을 얘기 했는걸
너 나만큼 슬퍼 했겠는걸
이제 조금도 슬퍼 할일 없지
날 믿지 사랑느낌왔지

인연이 영원하길 HA!
제발 악연이 아니길 HA!
매일 같이 난 기도해
난 나만에 널 위해

이것이 바로 인연인가봐
널 사랑하나봐 그 이별이 널
데려 왔나봐 널 사랑하나봐
내 인연인가봐난 행복해요"
1999.02.01	언타이틀	검은 위선	male	댄스	"유건형
작사
서정환
작사
유건형
작곡
유건형
편곡"	레오뮤직	"처음부터 너는 날 속였던거야
사랑한다는말로
다른 사람에게
같은 말을 하는 너를 보았던 거야
하지만 처음 느꼈던 감정이
널 위한 내 사랑이
그렇게 쉽게 잊혀지지 않아
난 아픔 속에
언제나 장난처럼 너는 사랑을 하니
위선 속에 나는 기뻐한거니
날 버린 너는 더 행복한거니
다시는 사랑을 안 할래

아직 나는 사실 믿어지지 않아
거짓된 그 사랑이
너무나 가볍게 헤어지자는말
니가 너무 미웠어
하지만 처음 느꼈던 감정이
널 위한 내 사랑이 그렇게
쉽게 잊혀지지 않아
난 아픔 속에
언제나 장난처럼
너는 사랑을 하니
위선 속에 나는 기뻐한거니
날 버린 너는 더 행복한거니
다시는 사랑을 안 할래
얼만큼 시간이 가야만
나는 깨끗이 널 지울까
죽도록 널 못 잊는 난 어떻게 해
Check it out
넌 뭐든지 장난 가증스럽게
그런 식으로 아픔만 주었네
위선 속에 진실을 감추니
그 가식 뒤에선 혼자선 재미
비겁속에 미소에
너무 쉽게 무참히 떠나 간사해
나 아직 널 지우지 못했어
용서 못할 검은 위선
언제나 장난처럼 너는 사랑을 하니
위선 속에 나는 기뻐한거니
날 버린 너는 더 행복한거니
다시는 사랑을 안할래
다시는 사랑을 안할래"
1999.02.01	언타이틀	Love Song #2	male	댄스	"유건형
작사
서정환
작사
유건형
작곡
유건형
편곡"	레오뮤직	"처음 너를 만난 그때를 아직도 난 잊지 못하네
떨려만 오던 내 심장이 사랑을 내게 예고했지
*그때부터 난 혼자 맹세했지 영원히
너의 곁에 머물러 널 지키겠다고
사랑하겠다고 내 맘을 모두 가져가
**ooh ooh I do love you yo!
언제까지 가득한 변하지 않는 나의 마음만
uh! ooh ooh I do love you 영원히 널 사랑해
너와 눈이 마주칠 때면 난 제대로 숨쉴 수 없네
너의 앞에 서있을 때면 난 정말로 바보가 되네
그때마다 난 혼자 맹세했지 영원히
너의 곁에 머물러 널 지키겠다고
사랑하겠다고 내 맘을 모두 가져가
계절이 바뀌어 가도 그만큼 시간이 가도
내 사랑은 너 하나뿐 ooh~
너를 원한 지금 내 이 자신이
너를 통해 내게 다가왔던 기쁨이 사랑이 바램
속에 행복이 내게 희망으로 감싸 안아주었지
언제나 눈감아 생각나 이런
나 살수가 이젠 빠져 미쳐버렸나봐
내 맘 같은 믿음을 가져줘
Feel me baby come with me I do love forever
yo! 언제까지 가득한 변하지 않는 나의 마음만 uh!
yo! 언제까지 가득한 변하지 않는 나의 마음만 uh!"
1999.02.01	언타이틀	Run	male	댄스	"서정환
작사
유건형
작곡
유건형
편곡"	레오뮤직	"내게 겁주었던 알 수 없던
무슨 뜻으로 멈추려고 하는 건
가치 없는지 맘대로 아는지
빼먹으려 용쓰며 안달하는 눈치
이런 컴컴한 길 따라온 난
꿈꿔왔던 것이 눈앞에 보였지
가꾸어져 섰지 부족한건 없지
그만큼 우뚝서 널 잡고 말것이지
바래 왔던 것까지 RUN RUN
알 수 없는 끝까지 RUN RUN
깰 수 없는 곳까지 RUN RUN
그렇게 내게 찾아온 힘겨웠던 걸림돌
나를 잡고 놓지 않지만
이제껏 다져왔던걸
꿈꾸며 바랬던 난
여기에서 멈출 순 없지
놓칠 수 없는 내 자신
갈 수 없는 먼 곳인지
쓰러져 봤지만 잡히지 않지만
다시 내마음속에 소리쳐 울고있는걸

더는 감상할 순 없지 속지마
감추었기에 좀 더 달려가야만
할 수 없는 것과 하지 못한 것관
그냥 비슷할 뿐 분명한 딴판
침묵했기에 가슴 메였어
내 안에 잠든 고독 속에서
뼈 아픈 시린 어둠속 갇혀진 구원할
그 때까지 굽히지 난 않을테지
Let me hear you sayin'
바래 왔던 것까지 RUN RUN
알 수 없는 끝까지 RUN RUN
깰 수 없는 곳까지 RUN RUN
그렇게 내게 찾아온 힘겨웠던 걸림돌
나를 잡고 놓지 않지만
이제껏 다져왔던걸 꿈꾸며 바랬던 난
여기에서 멈출 순 없지
놓칠 수 없는 내 자신
갈 수 없는 먼 곳인지
쓰러져 봤지만 잡히지 않지만
다시 내마음속에 소리쳐 울고 있는걸

수많은 고통겪어 왔었고
널 위해 모든 것 다 버렸고
내 꿈을 이룰 그 날까지
또 난 달리고 있는걸
저기 정상 올라
I'm the super star
보다 좀더 멋진 날 찾아봐
아픈 응어리 맺혀 비틀거리던 나
보다 더 멋진 날 봐봐
머지 않아 끝마칠 비참한 현실
벗어나야 할 울퉁불퉁할 저길
힘들다는 생각에 나 한숨만 쉴뿐
주저앉은 난 도로아미타불
놓칠 수 없는 내 자신
갈 수 없는 먼 곳인지
쓰러져 봤지만 잡히지 않지만
다시 내마음속에 소리쳐 울고 있는걸

소리쳐 울고 있는걸"
1999.02.01	언타이틀	Play Boy	male	댄스	"서정환
작사
유건형
작곡
유건형
편곡"	레오뮤직	"나 멋진 자동차와 내 친구와
휘황 찬란한 이 거릴
함께 누비고 살고파
back up back up
좀 전에 지나간 건
우리의 사냥감 우리들의 밥이야
잘못 본것은 아닐까
그래도 아직 몰라 찔러나봐봐
잠깐 시간좀 있음 함께 즐겼음
바라는 만큼 아주 가끔
혹시나 했더니 역시 꼴깝이지
쟤 이름이 용기가 아닌지
정말 눈 버렸어 밟어 밟어
발견했어 긴 생머릴 휘날리는 너
머리로 가려서 인지
얼굴크기 참 궁금하지
huh 그럼 그렇지 얼굴 무지 크지
오늘 나와 함께 야타
얼굴 값좀 하는 것들 여기 다 타
Come on baby Come on
괜찮은 진정한 playboy
Come on baby baby Come on
하찮은 생각 말아 난 playboy
Come on baby Come on
괜찮은 진정한 playboy
Come on baby baby Come on
하찮은 생각 말아 난 playboy
아무리 봐도 가도 찾지 못해
시간만 죽이다가 누군갈 따라갔네
뭘 기다리나 찾고 있나 맘에 날 두나
어디서 나타난 난쟁이인가
괜찮다 싶으면 짝있네
아무리봐도 자신 만만해
이 멋진 자동차와 내 지갑과
괜찮은 집안과 잘 생긴 얼굴의 나
뭘 더 바라는 건지
아니면 두려워할지
몰라 나를 골라 난 자꾸 너를 졸라
난 불태울 그녀는
어디서 뭘하는지 몰라
반쪽 내게 어서 다가와
모든 준비가 돼 있는
내 비행길 타고 날아가봐
함께 많은 시간 나눠봐
Come & Get your body to me
your body movin' to me
Don't stop get your body to rock
Come on baby Come on
괜찮은 진정한 playboy
Come on baby baby Come on
하찮은 생각 말아 난 playboy
Come on baby Come on
괜찮은 진정한 playboy
Come on baby baby Come on
하찮은 생각 말아 난 playboy

그러다 꼭 한번씩 이런 애 걸려
저팔계 몸짓에 예쁜척 더 먼저 설쳐
이상한 눈빛으로 역겨운 화장술로
싸고 싼 냄새로 그들만의 나름대로
그 나름대로 해도 나름의 꼴을 해도
호박에 줄근다고 수박 될리도 없고
짚신도 짝있다고 끼리끼리 잘놀고
레벨좀 맞춰가며 골라가며 사겨줘
드디어 날 찾아 삼만리
시간맞춰 나타났네
올것이 왔네 내게로 손짓하네
부르고 있네
그녀와 함께 난 어두운 이 공간
사랑을 나눈 순간 역사를 만들
또 이밤 모든걸 얻게 되리
영원히 깊은 곳에 나 계속 머무르리
내일 또 같은 하루 또 가두
난 즐겨 봐두 남는건 없다 해두
다른건다 지루
Come on baby Come on
괜찮은 진정한 playboy
Come on baby baby Come on
하찮은 생각 말아 난 playboy
Come on baby Come on
괜찮은 진정한 playboy
Come on baby baby Come on
하찮은 생각 말아 난 playboy"
1999.02.01	언타이틀	Goodbye	male	댄스		레오뮤직	"Good bye Good bye
나를 떠나가
다른 사람의 곁으로 간건가
힘들게 나 슬펐네
왜 우리들이
이렇게 끝나야 해 말해
넌 그냥 심심해 나에게
그런 장난을 쳤던 거라 말해
믿을 수가 없었네 하지만
이미 내 사랑은 떠났네
다시 한번 생각해봐
추억이 너무나 많지 않니
그래도 니가 날 떠난다면
너의 행복을 빌을게
Good bye Good bye
Oh my love Good bye
Good bye Good bye
Oh my love Good bye
Good bye Good bye
Oh my love Good bye
나의 사랑이 떠나가네

Good bye Good bye
나를 떠나가 다른 사람의
곁으로 간 건가 숨차게 나 달렸네
이 모든 그리움들을
다 잊으려 힘들었네
많이 아파했네
내 가슴에 큰 못을 박고도
널 미워할 수 없는게 나라고
그렇게 나의 품에서
안겨 있던게 어제 같은데
그래도 니가 날 떠난다면
너의 행복을 빌을게
Good bye Good bye
Oh my love Good bye
Good bye Good bye
Oh my love Good bye
Good bye Good bye
Oh my love Good bye

girl and me tonight tonight
girl and me girl and me
girl and me tonight tonight
girl and me girl and me

순수했던 네 향기와
내가 널 사랑했던 기억
가슴속 깊이 여울져 남았네 잘 가
꼭 행복해야 돼
Good bye Good bye
Oh my love Good bye
Good bye Good bye
Oh my love Good bye
Good bye Good bye
Oh my love Good bye
나의 사랑이 떠나가네
Good bye Good bye
Oh my love Good bye
Good bye Good bye
Oh my love Good bye
Good bye Good bye
Oh my love Good bye
나의 사랑이 떠나가네
이젠 사랑이 떠나가네
Good bye Good bye"
1999.02.01	언타이틀	우리가 시작할때...거기엔 랩이 있었다	male	댄스	"서정환
작사
유건형
작곡
유건형
편곡"	레오뮤직	"우리 마음속 깊은 곳에 언제나
남아있는 그리운 지난날
다시 되돌릴 수는 없는 그때를
이제 다시 또 함께 시작해
함께 한 시간들 또 함께 했던
아픔들 속에 싹트던 우정을
여기 다시 만들꺼라 생각해
오랫동안 함께 한
추억만 또 여기까지 한
지금 이 순간처럼만 계속된 우리의
음악과 솟구치던 꿈과 아낌없던
나무같던 너와
지하철 속에서 길거리에서
교실에서 듣던 많은 CD들과
Headphone
힘들을 때 내게 기대 쉬었었네
추억의 Rap 속엔 WU TANG CLAN
사춘기의 나이
어른이 된 나이 한살 두살 지나가
이렇게 변한 나이 yeah
여기까지 왔네
변치않네 깊게 굳게 믿네 Come on
우리 마음속 깊은 곳에 언제나
남아있는 그리운 지난날
다시 되돌릴 수는 없는 그때를
이제 다시 또 함께 시작해
1 2 3 3 2 1
모든걸 주었던 빼앗아 갔던
많은 일들 꿈같았던 지난 날들
어제 같이 느껴지는 어릴 적 시절
다시 돌릴 수는 없는
우리들의 그 소설
어데로 갔는지 다시 찾는지
Hip Hop Classic RUN D M C EPMD
HEAVY D PUBLIC ENEMY
N W A LL COOL J
EAST COAST & KRIS KROSS
TRIBE CALLED QUEST
PETE ROCK & WESTSIDE
SOLDIER 2PAC
여기 맘속에 모두 살아있네
가슴속 깊이 희망의 메아리치네
We just wanna party's Goin' on
The good time come on
우리 마음속 깊은 곳에 언제나
남아있는 그리운 지난날
다시 되돌릴 수는 없는 그때를
이제 다시 또 함께 시작해

함께 한 시간들 또 함께 했던
아픔들 속에 싹트던 우정을
여기 다시 만들꺼라 생각해
우리가 시작할 때 랩에 폭삭 빠져있던
그때의 공기에
다시 홀짝 돌아가고 싶은
나의 이 맘 너의 작은 소망 우리들의
갈망 속에 희망 누구나 한번 떠올리네
아무 것도 모를 시절 그리워해
내 생애 있어 가장 행복할 때
그 속에 거기 내 모습이 있네
사춘기의 나이 어른이 된 나이
한살 두살 지나가 이렇게 변한 나이
그 만큼 난 커져버린걸까
거기엔 랩이 있었다 Come on
우리 마음속 깊은 곳에 언제나
남아있는 그리운 지난날
다시 되돌릴 수는 없는 그때를
이제 다시 또 함께 시작해"
1998.02.01	언타이틀	Intro	male	댄스	"무
작사
유건형
작곡
유건형
편곡"	레오뮤직	
1998.02.01	언타이틀	꽃	male	댄스	"유건형
작사
유건형
작곡
유건형
편곡"	레오뮤직	"세상 돌고 돌고 물어 뜯고
아우성 치고 서로 잡아
먹지 못해 안달해
너무 차가워졌네 난 돌겠네
이제까지 모든 일들은 덮어요
우리 꽃이 그걸 다 덮어 줄꺼예요
여기 향기 우리 마음 속까지
가득 가득 채워주리
왜 싸워야 하나 왜 짓밟아야 하는가
이러는 현실이 안타까울 뿐
서로가 조금씩 한걸음 양보 하면은
더 좋은 세상 속에 살 수 있을 텐데
우리 모두 같이 하나 되야겠어
사랑의 꽃을 행복의 꽃을
피울 수 있기에 간절히 원하네
평화의 향기를

내가 그토록 원하던 바램이
현실이 되어 우리 곁에 오리
좀더 난 세상에서 난 살고 싶어 난
향기에 취하고만 싶어 난
어 있어 나의 꽃이 저기 앞에 있어
우리 맘속에서 무럭 무럭 자라네
평화의 씨를 뿌리네
마침내 향기가 되었네
왜 싸워야 하나 왜 짓밟아야 하는가
이러는 현실이 안타까울 뿐
서로가 조금씩 한걸음 양보 하면은
더 좋은 세상 속에 살 수 있을 텐데
우리 모두 같이 하나 되야겠어
사랑의 꽃을 행복의 꽃을
피울 수 있기에 간절히 원하네
평화의 향기를
이제는 지쳤어 절망 속에
살아 가야 하는지
흐르는 눈물이 한계 되어 커져가네
우리 모두 같이 하나 되야겠어
사랑의 꽃을 행복의 꽃을
피울 수 있기에 간절히 원하네
평화의 향기를
우리 모두 같이 하나 되야겠어
사랑의 꽃을 행복의 꽃을
피울 수 있기에 간절히 원하네
평화의 향기를
평화의 향기를"
1998.02.01	언타이틀	승리	male	댄스	"유건형
작사
유건형
작곡
유건형
편곡"	레오뮤직	"아주 어렸을 때부터
옛날부터 예전부터
난 항상 승리만을 해
또 원래 난 승리를 원해
뭐든지 거지같이
하는 마치 꼭두각시 같은
사람들이 나를 보고
항상 말하지
너의 이름은 바로 승리
주위의 많은 사람들을 지켜봐
나를 지켜봐
또 니 맘을 열어봐
이제는 그저 날 주목하길
여기 내가 있는 곳을 주목하길
그게 너희들이 가야 할 길
가야만 할 길
오직 유일한 길 너의 길
내길 우리 모두의 길 또 내 얘길
들어봐주길 나는 원하길
그게 나의 길
승리가 오는 바로 그 날이
승리 나의 것이 되리
이제 영원히 승리
언제까지 나는 승리하리

다들 긴장했어 떨고들 있어
훔쳐보고 있어 떠들고 있어
너희들이 말하는 승리
난 가졌지 믿지 이뤄냈지
멋졌지 멋지지 승리했지
때론 질투하지 그래도 좋지
말로만 이었어 약속 없어
다들 속고 속고 속고 살았어
벗어날 때 됐어 울타리를 넘어
동산에 가야겠어 같이 가야겠어
뭘 알고 하는 건지
어디서 보고 배껴놓은 건지
이런 식으로 똑같은 것도 반복 또
말도 안 되는 것도 번복 또
아니 이게 그리 하고 싶을지
역겨운 연기로 비위를 맞추고있지
여기 올 것이 드디어 왔네
승리의 등불을 비추고 있네
이제 내가 여기에 왔으니
영원토록 내가 승리하리

알고 있는 건 쥐뿔도 없지
없지 그러면서 난리지
음악이 무슨 장난인가
놀이감인가 돈벌인가
가요계가 지금 너희가
있을 곳 인가 장난하나
뭘 위해 음악을 하는가
진정 음악을 사랑하고 있는가
또 음악이 뭔지 과연 알까
나 만큼이나 알고 있을까
얼굴만 잘생기면 가수
또 춤 잘추면 다 가수
너도 가수 나도 가수
그러면 우리 모두 다 가수
이제 그러는 곳에 항상 우리
달려가리 정리하리
그게 승리 반드시 음악이 승리
결국엔 우리가 승리하리

아무 것도 없지 쓸모도 없지
정말 여러가지하지 입만살지
누구누구가 어떻게 했는지
뒷 말만 많아
할 일 그렇게도 없나
시간많나 자기 자신 생각은 해봤나
결국 똑같이 당하고 또 후회하고
또 뒤쳐지고 또 뒤쳐지고
조금 지나가면 모든 것들이
다 잊혀지고 혼자남아 자신을 봐
패배자가 됐나 들여다봐
그 잘난 입은 어디에 갔나
무릎 꿇고 빈다고 될꺼 같나
이제 알겠니 진짜 어떤건지
승리 victory
이제 우리들이 여기에 왔으니
영원토록 우리 승리하리"
	Hamohamo	Pang Pang	male	댄스		뮤직 팩토리	"어딜가도 이런 여잔 없을거야
세상에 이럴 수가 했었지
우연히 날아온 괜찮은 그녀를
우리들은 그렇게 말했지
언제나 문제가 없던 친구가
한순간 적이 될 줄은 몰랐어
차라리 그녀를 보지 못했다면
영원한 친구로 남아 있을거야
그런 말이 있어 오랜 친구는
닮은 데가 여기저기 많다고
너와 나는 비슷한게
너무 너무 많아
우리들의 스타일
좋아하는 칼라
하다 못해 그 곳에서
폼을 잡는 것까지
마치 나의 twins형제처럼 말야
저 여자를 사귀고 싶어
라고 하면 언제나 me too
하지만 이번만은 에이 틀렸어
한 쪽을 위해 양보할
마음은 없는거니
난 아직 사랑을 못해봤잖아
단순히 차 속에서
자리 비워준 것처럼
이번만 그렇게
너 주긴 아까워 어느새 금이 간
목소리로 친구는 말했지
우스운 일이야 몇 년씩 된 우리
이렇게 될 줄이야 한심해
그 후로 그녀와 함께 선 친구
그 모습 보면서 화가 났어
그때의 내 마음 그 안에서 울린
소리를 넌 들었니 너를 향해서
둘의 사이 깨지라고
죽어라 기도할께
이건 나의 상상의 자유니까
너무 기분나빠 하지마
어쩌다가 내가 이런 말도 안되는
상상을 상상을 해야하는 거니
Oh sorry
그래도 난 너의 친구인데
잘되기를 빌어줘야 하잖아
한 쪽을 위해 양보할
마음은 없는거니
난 아직 사랑을 못해봤잖아
단순히 차 속에서
자리 비워준 것처럼
이번만 그렇게
너 주긴 아까워 어느새 금이 간
목소리로 친구는 말했지
우스운 일이야 몇 년씩 된
우리 이렇게 될 줄이야 한심해
그 후로 그녀와 함께 선 친구
그 모습 보면서 화가 났어
그때의 내 마음 그 안에서 울린
소리를 넌 들었니 너를 향해서
이제 다른 사랑이
필요하다는 걸 알아
그런 너와 그녀를 위하는
기도가 될거야
잠시 미웠었지 하지만 이제는
니가 대견해 보이기도 해
나보다 나은 너 그녀의 사랑을
혼자 차지하게 된 너에게
말하고 싶은 건 한가지 뿐야
나중에 내게와 슬픈 눈 하며
이별로 다친 널 위로해 달라는
그런 일은 없기를 제발 부탁해"
1996.11	Hamohamo	빠삐용 (그의 두통은 자유였다)	male	댄스		뮤직 팩토리	"조금씩 어지러웠지
참기가 힘들었었지
사랑을 느낄 때부터
두통에 시달렸었지
작년인가 재작년인가
너를 처음 봤던 그 날부터
지금까지 나는 한번도
편할 날이 없었어
여기 저기 잘 듣는 약을
구해 먹어야 할 만큼
내 자신이 비참해 보여
너에게로부터 중독된 나
엄마의 두통은 다 돈이였었지
아빤 높은 직장의 명함이
어느 배고픈 자의 아픈 머리는
제때 먹을 밥이 최고야
공부 못해 아픈 머리는
일류 학교가 씻은 듯 낫고
강아지의 아픈 머리는
주인의 폭력
모두가 다 그만한 일로
아프다 말할 수 있는
이유가 있어
하지만 나 겨우 사랑에
아파왔었지 별거 아닌데
네게서 도망칠거야
아픔을 고치고 싶어
더 이상 참기 힘들어
시시한 고민이니까 빠삐용
나도 뭔가 아주
큰 거짓으로 살길 바랬지
다른 이들의 욕심처럼
그러기엔 너무 작다고 느껴
그러나 피할 수가
없다는 걸 알아
난 너에게로
이미 중독되었어
정말 이대론 안 될거라
했지만은 할 수 없어
아픔을 느낄 수 밖에
엄마의 두통은 다 돈이였었지
아빤 높은 직장의 명함이
어느 배고픈 자의 아픈 머리는
제때 먹을 밥이 최고야
공부 못해 아픈 머리는
일류 학교가 씻은 듯 낫고
강아지의 아픈 머리는
주인의 폭력
모두가 다 그만한 일로
아프다 말할 수 있는
이유가 있어
하지만 나 겨우 사랑에
아파왔었지 별거 아닌데
세상 사람 떠나길 원해
우리가 갇히게 됐던
고민의 섬을
그렇지만 살아야 하지
너라는 곳에 나 머문 것 처럼
네게서 도망칠거야
아픔을 고치고 싶어
더이상 참기 힘들어
시시한 고민이니까 빠삐용"
1996.11	Hamohamo	마라! 봐라!	male	댄스		뮤직 팩토리	"하모 Do It now
Yes we got do It now
Come on

마라 오오 마라 오오
날 넘보지 마라
마라 오오 마라 오오
훔쳐보지 마라
봐라 오오 봐라 오오
내 능력을 봐라
봐라 오오 봐라 오오
나를 지켜봐라
누가 뭐래도 좋아
나는 자신이 있어
떳떳한 내 모습을
더 욕할 자 그 누구냐
이렇게 당당한 내 모습
스무해를 넘도록 다 내가 만든
나의 모습일 뿐이야
세상이 얼마나 어려운데
움추릴 필요없어
자신감 하나까지도
다 버릴 순 없잖아
이대로 살면 돼 살면 돼
내 모습 그대로 그대로
언제나 그렇게 그렇게
젊은 웃음으로
Come On Come On
하늘을 바라봐 바라봐
가슴을 펼쳐봐 펼쳐봐
커다란 세상을 세상을
내 품에 안으며
하모 나처럼
하늘을 바라봐 오
하모 나처럼
가슴을 펼쳐봐 오
하모 이렇게
커다란 세상을 오
하모 또 한번
내 품에 안으며 고

마라 오오 마라 오오
날 넘보지 마라
마라 오오 마라 오오
훔쳐보지 마라
봐라 오오 봐라 오오
내 능력을 봐라
봐라 오오 봐라 오오
나를 지켜봐라
누가 뭐래도 좋아
나는 자신이 있어
떳떳한 내 모습을
더 욕할 자 그 누구냐
이렇게 당당한 내 모습
스무해를 넘도록 다 내가 만든
나의 모습일 뿐이야
세상이 얼마나 어려운데
움추릴 필요없어
자신감 하나까지도
다 버릴 순 없잖아
이대로 살면 돼 살면 돼
내 모습 그대로 그대로
언제나 그렇게 그렇게
젊은 웃음으로
Come On Come On
하늘을 바라봐 바라봐
가슴을 펼쳐봐 펼쳐봐
커다란 세상을 세상을
내 품에 안으며

내 품에 안으며"
1996.11	Hamohamo	아니벌써	male	댄스		뮤직 팩토리	"아니 벌써 해가 솟았나
창문 밖이 훤하게 밝았네
가벼운 아침 발걸음
모두 함께 콧노래 부르며
밝은 날을 기다리는 부푼마음 가슴에 가득
이리저리 지나치는 정다운 눈길 거리에 찾네

아니 벌써 밤이 깊었나
정말 시간 가는 줄 몰랐네
해 저문 거릴 비추는
가로등 하얗게 피었네
밝은 날을 기다리는 부푼마음 가슴에 가득
이리저리 지나치는 정다운 눈길 거리에 찾네

아니 벌써 밤이 깊었나
정말 시간 가는 줄 몰랐네
해 저문 거릴 비추는
가로등 하얗게 피었네
밝은 날을 기다리는 부푼마음 가슴에 가득
이리저리 지나치는 정다운 눈길 거리에 찾네"
1996.11	Hamohamo	Silver Line	male	댄스		뮤직 팩토리	"야 친구들이 그러는데
스키장에 가면
예쁜 여자가 많다잖아
하얀 눈 때문인지
멋진 옷 때문인지
아무튼 많다잖아
이것저것 따지고 따지면 뭐해
빨리 확인하는게 낫지
여름부터 기다렸어
하얀눈이 오기를
Oh yeah hook me up
올해도 나혼자서
겨울을 보내나 했는데
여기 하늘과도 가장
가까운 곳에서 널 만났어
하얀 눈이 내려
내 기분은 어짜피 들떠있지만
니가 있어서
내 입술은 다물줄 몰라
지금껏 혼자지내온
보람이 있는것 같아
내꿈에 이상형인
널 난 만났잖아
널 만났잖아 하얀 겨울에
난 영화처럼 널 만났잖아
모든게 너무 쉽게 잘 풀렸어
이상하다고 했더니
이를 이를 어쩌면 좋아
난 스키를 오늘 처음 타보잖아
그렇지만 나의 사랑스런 그녀는
너무너무 잘타는 거야
리프트 타고 같이 올라오긴
했는데 눈앞이 캄캄해
예쁘고 근사한 여자는
여기 모두 모였어
나는 정신없이
여기 또 저기
한눈을 팔았었지만
너에게 말붙이는
남자들을 막느라 정신이 없어
너는 내꺼라
니 등에다 써 붙일 까봐
지금껏 혼자지내온
보람이 있는것 같아
내꿈에 이상형인
널 난 만났잖아
지금 이대로
시간이 멈춰도 좋아
사랑이 하얀 눈 처럼
쌓인 이곳에
겨울이 너무너무
좋아질것 같아
다음 겨울에도
스키장 갈꺼야
그때쯤엔 우리가 만난
1년 되는 날이니까
지금 이대로
시간이 멈춰도 좋아
사랑이 하얀
눈 처럼 쌓인 이곳에
너만 있다면 여기 이곳에
너만 있다면 여기 이곳에"
1996.11	Hamohamo	True Love	male	발라드		뮤직 팩토리	"슬프진 않았어
어차피 혼자라는
생각으로
내 스스로를 위로했을 뿐
그날 이후로 내 가슴엔
아픈 멍울만이
자리하게 되었고
아무리 아니라 해도
소용 없었어
나도 모르게 내맘엔 온통
너의 그림자로
가득차고 있었으니까

주위엔 변함 없이
같은 모습으로
날 바라보지만
니가 없는 이유로
이렇게
내 마음은 텅빈것 같아
내 입술위에 남겨진
따스한 너의 숨결
어떻게 지우려해
넌 잊을수 있니
그날 그모습
내게로 다시 돌아와줘
너 떠나갔지만 지울순 없었어
사랑의 짧은 휴식일뿐
난 기다릴꺼야 언젠가 내게로
돌아올 너를 믿으며
우리가 함께 했던
수많은 시간들을
넌 지울수 있니
딴사람을 향하는 너의 맘
이해 하지만 순간일 뿐야
내 입술위에 남겨진
따스한 너의 숨결
어떻게 지우려해
넌 잊을수 있니
그날 그모습
내게로 다시 돌아와줘
너 떠나갔지만 지울수 없었어
사랑의 짧은 휴식일뿐
난 기다릴꺼야 언젠가 내게로
돌아올 너를 믿으며
지금 내가 보이잖니
너 떠나갔지만 지울수 없었어
사랑의 짧은 휴식일뿐
난 기다릴꺼야 언젠가 내게로
돌아올 너를 믿으며
주위엔 변함 없이
같은 모습으로
날 바라 보지만
니가 없는 이후로
이렇게 내 마음은 텅빈것 같아
내 입술위에 남겨진
따스한 너의 숨결
어떻게 지우려해
넌 잊을수 있니"
1996.11	Hamohamo	반쪽만의 사랑 (My Teacher)	male	댄스		뮤직 팩토리	"전엔 알 수 없었어
내 이런 느낌을
이젠 나에게도
사랑이 와 준거야
두 번 생각할 것도 없이
그녈 보며
나의 미래를 결정했어
여지껏 어디 숨겨져 있었나요
묻고 싶을 만큼 정말
가슴이 설레어져
거리에도 예쁜여잘 볼 수 있지만
그대를 한번도 못본
내가 원망스러워 우 baby
가끔씩 던진 눈빛
내 가슴속은 헝클어지지
또 어쩌다가 묻는 말엔
대답못한 안타까운 나
시간 지나면 될까
내 맘 전할때가
빨리 다가와 주기만을 기다리지
어떻게 생각할까 내 고백들으면
혹시 놀라지는 않을까

나보다 나이가 많기는 하지만
누가 뭐래든 말라든
우 난 상관없어
본인은 뭐든지 할 수 있으니까
너도 언젠가는
내 마음을 이해하겠지 예
잘못한 일이 있어
그럴땐 날 혼내기도 하지
하지만 난 그것마저
귀엽게만 보이는거야
시간 지나면 될까
내 맘 전할때가
빨리 다가와 주기만을 기다리지
어떻게 생각할까 내 고백들으면
혹시 놀라지는 않을까
언제나 집으로 돌아온 난 외로워
잠시 우리는 이별을 해
다시 만날때까지

시간 지나면 될까
내 맘 전할때가
빨리 다가와 주기만을 기다리지
어떻게 생각할까 내 고백들으면
혹시 놀라지는 않을까
하지만 난 이제는 알았어
지금 서있는 앞에 MY TEACHER
이젠 그댄
나만의 사랑이 아니란걸 알았어
더이상은 아프기는 싫어
BUT 다시 아프고 싶어
정말 아프지 않고
사랑할수는 없는걸까
시간 지나면 될까
내 맘 전할때가
빨리 다가와 주기만을 기다리지
어떻게 생각할까 내 고백들으면
혹시 놀라지는 않을까"
1996.11	Hamohamo	히든 카드	male	댄스		뮤직 팩토리	"옛날같으면 인정할 수 없는 얘기지
안이 보이는 카페
그 속에서 많은 여자들
지가 샤론 스톤인가
모두 담배 피고 있어
다리 꼬고 앉아서 잘하고 있다
친구랑 지나치며 그런 말을 했어
요즘 여자 대책 안 서
부모님은 아실까
그순간 내 시선에 잡힌
너의 입술이 순결을 잃고 있어
OH MY GOD
제발 어디선가 그런 모습
보이지 말아줘
모두 나에게 배운 줄 알거 아냐
너는 여자란걸 가끔씩
잊어버리고 있어
그건 남자만의 생활인거야 닮지마
지난번에도 들킨 적 있었어
약속했잖아 왜이렇게 말 안 듣는거니
내 말은 그렇게 중요하게 듣지 않잖아
너의 그런 행동이 난 정말 싫어
너는 아주 그럴듯한
변명 하나만 믿고
내가 그리워질 때면 핀다 하지
지금 깨어진 약속을 줍고
반성을 해봐도
내가 너를 용서하긴 모자라
난 너를 위해 그런거야
내 것이라 생각하며
너만을 아끼고 싶어
날 사랑한다면 내가 원하는 건
들어주기를 너의 가슴속엔
온통 나로만 채워져 있길 바래
넌 나에게 마치 과거에서 뛰어온
사람 같다며 투덜 거릴테지만
여자니까 안돼 보기 싫어 안돼
그게 다는 아냐 넌 내 여자니까
단지 널 걱정하는 것 뿐이라고
말하고 싶었어 먼 미래속에
우리가 셋으로 늘어날 때를 생각해봐

설마 니가 그럴줄은
정말 나는 몰랐어
너와 어울리지 않는걸 넌 아니
너의 청순하고 하얀 모습이 나는 좋아
다시 처음 봤던 너로 돌아가
난 너를 위해 그런거야
내 것이라 생각하며
너만을 아끼고 싶어
날 사랑한다면 내가 원하는 건
들어주기를 너의 가슴속엔
온통 나로만 채워져 있길 바래
만약 다음번에 또 이런 일이 있어
니가 고칠 수 없다면
나는 히든 카드를 보이고 말거야
이별이란 무서운 글자가 박힌
너에게 기회를 줄께
지킬거라고 난 믿어

날 사랑한다면 내가 원하는 건
들어주기를 너의 가슴속엔
온통 나로만 채워져 있길 바래
날 사랑한다면 내가 원하는 건
들어주기를 너의 가슴속엔
온통 나로만 채워져 있길 바래"
1996.11	Hamohamo	세상에 던지는 한마디	male	댄스		뮤직 팩토리	"나나나 나나나 나나나 나나나
나나나 나나나 나나나 나나나

나의 눈에 비춰진
이 세상 모든건
아름답지 않았어
나의 운명을 탓해보았어
초라한 내 모습 워
아무도 내겐없어
누구도 필요없어
하늘을 원망했어
하지만 소용없어
미래가 두려웠어
가진것 없는나를
세상이 버린걸까 노노노노
언제나 자랑하는 사람들
부와 명예만이
전부라고 말을하지
어릴적 꿈꿔왔던 세상은
이제 어디에서도 찾을수가 없어
내게 보여줘 또 다른 세상을
나의 꿈을 다시 느낄수 있게
나에게 말해줘 또다른 내일을
나의 소망 다시 찾을수있게
있고 없음에 커다란 차이
내가 느낀 전부야
나의 슬픔 모두 이해하겠니
내 맘속의 외침을
언제나 자랑하는 사람들
부와 명예만이
전부라고 말을하지
어릴적 꿈꿔왔던 세상은
이제 어디에서도 찾을수가 없어
내게 보여줘 또 다른 세상을
나의 꿈을 다시 느낄수 있게
나에게 말해줘 또 다른 내일을
나의 소망 다시 찾을수 있게

내 눈에 비춰졌던
세상 모든것
삐뚤어진 모습들과
웃지 못할 이야기들
이런 세상속에
몸을 담고 싶지않아
그렇다고 등질수도 없는 일이야
모두 저마다 옷할것을줘
모두 제 아무리 영혼을 팔며
모두 모두 너같이 되어있을지
모두 나에겐 슬픔뿐이야

내게 보여줘 또 다른 세상을
나의 꿈을 다시 느낄수있게
나에게 말해줘 또 다른 내일을
나의 소망 다시 찾을수있게
나나나 나나나 나나나 나나나
나에게 말해줘 또 다른 내일을
나의 소망 다시 찾을수있게"
1996.11	Hamohamo	Pang Pang (나보다 나은 너)	male	댄스		뮤직 팩토리	"어딜가도 이런 여잔 없을거야
세상에 이럴 수가 했었지
우연히 날아온 괜찮은 그녀를
우리들은 그렇게 말했지
언제나 문제가 없던 친구가
한순간 적이 될 줄은 몰랐어
차라리 그녀를 보지 못했다면
영원한 친구로 남아 있을꺼야
그런 말이 있어 오랜 친구는
닮은데가 여기저기 많다고 하
너와 나는 비슷한게
너무 너무 많아
우리들의 스타일 좋아하는 칼라
하다못해 그 곳에서
폼을 잡는 것까지
마치 나의 TWIN형제 처럼 말야
저 여자를 사귀고 싶어
라고 하면 언제나 ME TOO
하지만 이번만은 에이 틀렸어
한 쪽을 위해 양보할
마음은 없는거니
난 아직 사랑을 못했봤잖아
단순히 차 속에서
자리 비워준 것처럼
이번만 그렇게
너 주긴 아까워 어느새 금이 간
목소리로 친구는 말했지
우스운 일이야 몇 년씩 된 우리
이렇게 될 줄이야 한심해
그후로 그녀와 함께 선 친구
그 모습 보면서 화가 났어
그때의 내 마음 그 안에서 울린
소리를 넌 들었니 너를 향해서
둘의 사이 깨지라고
죽어라 기도할께
이건 나의 상상의 자유니까
너무 기분나빠 하지마
어쩌다가 내가 이런 말도 안되는
상상을 상상을 해야하는 거니
OH SORRY
그래도 난 너의 친구인데
잘되기를 빌어줘야 하잖아
한 쪽을 위해 양보할
마음은 없는거니
난 아직 사랑을 못했봤잖아
단순히 차 속에서
자리 비워준 것처럼
이번만 그렇게
너 주긴 아까워 어느새 금이 간
목소리로 친구는 말했지
우스운 일이야 몇 년씩 된 우리
이렇게 될 줄이야 한심해
그후로 그녀와 함께 선 친구
그 모습 보면서 화가 났어
그때의 내 마음 그안에서 울린
소리를 넌 들었니 너를 향해서
이제 다른 사랑이
필요하다는 걸 알아
그런 너와 그녀를 위하는
기도가 될꺼야
잠시 미웠었지 하지만 이제는
니가 대견해 보이기도 해
나보다 나은 너 그녀의 사랑을
혼자 차지하게 된 너에게
말하고 싶은건 한가지 뿐야
나중에 내게 와 슬픈 눈 하며
이별로 다친 널 위로해 달라는
그런 일은 없기를 제발 부탁해"
1996.11	아이돌	Intro	male	댄스	"박기영
작사
무
작곡"	DSP 미디어	
	아이돌	Be My Guest	male	댄스	"박기영
작사
박근태
작곡
박근태
편곡"	DSP 미디어	
1996.11	아이돌	환상체험	male	댄스	"이건우
작사
박근태
작곡
박근태
편곡"	DSP 미디어	"마음이 두근 두근
가슴이 조마 조마
첫눈에 널 보고
콩깍지가 씌어졌어
바로 이 여자였어
내 꺼야
아무도 주지 않을테야
지금 내게 다가와
내 마음 내게
cause you're my baby
상상을 해봐
everybody say yeah
내 마음 내게
cause you're my baby
상상을 해봐
everybody say yeah
한 순간 입 맞춤 하고 나서
난 정신을 잃었었지
그 순간의 영원함을
난 뭐라고 설명할 수 조차도
없었던거야
귓가에 천사들의
노래소리 들었었지
세상에서 단 한번
들어본적 없는 노래
너의 모습 신비하게 다가와
나만의 상상을
초월한거야 Hey
모든것이 정지된것 같았어
너와 나는 조금도
움직일 수 없었지
다시 한번 그 자리에 가고 싶어
그 겨울밤에

양심도 얼어붙는
추운 이 서울의 겨울
당신의 따뜻함
날 포근하게 해요
왜요 왜 그리 나를
뚫어지게 쳐다봐요
하지만 그녀 눈은 너무 맑아요
지금도 가만히 눈을 감으면
환상에 빠져들어
그 장면이 떠오르면
난 한없이 두근두근
가슴이 떨리는거야
이대로 영원토록
머물 순 없는건지
다가서는 그 느낌을
나는 정말 알 것같아
너의 모습 속삭이듯 다가와
한 순간 입 맞춤 하고 나서
난 정신을 잃었었지
그 순간의 영원함을
난 뭐라고 설명할 수 조차도
없었던거야
귓가에 천사들의
노래소리 들었었지
세상에서 단 한번
들어본적 없는 노래
너의 모습 신비하게 다가와
나만의 상상을
초월한거야 Hey
모든것이 정지된것 같았어
너와 나는 조금도
움직일 수 없었지
다시 한번 그 자리에 가고 싶어
그 겨울밤에 난
cause you're my baby
everybody say yeah
cause you're my baby
everybody say yeah"
1996.11	아이돌	건망증	male	댄스		DSP 미디어	"그 여자 왜 나를 모른척 할까
나 먼저 손들어 아는척 했는데
못 본척 하는 그 여자
언짢은 기분에 나가려 할때
멀리서 다가오는
눈이 부신 한 남자가
저 여자 애인은 아닐까
바로 그 순간 그 여자
입을 다물지 못해
너무 좋아하다
숨이 막힐지도 모르지
어느새 내 옆을 지나
그 여자 옆을 지나서
그냥 사라져갔어
그녀도 나처럼 착각했나봐
지금 나만큼 창피해 하는것 같아
그 순간 서로 눈이 마주쳤을때
서로가 그냥 웃어버렸어

그 이후 우리는 알게 되었지
그녀를 만날때
마음이 편안했어
처음 만난것 같진 않았어
오늘은 그녀의 친굴 보았지
날 아는것 같아
한참을 생각하니
이 여자 내 친구 애인이야
바로 그 순간
그 여자 입을 다물지못해
너무 미안해서
숨이 막힐지도 모르지
어느새 내 옆을 지나
사람들 사일 지나서
그냥 사라져갔어
그녀도 나처럼 착각했나봐
지금 나만큼 챙피해 하는것 같아
얼마 후 그녀를 마주쳤을때
서로가 그냥 웃어버렸어"
1996.11	아이돌	이럴수가	male	댄스	"박기영
작사
박근태
작곡
박근태
편곡"	DSP 미디어	"언젠가 우리들이 압구정동 나갔을때
저 앞을 가는 내 이상형을 보고 말았지
난 너무나 예쁜 그녀 뒷모습 보고
그만 첫눈에 반하고 말았어
허리까지 내려오는 머리
잘록한 허리
그 허리 아래보면 늘씬한 종아리
열심히 달려가서 그녀 앞질러
뒤돌아본 순간
남자였어
나는 아직 그 사실 믿을 수 없어
이런 일이 일어날 줄 정말 몰랐어
그런 일이 있었던 후에는
난 한동안 아무런 말이 없었어

학교가 끝나고 돌아오는 길
난 수상한 광경 목격했다
험상궂게 생긴 아저씨
울고 있는 아이손을 잡고서
봉고차로 끌고가잖아
와- 큰일났다 유괴범이다
있는 힘을 다해서 이단옆차기
그 사람 넘어지고 아이하는 말
우리 아빠 왜 때려
나는 아직 그 사실 믿을 수 없어
이런 일이 일어날 줄 정말 몰랐어
그런 일이 있었던 후에는
난 한동안 아무런 말이 없었어

기억하고 싶진 않지만
별로 생각하고 싶지도 않지만
내 머리를 떠나지 않네
마치 하루종일 맴도는
어떤 노래 속에 멜로디처럼
헤어나지 못해
나는 아직 그 사실 믿을 수 없어
이런 일이 일어날 줄 정말 몰랐어
그런 일이 있었던 후에는
난 한동안 아무런 말이 없었어
내가 만일 그대로 지나쳤다면
이런 노래 길다할게 쓰지 않았어
그런 일이 있었던 후에도
나는 많이 바보란 말을 들었어
우리 어머니가 보면 뭐라 말할까
우리 아버지가 보면 뭐라 말할까
세상 살다보면 별일이 다 있지만
이런일이 내게 일어날 줄이야
이럴수가 난 아직 오래 살진 않았지만
어떻게 내게 이런일 일어났을까
이럴수가 난 더이상 어린이가 아니지만
세상엔 이해할 수 없는게 많아
이럴수가"
1996.11	아이돌	Love Story	male	댄스	"박기영
작사
이현정
작곡
곽영준
편곡"	DSP 미디어	"해가 감기 들도록 눈이 내린날
너는 우리 동네에 이사왔어
나는 친구들과 눈 사람 만들다
우리에게 다가 온 널 봤어
걷기 힘들정도로 옷을 껴입고
아주 작은 털모자 꼭 쓰고선
같이 놀자 말할까
혼자 망설이던 너
정말로 예뻤고 귀여웠어
사실 널 좋아했었어
하지만 너에게
그 말 할 수 없었어
어쩌다 나도 너에게
친구들과 눈을 던졌지
지금도 잊을 수 없어
차가웠던 눈과 함께
녹아버린 네 눈물에
아무 용기없이
상처만 준 내가 미웠어

그 후에도 한 동안 너를 볼때면
우린 아주 짖궂게 너를 울렸어
어느 날 네가 다시
이사간단 말 듣고
난 너의 집으로 달려갔어
사실은 좋아했었어
아직도 그 예쁜 눈을
잊지 않았어
아무말 않고 서 있는
내 앞으로 너는 다가와
지금도 잊을 수 없어
화를 내며 울던 내게
손을 내밀며 하는말
우리 이제 서로 친구할래
널 기억할께"
1996.11	아이돌	통화중 (감기)	male	댄스	"이건우
작사
강인원
작곡
유영선
편곡"	DSP 미디어	"아까는 미안 baby
정말로 미안 baby
내맘은 아냐 baby
내맘이 정말 아니었어
한번만 봐줘 baby
다시는 안그럴께
싹싹싹 빌께 baby
이렇게 무릎꿇고 빌께
아깐 미안했어 마음에도 없는 말을
왜 그렇게 쉴새없이 튀어나오던지
많이 속상했지 (애~)
그땐 그렇게 헤어져서
사과를 하고 싶어
전화를 했어
계속 통화중
난 다이얼만 계속 돌려댔지
너 지금 내가 아닌
누구랑 통화를 하는거야
나 때문에 화가나서
친구랑 수다를 떠는거니
아니면 다른 남자
또다른 사랑을 기약하니
수화기 내려놓은 거라면
차라리 다행이야
난 다른 어떤 고통 참을께
이러지마 제발
왜 그런일로 토라진거야
내가 잘못했어
나 지금 심정 어떨것 같아
미칠것만 같아
나 지금 당장 네게 달려가
너를 보고 싶어
한시간 됐어 baby
두시간 째야
벌써 그러면 안돼 baby
이러면 정말 미칠거야
전화좀 받아 baby
내마음을 아직 몰라 지금 울고 있어
너땜에 울고 있는 나야
한참후에 결국 니가 전화를 받았고
아무일 없듯 너무 멀쩡한 니 목소리
아무얘기 못하고 쩔쩔매고 있는데
무슨일이냐고 니가 되려 걱정을 했어
울먹이는 내 목소리에
나 감기걸렸어 잉!
널 처음 만난 이후 한번도 딴 생각 한적 없어
우리도 다른 연인들처럼
가끔씩 다퉜잖아
다시는 볼수 없는 이별을
하듯이 돌아섰어
그렇게 가버리면 난 정말
어떡해 해야 하나
너 한참후에 전화 받을때
아무말을 못해
왜그러냐고 내게 물었지
울먹이는 내게
너 혹시 감기 걸린거냐고
목소리 때문에
너 약은 먹었냐는 걱정에
또 울어 버렸어
너땜에 울어 baby
너땜에 울고 있어
넌 정말 이뻐 baby
마음도 너무 이쁘잖아
너없인 안돼 baby
이 세상 못살꺼야 사랑해 너를 baby
영원히 너를 사랑할게
우~사랑이란 가슴아픈것
너의 마음 모를때
우~사랑이란 아름다운것
니가 나를 사랑하니까"
1996.11	아이돌	삼인사각	male	댄스	"이비 (Pi Lee)
작사
신피디
작곡
신피디
편곡"	DSP 미디어	"항상 셋이야 우린 친구야
하지만 혼자야 너흰 단짝이니
처음부터 너를 사랑한건 아냐
어느새 난 변해가고 있었어
언제나 함께 였어 만나면 싸우지만
하지만 혼자였어 너희만 친하니까
우리는 매일 도서관에 갔어
여하튼 도서관에 갔어 yeah!
하루만 떨어져 있으면
눈에 가시가 돋아나는것 같아
우린 항상 셋일까
또 하나의 여자는 안될까 yeah!
너는 조금씩 아파가고 있어
공주병에 걸린 우리의 공주
항상 셋이야 우린 친구야
하지만 혼자야 너흰 단짝이니
처음부터 너를 사랑한건 아냐
어느새 난 변해가고 있었어
언제나 너를 보며 곰곰히 생각했지
언젠간 우리들도 각자의 길 가겠지
하지만 우리들의 공주는
언제나 그 녀석이 독차지 yeah!
한마디 말도 못하는 나보다
적극적인 그 녀석이 좋겠지
언제부터인지 나의 눈빛은
미움에서 사랑으로 yeah!
어! 그러던 어느날
그녀에게 날벼락이 떨어진거야
항상 셋이야 우린 친구야
하지만 혼자야 너흰 단짝이니
처음부터 너를 사랑한건 아냐
어느새 난 변해가고 있어
들뜨게 하지 너의 웃음은
언제나 싱그러운 레몬향기처럼
언젠가 너도 니 갈길 가겠지만
지금은 나를 보고 웃어줘

언제나 셋이였어 우리는 친구였어
하지만 혼자였어 너희는 함께니까
열두시도 넘었어
그녀 오빤 화가났어 yeah!
하얗게 질린 그 녀석은 사라지고
죄없는 내가 끌려 나갔어
고개숙인 나에게 호랑이의 한마디
잘해봐, 다음부턴 늦지말고
yeah! 돌아오는 길엔 그녀가 말했지
좋아해 사실은 너를 좋아해
그런말은 하지마 지금부터 날 위해줘
사랑이란 말은 쉽지않아
이제부터 날 좋아해줘
항상 셋이야 우린 친구야
하지만 혼자야 너흰 단짝이니
처음부터 너를 사랑한건 아냐
어느새 난 변해가고 있어
들뜨게 하지 너의 웃음은
언제나 싱그러운 레몬향기 처럼
지켜줄꺼야 너의 모든 꿈을
사랑스런 나만의 공주위해"
1996.11	아이돌	어쨌건...	male	댄스	"박기영
작사
박기영
작곡
정원재
편곡"	DSP 미디어	"나는 지금 홀로 앉아
신나게 피아노치며
눈이 오는 한밤 중에
눈을 감고 노랠 부르지
나 처음 널 봤을때 느꼈어
다시는 이런 여자를 못 만날거야
그래서 모든걸 제치고
너만 따라 열심히
매달렸었던거야
넌 모를꺼야
어제 아버지 따라서 산에 갔을때
꼭대기에서 세상이 와르르
무너지도록 니 이름 외쳤어
오에 오에 오
그대 지금 곁에 앉아
나를 보듯 느껴져
오늘도 너를 사랑할꺼야

그대 지금 곁에 앉아
나를 보듯 느껴져
오늘도 너를 사랑할거야
그대와의 추억들이
사진같이 떠오르네
좋은날도 슬픈날도
우리에겐 소중했지
나 처음 널 봤을때 느꼈어
다시는 이런 여자를
못 만날거야
그래서 모든걸 제치고
너만 따라 열심히
매달렸었던거야
넌 모를꺼야 어제
아버지따라서 산에 갔을때
꼭대기에서 세상이 와르르
무너지도록 니 이름 외쳤어
오에 오에 오
모든것을 다 주어도
아깝지는 않아
어쨌건 너는 나의 꺼니까
모든것을 다 주어도
아깝지는 않아
어쨌건 너는 나의 꺼니까
모든것을 다 주어도
아깝지는 않아
어쨌건 너는 나의 꺼니까"
1996.11	아이돌	도사 (Jungle Trance)	male	댄스	"이승호
작사
박근태
작곡
박근태
편곡"	DSP 미디어	"지리산 계룡산 오대산 남산
산에라도 들어가서
도를 닦아볼까
수리수리 마수리
마구마구 수리수리
도사가 되고 싶어 도사가
축지법 쓰는 도사 말고
사주팔자 관상보는
그런 도사 말고
니가 뭘 좋아하고
뭘 생각하고 있는지 다
알 수 있는 그런 빠삭한 도사
정말 모르겠니 내 마음을
너 때문에 잠 못드는
널 사랑하고 있잖아
니 곁에는 내가 있어 사랑해
독심술에 관한 책도 사봤고
단전호흡도 해봤지만
아무 소용 없어 도사는 커녕
나쁜 내 머리만 복잡해져
럭비공처럼
이리 저리 튀는
너를 잡을 수가 없어
지문이 닳을때까지 천지신명께
나 싹싹 빌어봤어 너 때문에
애가타는 나는 변하지않고
또 배실배실 썰렁하게
웃고 있는 니 얼굴이
날 또 미치게 해
그래서 도사가 되고 싶어 도사가
너의 모든 것을
알 수 있는 그런 도사
정말 모르겠니 내 마음을
너 때문에 잠 못드는
널 사랑하고 있잖아
니곁에는 내가 있어 사랑해
정말 모르겠니
너 때문에"
1996.11	아이돌	귀여운 악마	male	댄스		DSP 미디어	
1996.11	아이돌	Bow Wow	male	댄스		DSP 미디어	"TV보기 전자 오락하기
미성년자는 못보는 영화보기
어른 손잡고 어딜갈거야
넌 해 커버린 나는 싫어
제발 원하는 대로
나가려고 했었던 그런
어디쯤에도 오지마라
경고는 하지마
이런말 안들었으면 그만해
궁금해 이세상 모든것들이
다 반대가 된다면
난 작은 어른이 되어서
얘기할거야
BOW WOW 하고싶은 것들
모두 네 마음대로야
넌 자유란 이름으로 살아도 돼
얼마나 좋을까 왜 이런말
하지 않을까
내 이런 바램은 다 꿈인걸
궁금해 이세상 모든것들이
다 반대가 된다면
난 작은 어른이 되어서
얘기할거야
BOW WOW 하고싶은 것들
모두 네 마음대로야
넌 자유란 이름으로 살아도 돼
얼마나 좋을까 왜 이런말
하지 않을까
내 이런 바램은 다 꿈인걸
BOW WOW 하고싶은 것들
모두 네 마음대로야
넌 자유란 이름으로 살아도 돼
얼마나 좋을까 왜 이런말
하지 않을까
내 이런 바램은 다 꿈인걸"
1996.11	아이돌	Home Boy	male	댄스		DSP 미디어	"이른 아침 눈을 뜨며 걱정했어
오늘은 또 누군가와
어떤 얘기를 하며
보내야 하는지
사람들도 무섭고
또 집 밖으로 나가기도 싫어
TV속의 뉴스를 보며
온통 무서운 세상 소식뿐
변해가는 세상속에
나만 홀로인듯 했어
지금 내게 필요한건
나를 위한 친구일뿐
이젠 나홀로 일어서야지
항상 버려진 나는 나 HOME BOY
세상 누구도 내곁엔 없어
항상 외로운 나는 HOME BOY
울랄라 랄라 울랄라 라에
울랄라 랄라 울랄라 라에

오늘따라 웬일인지 우울했어
거리엔 또 많은 사람
어떤 얘길하며 떠들고 있는지
왜 그렇게 말이 많고
뭐가 그리 즐겁기만 한지
내 방안에 혼자 있는
내 모습은 초라한데
변해가는 세상속에
나만 홀로인듯 했어
지금 내게 필요한건
나를 위한 친구일뿐
이젠 나홀로 일어서야지
항상 버려진 나는 나 HOME BOY
세상 누구도 내곁엔 없어
항상 외로운 나는 HOME BOY
울랄라 랄라 울랄라 라에
울랄라 랄라 울랄라 라에
이젠 나홀로 일어서야지
항상 버려진 나는 나 HOME BOY
세상 누구도 내곁엔 없어
항상 외로운 나는 HOME BOY"
1996.02	아이돌	Street Boy	male	댄스		DSP 미디어	"WOO HE
CHECK BABY CHECK IT OUT
WOO HE
CHECK BABY CHECK IT OUT
WOO HE
CHECK BABY CHECK IT OUT
WOO HE
사람들은 내가 특이하다고 하지
그리고 우린 잘못될거라 하지
그럴 수록 난 힘이 없어지는 걸
그들의 믿음대로 되어갈 순 없지
오늘도 여전히 열쇠를 돌리며
집을 향하고 있지만
날 기다려 주는 사람 없어
WOO HE
CHECK BABY CHECK IT OUT
WOO HE
CHECK
WOO HE
CHECK BABY CHECK IT OUT
WOO HE
나를 반겨주는건
허튼 소리도
내 발걸음은 항상
우울하게 사는건 정말 싫어
WOO HE
CHECK BABY CHECK IT OUT
WOO HE
CHECK
WOO HE
CHECK BABY CHECK IT OUT
WOO HE

난 이대로가 좋아
키가 작다고 구박하지마
얼굴 못 생겼다고 구박하지마
난 이대로도 좋아
그렇게 짜증나는 얼굴은 싫어
그렇게 짜증나는 손짓 싫어
내가 바라는 건 어려운게 아냐
남들처럼 사는거야
내게 관심을 조금
가져 주는것 조금만 더
난 니네들이 좋아
가끔 말썽 부려서
우릴 당황하게 하지만
난 니네들이 좋아
너무 멍청한 그 놈들
난 배를 잡고 뒹구르지
난 니네들이 좋아
그렇게 우린 자라면 되는 거야
오늘도 우릴 봐주지도 않지만
언제부턴가
우릴 다시 보게 될거야
WOO HE
CHECK BABY CHECK IT OUT
WOO HE
CHECK BABY CHECK IT OUT
WOO HE
CHECK BABY CHECK IT OUT
WOO HE"
1996.02	아이돌	둘만의 사랑	male	발라드		DSP 미디어	"어쩌면 너도 나만큼
그리워 했었는지도 몰라
이런 날
지금쯤 네게 보낸
어색한 편지 한장 도착했니
이런 내 초라함이 담긴
난 이곳에 있어도
언제나 너를 지킬게
나 잊지 않고 있어
너의 맑은 눈빛 하나도
나는 괜찮아
이런 내 모습들을 너무 서러워마
너 없는 날
너에게 말해줄께
언제나 너만을 사랑한다고

어쩌면 너도 나만큼
그리워 했었는지도 몰라
이런 날
지금쯤 네게 보낸
어색한 편지 한장 도착했니
이런 내 초라함이 담긴
난 이곳에 있어도
언제나 너를 지킬게
나 잊지 않고 있어
너의 맑은 눈빛 하나도
나는 괜찮아
이런 내 모습들을 너무 서러워마
너 없는 날
너에게 말해줄께
언제나 너만을 사랑한다고"
1996.02	아이돌	꿈속의 그녀	male	댄스	"주영훈
작사
주영훈
작곡
주영훈
편곡"	DSP 미디어	"난 매일 저녁 집을 향해 걸을 때마다
또 혹시 그녈 볼까하는 기댈 했어
내 나이보다 서너살 많아 보이지만
분명 내가 그려오던 그런 여자일거야
아마 그녀의 눈에도
내가 진짜 사나이로 보일지도 몰라
지금 어디선가 몰래 나를 보며
나와 같은 꿈을 꾸고 있을지 몰라
나를 봐 너와 잘 어울리잖아
말해봐 같은 느낌이라고
그려봐 너와 나의 작은 세상
지켜봐 나는 꼭 이룰 수 있어

이제 몇 년만 지나면 나도 어른이 돼
그 땐 그녀의 모든 걸 책임질거야
난 분명 능력있는 남자가 되어서
그녀의 꿈을 위해 살아갈거야
아마 그녀의 눈에도
내가 진짜 사나이로 보일지도 몰라
지금 어디선가 몰래 나를 보며
나와 같은 꿈을 꾸고 있을지 몰라
나를 봐 너와 잘 어울리잖아
말해봐 같은 느낌이라고
그려봐 너와 나의 작은 세상
지켜봐 나는 꼭 이룰 수 있어
나 부푼 꿈을 안고 집을 향해
조금씩 조금씩 걷고 있을 때
그녀가 혹시나 어디선가 나를 보며
미소짓고 있을거라 기댈 했어
봐 조금씩 달라지는 내 모습에
분명 그녀도 나를 보며 기뻐할거야
이렇게 설레이는 마음까지
오 모두 다 그녀를 위해
나를 봐 너와 잘 어울리잖아
말해봐 같은 느낌이라고
그려봐 너와 나의 작은 세상
지켜봐 나는 꼭 이룰 수 있어"
1996.02	아이돌	노래 이야기	male	댄스	"주영훈
작사
주영훈
작곡
주영훈
편곡"	DSP 미디어	"이젠 나의 노래 있어 좋아
지금 내겐 노래 있어 좋아
내 맘대로 노래해도 좋아
자신있게 노래해도 좋아
지금 나의 목소리도 좋아
나의 노래 들어줘서 좋아
많은 사람 앞에 서서 좋아
많은 친구 생겨나서 좋아
내가 아주 어렸을 적에
즐겨서 부르던 노래가 많았지
언제나 엄마와 함께 불렀던
아름다운 동요들이 많았어
노래가 그 얼마나 좋았었는지
사람들 앞에 서면
노래하길 좋아했어
듣거나 말거나 박수치든 안치든
박자가 맞든 음정이 틀리든
중학교에 들어가서
나는 달라졌어
조금은 성숙하단 얘길 들어가며
그 때도 난 역시 노래가 좋았어
그래서 난 언제나 노랠 불렀어
LET IT BE LET IT BE
LET IT BE LET IT BE
공부하다 지칠 때도
공부하기 싫을 때도
나는 항상 그렇게도
노래를 불렀어
이젠 나의 노래 있어 좋아
지금 내겐 노래 있어 좋아
내 맘대로 노래해도 좋아
자신있게 노래해도 좋아
지금 나의 목소리도 좋아
나의 노래 들어줘서 좋아
많은 사람 앞에 서서 좋아
많은 친구 생겨나서 좋아
나에게 큰 어른처럼 내 모습이
조금조금 달라져갈 때
이럴 때도 나에게는
나를 위한 노래들이 많이 나왔어
그렇지만 예전처럼 가늘고
아름다운 목소리는 아냐
이렇게 저렇게 나의 인생은
조금씩 달라지며 커가는거야
학교에 가도 어디를 가도
나에겐 노래하고 싶은 마음 뿐
그 언젠가 내 자신이
노래를 부를지도 모르는 일이야
그 날을 위해 그 때를 위해
난 항상 준비하고 예비를 했어
나만의 멋진 미래를 위해
이젠 나의 노래 있어 좋아
지금 내겐 노래 있어 좋아
내 맘대로 노래해도 좋아
자신있게 노래해도 좋아
지금 나의 목소리도 좋아
나의 노래 들어줘서 좋아
많은 사람 앞에 서서 좋아
많은 친구 생겨나서 좋아

이젠 나의 노래 있어 좋아
지금 내겐 노래 있어 좋아
내 맘대로 노래해도 좋아
자신있게 노래해도 좋아
지금 나의 목소리도 좋아
나의 노래 들어줘서 좋아
많은 사람 앞에 서서 좋아
많은 친구 생겨나서 좋아
이젠 나의 노래 있어 좋아
지금 내겐 노래 있어 좋아
내 맘대로 노래해도 좋아
자신있게 노래해도 좋아
지금 나의 목소리도 좋아
나의 노래 들어줘서 좋아
많은 사람 앞에 서서 좋아
많은 친구 생겨나서 좋아
이젠 나의 노래 있어 좋아
지금 내겐 노래 있어 좋아
내 맘대로 노래해도 좋아"
1996.02	아이돌	Na Na Na	male	댄스		DSP 미디어	"NA NA NA NA
NA NA NA NA NA NA NA NA
왜 그렇게 울고 있니
NA NA NA NA
NA NA NA NA NA NA NA NA
애써 지우려고 하니
나의 사랑스런 그대 우리 사랑은
가버린거니 돌아올 수 없니
난 이제 시작이야 너를 느낀거야
처음으로 느껴본 사랑이야

잔잔한 바다같이 넌 나를
편하게 해주었어 어느 누구보다
난 이제 시작이야 너를 느낀거야
처음으로 느껴본 사랑이야

나를 놀리려고 그런거지
그렇게 심한 말을
우리는 밤새 놀았잖아
어 정말이야

NA NA NA
NA NA NA
NA NA NA NA
NA NA NA NA NA NA NA NA
왜 그렇게 울고 있니
NA NA NA NA
NA NA NA NA NA NA NA NA
애써 지우려고 하니
나의 사랑스런 그대 우리 사랑은
가버린거니 돌아올 수 없니
난 이제 시작이야 너를 느낀거야
처음으로 느껴본 사랑이야
NA NA NA NA
NA NA NA NA NA NA NA NA
왜 그렇게 울고 있니
NA NA NA NA
NA NA NA NA NA NA NA NA
애써 지우려고 하니"
1996.02	아이돌	상상	male	댄스		DSP 미디어	"언제나 믿었어
믿고 싶던 너였어
근데 그게 아니었어
너로 인해 짧은 하루가
다시 길어진 걸 난 느껴
너 떠나고 나는
겨울이 된 것 같아
추워진 내 마음만큼
내가 이렇게 될 줄은
나도 나의 눈물 보고야
난 알게 됐어
그 후부터 생긴거야
버릇이 되어버렸지
니가 내 옆에 있다고
마치 진짜처럼
어느새 내가 걱정이 돼
투명한 너의 모습보며
혼자 웃는 나를 보며
가질 수만 있다면
이별을 다 살거야
더 이상 아프지 않게
나의 허락없인
누구라도 눈물 흘리지 않게

그 후부터 생긴거야
버릇이 되어버렸지
니가 내 옆에 있다고
마치 진짜처럼
어느새 내가 걱정이 돼
투명한 너의 모습보며
혼자 웃는 나를 보며
가질 수만 있다면
이별을 다 살거야
더 이상 아프지 않게
나의 허락없인
누구라도 눈물 흘리지 않게
가질 수만 있다면
이별을 다 살거야
더 이상 아프지 않게
나의 허락없인
누구라도 눈물 흘리지 않게"
1996.02	구피	Memory	male	발라드	"지예
작사
안정훈
작곡
안정훈
편곡"	비온디크루	"하나 둘씩 집으로
돌아가려 하는 저녁 무렵
어느새 다가와 있는 찬바람이
한 계절의 저 끝을 알리고 있어
시간은 흘러가고
넌 지금 떠나고
꿈에서 니가 아른
지난 추억만이 남아
나의 마음엔 변치 않는
아픔이 아직 남아 있어
어느새 거리엔 차가운 바람이
아직 식지않은 추억을 지워가네
너와의 이별이 마지막
내가 기억하는 여름의 끝이었어
함께 찾았던 바닷가
너의 입술을 느끼던 그 날 밤이
잊지 못할
행복이라는걸 몰랐었지
이젠 아무도 너처럼 나를 위해
작은 일에도 울어줄 사람없어
떠나가던 너를 보내는게 아닌데
다시 그때로 되돌아 가고싶어
나를 너있는 곳으로 데려가줘
그땐 너를 안고
영원히 머물거야 너의 곁에서
이 세상이 마치 Uh
텅빈 그런 feel
다시 한번 생각해봐
우리 Memory Remember me
널 그냥 이대로 보내야했는지
가는 널 붙잡지 않니
그 땐 난 뭘했는지
돌아서는 너를 잡지 못한
나를 이렇게
아쉬워서 지울 수 없나봐
나에게 잘해주던
너의 모습만이
나의 마음속에
아직도 남아있어
함께 거닐던 바닷가
은빛 모래에 남기던 발자욱이
내 가슴에 새긴
사랑인걸 몰랐었지
이젠 얼마나 너없는 내모습이
작고 초라해지는지 알수있어
너무 늦었지만
내겐 후회뿐이야
다시 그때로 되돌아 가고싶어
나를 너있는 곳으로 데려가줘
그땐 너를 안고
영원히 머물거야
너의 곁에서"
1996.02	구피	Techno Time	male	댄스		비온디크루	"나의 방황 네게 얻은 당황
또 네게 남은시련 내게 남아있는 미련
비련해진 내 모습에 작아지는
가련한 내 마음에 돌아서는
너의 차가운 외면 나를 보며
너는 돌아보지 않았지
이런 내 모습이 싫다고만 했지
말했지 네 이미지 속에 빠져
들어갔지 다시 돌아오라
나는 네게 외쳐댔지 uh
넌 이미 나의 시선에서 벗어났지
그런 널 붙잡으려 나는 소리쳤지
끝이 나지 않는 그런 기다림이
미치도록 너무 아픈 이별이지
돌아와 내게 말한 그런 절규까지
네겐 아무 것도 소용없는 말인거니
다시 시작하려 하는 나의 바램까지
넌 무참히 밟으려고 하는 것만 같았지
죽어서 너를 지울 수만 있다면
네게서 찾은 날 버릴 수 있다면
내 곁에 니 모습 이젠 찾을 수가
없잖아 날 그냥 내버려둬
수많은 이별 너에게선
다시 볼 수 없을꺼라고 생각해 왔는데
지금 널 가질 수가 없어
날 떠나지 말라고 지금 내 가슴속에서
널 너무나 원하고 있잖아
돌아와 내 곁엔 너의 향기뿐야
지금 현실을 다 지워줘

이젠 틀렸어 너의 맘을 돌리기엔
늦었어 안타까운 나의 맘을 어떻게
할 수없어 더 이상은 나는 없었어
정신없이 너를 찾아 헤매도 너는없어
너의 그림자도 없어
어딜간거야 왜 떠난거야
정말 내가 없는 곳으로 떠난거야
다른 누군가 사랑하고 있다면
이젠 영원히 날 잊어 버렸다면
깨끗이 잊을게 너의 사랑 모든
아픔을 다 지워지질 않아
갈 수도 없어 널 잊을 순 없어
왜 날 떠나 버렸니
진정 날 사랑하는 맘이 없는거니
다 거짓말 인거야 지금 내
가슴속에서 널 너무나 원하고 있잖아
돌아와 내 곁엔 너의 향기뿐야
끝나지 않아"
	구피	Magic	male	댄스	"Cyren
작사
윤일상
작곡
윤일상
편곡"	비온디크루	"물끄러미 나를 바라보는
은근히 바란 너희들의 속셈
알고 있어
나는 내가 먼저 시작한 줄
끊어 놓을게
그래서 자신감을 심어줄게
그렇게 부담스런 눈빛
제발 보이지마 그만
그렇게 나를 보지말아 이젠 그만
그녀가 내게 오는 것이 앞으로
그리 멀지는 않을거야
이제부터 무얼 해야 하나
나도 어른이 되어 가는걸까
누군가 내 곁에서
도와줄 사람 없는지
나를 너무 혼란스럽게 해
나에게 기대오던 친구들도
모두들 나와 같은 생각을 할까
오 그렇게 기다린
이런 시간들속에
왜 나만 방황해야만 해
She's coming
I'm waiting for you
I'm coming
언제나 이곳에 있을꺼야
She's coming
I'm hunger for you
니가 가진 너의 환상을 보여줘
그래 오늘밤 내 곁으로 와
잠든 날 깨워줘
이제껏 기다려 왔어
난 받아들일 준비가 되있어
I'm in the magic with you

과연 그녀가
지금의 내 말을 들어줄까
과연 그녀가 내 맘을 알아줄까
이리도 모든 것을 원하는 내 맘
더이상 바보 될 수 없는 내 맘
정신을 잃어버린 나는
도저히 정말
하지만 너도 바라잖아 정말
언제나 그리던 magic같은 영상
조금씩 다가와서
깊은 네 속에 초대해 줘
너만의 환상
내가 가는 길이 두려워져
태연한 척 하는 나이지만
모두들 나를 믿고 있는데
져버릴 수 없어
그 기대를 멀리 할 수 없어
답답한 나를 이제 구원해줘
막막한 이 길에서 날 꺼내가줘
오직 너만 나를 행복하게
만들 수 있어
니가 말하던 그 곳에서
She's coming
I'm waiting for you
I'm coming
언제나 이곳에 있을꺼야
She's coming
I'm hunger for you
니가 가진 너의 환상을 보여줘
그래 오늘밤 내 곁으로 와
잠든 날 깨워줘
이제껏 기다려 왔어
난 받아들일 준비가 되있어
I'm in the magic with you

Yeah 답답하던 내 안에 내 속에
거대하게 파고드는 그녀는
말할 수 없는 이 느낌을 전해준
그녀는 나만의 Magician
오직 나만 모두 바라던 원하던
그것을 하룻밤에
이루어내고 만거야
모두가 부러워 나를 붙잡고
너와 함께한 magic을 원해"
1999.07	구피	Vanessa	male	댄스	"오지훈
작사
김진권
작곡
김진권
편곡"	비온디크루	"I love you 떨리는
목소리로 넌 내게 고백을 했어
I love you too
어설픈 발음
나도 네게 고백했지
너와 난 다른 땅위에
다른 색의 눈빛 서로가 다른
모습 너무 틀리지만
내 사랑은 너였어
너무나 힘이 들었어
너도 힘들겠지 왠지 우리의
사랑 잘못된 것 같아
내 가슴속 모두다 무너져
견딜수 없지만 포기 못해
나의 Vanessa
눈빛이 달라 어색해도
하늘이 다르진 않아
그 끝이 어디라도
난 괜찮아 난 널 부를 수 있어
눈빛이 달라 어색해도
살아갈 시간이 많아
이젠 네게 힘든 날 없을 거야
사랑해 널 영원히

남들과 내 주위 모든 사람들
우리를 삐딱하다하지
사랑엔 국경도 없고 그렇듯
말뿐인 너희들 모두다
남들과 내 주위 모든 사람들
우리를 삐딱하다 하지
사랑에 국경도 없고 그렇듯
말뿐인 너희들 모두다
Don`t cry
외로운 눈에서 지켜줄게 나
My Love Vanessa
Don`t cry
외로운 눈에서 지켜줄게 나
My Love Vanessa
Don`t cry
외로운 눈에서 지켜줄게 나
My Love Vanessa
Don`t cry
외로운 눈에서
My Love Vanessa
My Love Vanessa
이런 날 원망하겠지
밤새 슬퍼하며 내게 눈물로
배신감을 말하겠지 모두
내 탓이라고 하지만 이제
더 이상 날 막을 순 없어
함께 했었던 모든 시간들이
이젠 내 가슴속
모두 다 채워져
지울수가 없어
포기 못해 나의 Vanessa
눈빛이 달라 어색해도
하늘이 다르진 않아
그 끝이 어디라도
난 괜찮아 난 널 부를 수 있어
눈빛이 달라 어색해도
살아갈 시간이 많아
이젠 네게 힘든 날 없을 거야
사랑해 널 영원히"
1999.07	엔알지	그대야 미안해	male	댄스		뮤직 팩토리	
1999.07	엔알지	와요와요	male	댄스		뮤직 팩토리	
1999.07			male			희레코드	
1999.01.12			male			희레코드	
1998.11			male			희레코드	
