1992.03.23	서태지와 아이들	난 알아요	남	댄스	서태지	서태지	요요 기획	난 알아요 이밤이 흐르고 흐르면 누군가가 나를 떠나 버려야 한다는 그 사실을 그 이유를 이제는 나도 알 수가 알 수가 있어요 사랑을 한다는 말을 못했어 어쨌거나 지금은 너무 늦어 버렸어 그때 나는 무얼하고 있었나 그 미소는 너무 아름다웠어 난 정말 그대 그대만을 좋아했어 나에게 이런 슬픔 안겨주는 그대여 제발 이별만은 말하지 말아요 나에겐 오직 그대만이 전부였잖아 오 그대여 가지마세요 나를 정말 떠나 가나요 오 그대여 가지마세요 나는 지금 울잖아요 난 알아요 이밤이 흐르면 요 그대 떠나는 모습 뒤로하고 마지막 키스에 슬픈 마음 정말 떠나는가 사랑을 하고싶어 너의 모든 향기 나의 몸속에 젖어있는 너의 많은 숨결 그 미소 그눈물 그 알 수 없는 마음에 마음 그리곤 또 마음에 마음 그 어렵다는 편지는 쓰지 않아도 돼 너의 진실한 모습을 바라보고 있어요 아직도 마음속엔 내가 있나요 나는 그대의 영원한 난 정말 그대 그대만을 좋아했어 나에게 이런 슬픔 안겨주는 그대여 오 그대여 가지마세요 나를 정말 떠나 가나요 오 그대여 가지마세요 나는 지금 울잖아요 오 그대여 가지마세요 나를 정말 떠나 가나요 오 그대여 가지마세요 나는 지금 울잖아요
1995.10.05	서태지와 아이들	Come Back Home	남	댄스	서태지	서태지	요요 기획	난 지금 무엇을 찾으려고 애를 쓰는 걸까 난 지금 어디로 쉬지않고 흘러가는가 난 내 삶의 끝을 본적이 있어 내 가슴속은 갑갑해졌어 내 삶을 막은것은 나의 내일에 대한 두려움 반복됐던 기나긴 날 속에 버려진 내 자신을 본 후 나는 없었어 그리고 또 내일조차 없었어 내겐 점점 더 크게 더해갔던 이 사회를 탓하던 분노가 마침내 증오가 됐어 진실들은 사라졌어 혀 끝에서 YOU MUST COME BACK HOME 떠나간 마음보다 따뜻한 YOU MUST COME BACK HOME 거칠은 인생속에 YOU MUST COME BACK HOME 떠나간 마음보다 따뜻한 YOU MUST COME BACK HOME 나를 완성하겠어 다시 하나의 생명이 태어났고 또 다시 부모의 제압은 시작됐지 내겐 사랑이 전혀 없는 것 내 힘겨운 눈물이 말라버렸지 무모한 거품은 날리고 흠 주위를 둘러봐 널 기다리고 있어 그래 이젠 그만됐어 나는 하늘을 날고 싶었어 아직 우린 젊기에 괜찮은 미래가 있기에 자 이제 그 차가운 눈물은 닦고 COME BACK HOME YOU MUST COME BACK HOME 떠나간 마음보다 따뜻한 YOU MUST COME BACK HOME 거칠은 인생속에 YOU MUST COME BACK HOME 떠나간 마음보다 따뜻한 YOU MUST COME BACK HOME 나를 완성하겠어 IN THE PLACE TO BE ONE TWO TREEE IN THE PLACE TO BE 터질것 같은 내 심장은 날 미치게 만들 것 같았지만 난 이제 깨달았어았어 날 사랑했다는 것을 YOU MUST COME BACK HOME 떠나간 마음보다 따뜻한 YOU MUST COME BACK HOME 거칠은 인생속에 YOU MUST COME BACK HOME 떠나간 마음보다 따뜻한 YOU MUST COME BACK HOME 나를 완성하겠어 난 지금 무엇을 찾으려고 애를 쓰는 걸까 난 지금 어디로 쉬지않고 흘러가는가 난 지금 무엇을 찾으려고 애를 쓰는 걸까 난 지금 어디로 쉬지않고
1996.02.10	서태지와 아이들	너에게	남	발라드	WILLIAM BYUN	서태지	요요 기획	"니가 아무리 지금 날 좋아한다고 해도 그건 지금뿐일지도 몰라 왜냐하면 어 그건 말야  너의 말들을 웃어 넘기는 나의 마음을 너는 모르겠지 너의 모든 걸 좋아하지만 지금 나에겐 두려움이 앞서  너무 많은 생각들이 너를 가로 막고는 있지만 날 보고 웃어주는 네가 ""그냥 고마울 뿐이야"" 너는 아직 순수한 마음이 너무 예쁘게 남았어 하지만 나는 왜 그런지 모두가 어려운걸  세상은 분명히 변하겠지 우리의 생각들도 달라지겠지 (생각해 봐)생각해 봐 어려운 일 뿐이지 나에게 보내는 따뜻한 시선을 때로는 외면하고 얼굴을 돌리는 걸 (넌 느끼니)넌 느끼니 너를 싫어해서가 아니야  너를 만난 후 언젠가부터 나의 마음 속엔 근심이 생겼지 네가 좋아진 그 다음부터 널 생각하면 깊은 한숨 뿐만  사랑스런 너의 눈을 보면 내 맘은 편안해지고 네손을 잡고 있을때면 ""난 이런 꿈을 꾸기도 했어"" 나의 뺨에 네가 키스할땐 온 세상 내것 같아 이대로 너를 안고 싶어 하지만 세상에는  아직도 너무 많은 일이 네 앞에 버티고 있잖아 (생각해 봐)생각해 봐 어려운 일 뿐이지 네가 접하게 되는 새로운 생활들과 모두가 너에게 시선을 돌리게 되는 걸 (알 수 있니)알 수 있니 너는 이런 내 마음 아는지  조그마한 너의 마음 다치게 하긴 싫어 이러는 것 뿐이지 어른들은 항상 내게 말하지 넌 아직도 모르고 있는 일이 더 많다고  (네 순수한 마음 변치 않길 바래) -"
1996.02.10	서태지와 아이들	하여가	남	댄스	서태지	서태지	요요 기획	너에게 모든걸 뺏겨버렸던 마음이 다시 내게 돌아오는 걸 느꼈지 너는 언제까지나 나만의 나의 연인이라 믿어왔던 내생각은 틀리고 말았어 변해버린건 필요가 없어 이제는 너를 봐도 아무런 느낌이 없어 나에겐 항상 시선을 멈췄던 예전의 네 모습과 나를 바라보던 네 미소와 너만의 목소리 모든게 그리워진거야 지금 나에겐 너를 볼때마다 내겐 가슴이 떨리는 그 느낌이 있었지 난 그냥 네게 나를 던진거야 예이예이예예예예 나홀로 있을 때 조차 너를 기다린다는 설레임에 언제나 기쁘게 마음을 가졌던거야 예이예이예예예예 부풀은 내 맘속엔 항상 네가 있었어 하얀 미소에 너를 가득 안고서 이제는 너를 위해 남겨둔 것이 있어 해맑던 네미소가 담긴 사진을 난 그냥 이대로 뒤돌아 가는가 넌 그냥 이대로 날 잊어버리나 난 그냥 이대로 뒤돌아가는가 널 그냥 이대로 보내긴 내 가슴이 너무나 난 그냥 이대로 날 잊어버리나 난 그냥 이대로 널 그냥 이대로 보내긴 내 가슴이 너무나 너에게 많은 걸 바라는게 아니지 그전처럼 바로 그때처럼 말이야 정성이 가득히 있었지 언제나 나를 너무 따뜻하게 대해주었지 이제는 전화를 네게 거는것 마저 난 이제 모두가 두려워졌어 넌 아닌척하고는 있지만 너의 목소리가 너무도 차갑지 난 이제 알수가 있어 너도 많이 아파하고 있었다는 것만을 진실을 숨기지마 넌 왜그리 모르지 너를 볼때마다 내겐 가슴이 떨리는 그 느낌이 있었지 난 그냥 네게 나를 던진거야 예이예이예예예예 나홀로 있을 때 조차 너를 기다린다는 설레임에 언제나 기쁘게 마음을 가졌던거야 예이예이예예예예 부풀은 내 맘속엔 항상 네가 있었어 하얀 미소에 너를 가득 안고서 이제는 너를 위해 남겨둔 것이 있어 해맑던 네미소가 담긴 사진을 난 그냥 이대로 뒤돌아 가는가 넌 그냥 이대로 날 잊어버리나 난 그냥 이대로 뒤돌아가는가 널 그냥 이대로 보내긴 내 가슴이 너무나 난 그냥 이대로 날 잊어버리나 난 그냥 이대로 널 그냥 이대로 보내긴 내 가슴이 너무나 이렇게 떠나가버릴 너를 보려한것이 아니야 하지만 나는 기다려 네가 다시 돌아올 날까지 이곳에서
1993.06.06	서태지와 아이들	하여가(何如歌)	남	댄스	서태지	서태지	요요 기획	너에게 모든 걸 뺏겨 버렸던 마음이 다시 내게 돌아 오는 걸 느꼈지 너는 언제까지나 나만의 나의 연인이라 믿어왔던 내 생각은 틀리고 말았어 변해버린건 필요가 없어 이제는 널 봐도 아무런 느낌이 없어 나에겐 항상 시선을 멈췄던 예전의 네 모습과 나를 바라보던 네 미소와 너만의 목소리 모든게 그리워 진거야 지금 나에겐 너를 볼때마다 내겐 가슴이 떨리는 그 느낌이 있었지 난 그냥 네게 나를 던진거야 예 나홀로 있을때 조차 너를 기다린다는 설레임에 언제나 기쁘게 마음을 가졌던거야 예 부풀은 내 마음속엔 항상 네가 있었어 하얀 미소의 너를 가득 안고서 이제는 너를 위해 남겨둔 것이 있어 해맑던 네 미소가 담긴 사진을 난 그냥 이대로 뒤돌아 가는가 넌 그냥 이대로 날 잊어 버리나 난 그냥 이대로 뒤돌아 가는가 널 그냥 이대로 보내긴 내 가슴이 너무나 난 그냥 이대로 날 잊어 버리나 난 그냥 이대로 난 그냥 이대로 보내긴 내 가슴이 너무나 너에게 많은걸 바라는 게 아니지 그전처럼 또 바로 그때처럼 말이야 정성이 가득히 있었지 언제나 나를 너무 따뜻하게 대해 주었지 이제는 전화를 네게 거는 것 마저 난 이제 모두 두려워졌어 넌 아닌척하고 있지만 너의 목소리가 너무도 차갑지 난 이제 알 수가 있어 너도 많이 아파하고 있었다는 것만을 너의 진실을 숨기지마 넌 왜 그리 모르지 너를 볼때마다 내겐 가슴이 떨리는 그 느낌이 있었지 난 그냥 네게 나를 던진거야 예 나홀로 있을때 조차 너를 기다린다는 설레임에 언제나 기쁘게 마음을 가졌던거야 예 부풀은 내 마음속엔 항상 네가 있었어 하얀 미소의 너를 가득 안고서 이제는 너를 위해 남겨둔 것이 있어 해맑던 네 미소가 담긴 사진을 난 그냥 이대로 뒤돌아 가는가 넌 그냥 이대로 날 잊어 버리나 난 그냥 이대로 뒤돌아 가는가 널 그냥 이대로 보내긴 내 가슴이 너무나 난 그냥 이대로 날 잊어 버리나 난 그냥 이대로 난 그냥 이대로 보내긴 내 가슴이 너무나 이렇게 떠나가 버릴 너를 보려한것이 아니야 하지만 나는 기다려 네가 다시 돌아올날까지 이곳에서
1996.02.10	서태지와 아이들	환상속의 그대	남	댄스	서태지	서태지	요요 기획	환상속의 그대  결코! 시간이 멈추어 줄 순 없다 Yo! 무엇을 망설이나 되는 것은 단지 하나뿐인데 바로 지금이 그대에게 유일한 순간이며 바로 여기가 단지 그대에게 유일한 장소이다. 환상속엔 그대가 있다. 모든것이 이제 다 무너지고 있어도 환상속엔 아직 그대가 있다. 지금 사실 내모습은 진짜가 아니라고 말한다 단지 그것 뿐인가 그대가 바라는 그것은 아무도 그대에게 관심을 두지 않는다. One Two Three 그대는 새로워야 한다. 아름다운 모습으로 바꾸고 새롭게 도전하자.  환상속의 그대  그대의 환상, 그대는 마음만 대단하다. 그 마음은 위험하다. 자신은 오직 꼭 잘될거라 큰소리로 말하고 있다. 하지만 지금 그대가 살고 있는 모습은 무엇일까. 환상속엔 그대가 있다. 모든것이 이제 다 무너지고 있어도 환상속엔 아직 그대가 있다. 대 지금 사실 내모습은 진짜가 아니라고 말한다 세상은 Yo! 빨리 돌아가고 있다. 시간은 그대를 위해 멈추어 기다리지 않는다. 사람들은 그대의 머리위로 뛰어다니고 그대는 방한 구석에 앉아 쉽게 인생을 얘기하려 한다.  환상속엔 그대가 있다. 모든것이 이제 다 무너지고 있어도 환상속엔 아직 그대가 있다. 지금 사실 내모습은 진짜가 아니라고 말한다
1996.02.10	서태지와 아이들	우리들만의 추억	남	발라드	서태지	서태지	요요 기획	한결 같은 너희들의 정성이 우리에겐 너무 커다란 힘이 되었지 편지속에 수많았던 사연들 예쁜 마음 모두다 느낄수가 있었어 Devastating Taiji in the place to be with Ju-no and Hyun-suk right beside me Creating the sound to the fullist effect Pumping it hard to gain the respect Art to the Truth and Truth the Art Coming to you straight from the heart We're rocking the mike as never before so to all the freaks in the house move to the dance floor 소리쳐 주던 예쁘게 웃었던 아름다운 너희들의 모습이 좋았어 함께 기뻐하고 모두 다같이 웃고 서로를 걱정했던 우리들만의 옛 추억들 우리들이 힘든일을 겪을땐 그곁에는 아무도 있어주질 않았어 다만 우리가 견딜수 있던건 너희들의 크나큰 사랑이었어 Dance to the music and move Move to the sound and grooveTo the soft MC's, I'm a lyrical poet Listen to my rhyms and you'll surely know it A hard hiphopper there is nine higher sucka MC's they call me sire T to the A to the I to the J to the I  Cause we want you to funk 소리쳐 주던 예쁘게 웃었던 아름다운 너희들의 모습이 좋았어 함께 기뻐하고 모두 다같이 웃고 서로를 걱정했던 우리들만의 옛 추억들  T is for the talent that I possess A is for attetion I get from the rest I is for my intellect, style, and my grace J is for the joy I bring to my raceI is for identity,visions Isee We'll rock you till the twenty first century So united we stand divided we fall in this year of 93 we're taking it all 소리쳐 주던 예쁘게 웃었던 아름다운 너희들의 모습이 좋았어 함께 기뻐하고 모두 다같이 웃고 서로를 걱정했던 우리들만의 옛 추억들 우린 약하지 않아 어린애가 아니야 마음을 서로 합하면 모든 해낼 수 있어 난 더 잘하겠어 우리 모두를 위해 우리 역시 영원토록 너희들을 사랑할거야
1993.06.06	서태지와 아이들	마지막 축제	남	댄스	서태지	서태지	요요 기획	언제나 함께 했던 시간들을 접어 두고서 이제 너는 떠나가네 즐거웠던 시간만을 기억해 줄래 해맑은 네 큰눈에 반했던게 어제 같은데 이제 너는 떠나가네 우리에 따뜻했던 마음 기억해 줘 신비한 채로 가려져 있던 널 알기도 전에 우리가 헤어지는 일은 없을거라 난 믿었는데 너를 보내기 위한 춤을 추고 있어 짧은 시간만이 남았어 내 친구야 창밖을 봐 눈이 오잖아 모두 너를 위한 거야 느낄 수 있니 아침 해가 뜨기전에 널 보내 줄께 내겐 언제나 짜릿함으로 다가왔던 너에 따뜻한 미소 우린 언제나 다함께 나누었던 웃음과 눈물 신비롭던 너에 몸짓이 하나하나가 나의 기억속엔 언제나 매일매일 생각나겠지  어쩌다 너의길이 힘겨워 걷다가 지칠땐 주저 앉아 잠시 울어 언젠가 다시 만날 그날을 생각해 친구야 하루가 다 지나가고 잠들기전에 우리들을 기억해줘 다시 만날땐 너를 꼭 안아 주겠어. 신비한 채로 가려져 있던 널 알기도 전에 우리가 헤어지는 일은 없을거라 난 믿었는데 너를 보내기 위한 춤을 추고 있어 짧은 시간만이 남았어 내 친구야 창밖을 봐 눈이 오잖아 모두 너를 위한 거야 느낄 수 있니 아침 해가 뜨기전에 널 보내 줄께
1992.03.23	서태지와 아이들	이밤이 깊어가지만	남	발라드	서태지	양현석	요요 기획	옛 생각에 까페문을 열고 지난 추억을 기억하려 했지 부드러운 음악 소리 마져 내 마음을 아프게 해 비 마저 내린 그날을 생각하네 내 욕심과 자만에 슬픈 너의 표정 텅빈 까페에 홀로 기대어 나도 모르는 눈물을 흘리네 난 두 눈을 꼭 감고 있지만 너의 모습이 있을 뿐 이 밤이 깊어 가지만 지금 전화를 걸어 너를 볼 수 있을까 두려워 넌 지금도 울고 있을거야 이슬비처럼 여린 너의 마음 그대 제발 슬퍼하지 말아요 너의 마음을 알아요 비 마저 내린 그날을 생각하네 내 욕심과 자만에 슬픈 너의 표정 허전한 마음을 감추며 비 내리는 이 밤을 걸어가네 내가 본 창백한 그 얼굴 그것이 마지막일까 이 밤이 깊어 가지만 지금 전화를 걸어 너를 볼 수 있을까 다시 만나고 싶어 이 밤이 깊어 가지만 지금 전화를 걸어 너를 볼 수 있을까 두려워
1996.06.07	서태지와 아이들	시대유감(時代遺憾)	남	록/메탈	서태지	서태지	요요 기획	왜 기다려 왔잖아 모든 삶을 포기하는 소리를 이 세상이 모두 미쳐버릴 일이 벌어질것 같네 짜식들이 되게 시끄럽게 구네 그렇게 거만하기만 한 주제에 거짓된 너의 가식때문에 너의 얼굴 가죽은 꿈틀거리고 나이든 유식한 어른들은 예쁜 인형을 들고 거릴 헤메다니네 모두가 은근히 바라보고있는 그런날이 바로 오늘 올것만 같아 검게 물든 입술 정직한 사람들의 시대는 갔어 숱한 가식 속에 오늘은 아우성을 들을 수 있어 왜 기다려왔잖아 모든 삶을 포기하는 소리를 이세상이 모두 미쳐버릴 일이 벌어질것 같네 부러져 버린 너의 그런 날개로 너는 얼마나 날아갈 수 있다 생각하나 모두를 뒤집어 새로운 세상이 오길 바라네 너의 심장은 태워버리고 너의 그 날카로운 발톱들은 감추고 돌이킬수 없는 과거와 모두가 잘못되어 가고 있는데 검게 물든 입술 정직한 사람들의 시대는 갔어 숱한 가식속에 오늘은 아우성을 들을 수 있어 왜 기다려왔잖아 모든 삶을 포기하는 소리를 이세상이 모두 미쳐버릴 일이 벌어질것 같네 바로 오늘이 두개의 달이 떠오르는 밤이야 내 가슴에 맺힌 한을 풀수 있기를 오늘이야
1992.03.23	서태지와 아이들	너와 함께한 시간속에서	남	발라드	서태지	서태지	요요 기획	너와 함께한 시간속에서 너를 처음 만난 그때를 자세하게 말해 줄수는 없지만 무엇인가 정말 따뜻하고 너무 포근해서 좋은 그런 느낌이 있었지 나에게 기억나는 것은 커피 한모금의 수줍던 이야기 까만밤 아주 까만밤 너와 내가 사랑했던 아름다운 밤 오랜 친구 같아 한없이 행복해 너와 함께한 시간속에서 아픔은 사라지고 나의 마음이 포근해지네 그대와 나 슬픈얘기도 많았지 그대가 또 내가 서로에게 바라던 수많은 이야기 많은 사연들 이제 아무것도 아닌것을 알게됐어 아주 오랜 시간을 우리 함께 보냈지 작은 시련도 이제 다 지나가고 흐르는 노래 함께 들으며 너는 내맘속에 오랫동안 남겠지 오랜 친구 같아 눈물이 흐르네 너와 함께한 시간속에서 아픔은 사라지고 나의 마음이 포근해지네 이렇게 까만밤에 너와 함께한 까만밤 너에게 무슨말을 하고싶어 내맘은 내맘은 그댈 아
1994.08.08	서태지와 아이들	교실 이데아	남	록/메탈	서태지	서태지	요요 기획	됐어 됐어 됐어 됐어 이제 그런 가르침은 됐어 그걸로 족해 족해 족해 족해 내 사투로 내가 늘어놓을래 매일 아침 일곱시 삼십분까지 우릴 조그만 교실로 몰아넣고 전국 구백만의 아이들의 머리속에 모두 똑같은것만 집어넣고 있어 막힌 꽉 막힌 사방이 막힌 널 그리고 우릴 덥썩 모두를 먹어삼킨 이 시꺼먼 교실에서만 내 젊음을 보내기는 너무 아까워 좀 더 비싼 너로 만들어 주겠어 네 옆에 앉아있는 그애보다 더 하나씩 머리를 밟고 올라서도록 해 좀 더 잘난 네가 될수가 있어 왜 바꾸지 않고 마음을 조이며 젊은날을 헤매일까 바꾸지 않고 남이 바꾸길바라고만 있을까 됐어 됐어 이젠 됐어 됐어 이제 그런 가르침은 됐어 그걸로 족해 족해 이젠 족해 족해 내 사투로 내가 늘어놓을래 국민학교에서 중학교로 들어가면 고등학교를 지나 우릴 포장센터로 넘겨 겉보기 좋은 널 만들기 위해 우릴 대학이란 포장지로 멋지게 싸버리지 이젠 생각해봐 대학 본 얼굴은 가린채 근엄한 척 할 시대가 지나버린건 좀 더 솔직해봐 넌 알 수 있어 좀 더 비싼 너로 만들어 주겠어 네 옆에 앉아있는 그애보다 더 하나씩 머리를 밟고 올라서도록 해 좀 더 잘난 네가 될수가 있어 왜 바꾸진 않고 마음을 조이며 젊은날을 헤맬까 바꾸지 않고 남이 바꾸길바라고만 있을까 왜 바꾸진 않고 마음을 조이며 젊은날을 헤맬까 바꾸지 않고 남이 바꾸길바라고만 있을까 오 됐어 됐어 이젠 됐어 됐어 이제 그런 가르침은 됐어 됐어
1994.08.08	서태지와 아이들	널 지우려 해	남	록/메탈	서태지	양현석	요요 기획	우연히 길을 걷다 음 마주친 그 모습에 너무 놀랬어 작고 귀엽고 깨물어 주고싶던 그녀의 모습 너무 닮았어 너를 잊었다고 생각했었어 너를 본건지 넌 어디있는지 너도 가끔씩은 내 생각을 하는지 쓸데없는 걱정으로 한숨만 짓네 이제는 너를 지우려고해 두번 다신 너를 떠올리진 않아 가슴 아픈 일이지만 네 생각에 눈물 짓지 않을거야 내 마음을 찾고 싶었어 생각하면 마음만 아픈데 아직까지 널 잊지 못하나 짓궂었던 너의 목소리가 내 귓가에서 들릴 것 같아 슬픈 일들도 좋은 추억도 이 눈물과 함께 담아 날려버리고 이제 나도 나를 찾아 떠나가겠어 이제는 너를 지우려고해 두번 다시 너를 떠올리진 않아 가슴 아픈 일이지만 네생각에 눈물 짓지 않을거야 내 마음을 찾고 싶었어 내가 너를 처음 본 곳 마지막 한 번 가보고 싶었어 비가 오는 이밤 길을 정신없이 그냥 걷고 있네 한도 없이 걷다보면 너를 잊을수 있을 것 같아 얼마나 더 가야하는가 언제나 언제나 너를 지을수 있나 소리쳐 너를 부르고 있어 큰소리쳐 너를 부르고 있어
1993.06.06	서태지와 아이들	너에게	남	발라드	서태지	서태지	요요 기획	"니가 아무리 지금 날 좋아한다고 해도 그건 지금뿐일지도 몰라 왜냐하면 어 그건 말야 너의 말들을 웃어 넘기는 나의 마음을 너는 모르겠지 너의 모든 걸 좋아하지만 지금 나에겐 두려움이 앞서 너무 많은 생각들이 너를 가로 막고는 있지만 날 보고 웃어주는 네가 ""그냥 고마울 뿐이야"" 너는 아직 순수한 마음이 너무 예쁘게 남았어 하지만 나는 왜 그런지 모두가 어려운걸"
1994.08.08	서태지와 아이들	발해를 꿈꾸며	남	록/메탈	서태지	서태지	요요 기획	진정 나에겐 단 한가지 내가 소망하는 게 있어 갈려진 땅의 친구들을 언제쯤 볼 수가 있을까 망설일 시간에 우리를 잃어요 한 민족인 형제인 우리가 서로를 겨누고 있고 우리가 만든 큰 욕심에 내가 먼저 죽는걸 진정 너는 알고는 있나 전 인류가 살고 죽고 처절한 그날을 잊었던 건 아니었겠지 우리 몸을 반을 가른 채 현실 없이 살아갈건가 치유할 수 없는 아픔에 절규하는 우릴 지켜줘 시원스레 맘의 문을 열고 우리와 나갈 길을 찾아요 더 행복할 미래가 있어 우리에겐 언젠가 나의 작은 땅에 경계선이 사라지는 날 많은 사람이 마음속에 희망들을 가득 담겠지 난 지금 평화와 사랑을 바래요 젊은 우리 힘들이 모이면 세상을 흔들수 있고 우리가 서로 손을 잡은 것으로 큰 힘인데 우리 몸을 반을 가른채 현실없이 살아갈건가 치유할수 없는 아픔에 절규하는 우릴 지켜줘 갈수 없는 길에 뿌려진 천만인의 눈물이 있어 워 나에겐 갈수도 볼 수도 없는가 저 하늘로 자유롭게 저 새들과 함께 날고 싶어 우리들이 항상 바라는것 서로가 웃고 돕고 사는것 이젠 함께 하나를 보며 나가요
2009.05.14	더 블루	그대와 함께	남	발라드	서영진	손지창	SM 엔터테인먼트	그대여 나의 두 눈을 봐요 그대의 눈 빛 속에 내가 들어갈 수 있도록 이제는 솔직하게 얘길 해봐요 더이상 숨기지 말고  그대여 두 눈을 감아요 눈을 뜨지 않아도 마음으로 볼 수가 있어 언제나 그대 숨결 느낄 수 있도록 내곁에 있어요 지금 이대로  지난 오랜 시간 동안 한번도 말은 안했지만 그댈 위한 내 마음은 그대로인걸 처음 만난 순간부터 나의 마지막 그 날까지 그대만이 나의 마음속에 언제까지나  지난 오랜 시간 동안 한번도 말은 안했지만 그대 위한 내 마음은 그대로인걸 처음 만난 순간부터 나의 마지막 그 날까지 그대만이 나의 마음속에 언제까지나
2009.05.08	더 블루	너만을 느끼며 (Feat. 티파니&수영)	남	댄스	NULL	NULL	SM 엔터테인먼트	니가 나이기를 바랬던 것만큼 많은 것을 원하지는 않아 알 수 없는 이 아쉬움들은 그리움의 마음일 뿐 짧았던 우리의 시간은 오랜 아픔으로 남겠지만 모든 것이 변할 순 없잖아 소중했던 우리 얘기도 서러워 우는 건 아니야 그저 미련만이 남아있을 뿐 오래 전 알고지낸 너와 함께 한 내 모습 더욱더 초라해 보이는 쓸쓸한 미소만이 더 이상 아무 말도 할 수 없지만 힘없이 뒤돌아 가지만 널 잊을 순 없을 꺼야 서로가 원한 건 아니었잖아 조금 더 가까이 다가와 너만을 느끼며 달콤한 내 사랑을 전할 꺼야 그냥 이대로 영원히 내 품에 안겨 내 사랑 oh my love to you 아직도 나는 기억해 우리 처음 만난 날 세월은 흘러갔어도 추억은 남아 있잖아 우리가 헤어진대도 그렇게 미안해 하지마 내 맘도 너와 똑같은 걸 난 괜찮아 아직까지도 널 사랑하니까 oh 힘없이 뒤돌아 가지만 널 잊을 순 없을 꺼야 서로가 원한 건 아니었잖아 조금 더 가까이 다가와 너만을 느끼며 달콤한 내 사랑을 전할 꺼야 그냥 이대로 영원히 내 품에 안겨 내 사랑 oh my love to you Everyday I think about you Every night I dreaming of you I will never forget forever oh
2009.05.14	더 블루	너만을 느끼며 (Feat. 티파니&수영)	남	발라드	서영진	지우	SM 엔터테인먼트	네가 나이기를 바랬던 것만큼 만은것을 원하지는 않아 알수 없는 이 아쉬움들은 그리움의 마음일뿐  오~ 짧았던 우리의 시간은 오랜 아픔으로 남겠지만 모든 것이 변할 순 없잖아 소중했던 우리 얘기도  서러워 우는 건 아니야 그저 미련만이 남아있을뿐 오래전 알고지낸 너와 함깨 한 내 모습  워~더욱더 초라해 보이는 쓸쓸한 미소만이 더이상 아무말도 할수 없지만  힘없이 뒤돌아 가지만 널 잊을 순 없을 꺼야 서로가 원한 건 아니었잖아 조금 더 가까이 다가와 너만을 느끼며 달콤한 내 사랑을 전할꺼야 그냥 이대로 영원히 내 품에 안겨 내사랑 oh my love to you~~~  아직도 나는 기억해 우리 처음 만난 날 세월은 흘러갔어도 추억은 남아 있잖아 우리가 헤어진대도  그렇게 미안해 하지마 내 맘도 너와 똑같은 걸 난 괜찮아 아직까지도 널 사랑하니까 oh~  힘없이 뒤돌아 가지만 널 잊을 순 없을 꺼야 서로가 원한 건 아니었잖아 조금 더 가까이 다가와 너만을 느끼며 달콤한 내 사랑을 전할꺼야 그냥 이대로 영원히 내 품에 안겨 내사랑 oh my love to you~~  Everyday I think about you Every my I dreaming of you I will never forget forever woo~~~
1995	더 블루	친구를 위해	남	발라드	K2 김성면	김민종	SM 엔터테인먼트	하늘위로 날아가는 새들은 자유로운 날개짓을 하며 말이 없는 내마음을 아는지 작은 내모습 위로 날아가네 다가가면 멀어지는 사람들 사랑하는 그대마저 떠난 밤이오는 노을아래 서 있는 나는 홀로 이렇게 울고있네 다른 세상으로 떠나가고 싶지만 나의 곁에 다가와준 내친구는 힘이 들어도 꿈을 찾고 있었지 어떤날은 버려진 나를 위해서 이젠 나의 꿈들을 찾아 떠나야겠어 그 누구나 새로운 많은 날이 있잖아 나의 꿈을 찾아서 다시 노래할꺼야 언제까지 변하지 않는 나의 친구와  지난 나의 마지막 무대위에 섰을 때 내이름을 부르던 사람들은 떠나고 그런 나의 모습에 그댄 사라져 갔어 초라해진 사랑에 많이 아파했지만 이젠 나의 꿈들을 찾아 떠나야겠어 그 누구나 새로운 많은 날이 있잖아 나의 꿈을 찾아서 다시 노래할꺼야 언제까지 변하지 않는 나의 친구와 노래가 끝나가는 지금 내곁엔 나를 보는 친구가 있네......
1995	더 블루	나의 곁엔 언제나	남	록/메탈	서영진	김민종	SM 엔터테인먼트	언제나 나만을 바라보는 그대와 함께 새로운 세상을 찾는거야 나의 곁에 있는 그대를 위해  변해가는 내모습 너는 알고 있었지만 아무말도 하지 못하고 슬픔에 젖어있네 이해할 수 있다면 내게 말을 하고 돌아선 멀어지는 너의 모습에 조금은 미안했어 오랜시간이 지나 다른사랑은 날 떠나가고 너는 말없이 날보며 다시 돌아오길 기다렸어 언제나 나만을 바라보는 그대의 눈엔 오래전 숨겨둔 많은 얘기가 가슴 아프도록 흐르고 있어 이제는 철없던 지난날을 잊어버리고 새로운 세상을 찾는거야 나의 곁에 있는 그대를 위해......  오랜시간이 지나 다른사랑은 날 떠나가고 너는 말없이 날보며 다시 돌아오길 기다렸어 언제나 나만을 바라보는 그대의 눈엔 오래전 숨겨둔 많은 얘기가 가슴 아프도록 흐르고 있어 이제는 철없던 지난날을 잊어버리고 새로운 세상을 찾는거야 나의 곁에 있는 그대를 위해...... 나의 곁에 있는 그대를 위해......
1995	더 블루	Endless Love	남	발라드	서영진	김민종	SM 엔터테인먼트	그대여 내게 아픈 말은 하지마 슬프지 않은 미소지며 잠시 떨려오는 마지막 눈빛으로 헤어짐을 간직하라는  이젠 네가없는 내가 힘들어 나를 포기할 수 있기에 너를 내 꿈속에 스치듯 찾아들면 그때 갈께 너의 곁으로  떠난 그대여 슬퍼 하지마 우리 잃어버린 사랑은 영원할꺼야 다른 세상에 기대고 있어 아직 살아있는 나를 기다려줘 우리 헤어짐은 이대로 간직할께 눈물에 흘리지 않고  그리고 바라보면 언제나 내가 있어 그대  떠난 그대여 슬퍼 하지마 우리 잃어버린 사랑은 영원할꺼야 다른 세상에 기대고있어 아직 살아있는 나를 기다려줘 우리 헤어짐은 이대로 간직할게 눈물에 흘리지 않고  그리워 바라보면 언제나 내가있어 그대
2009.05.14	더 블루	친구를 위해	남	발라드	K2 김성면	김민종	SM 엔터테인먼트	하늘위로 날아가는 새들은 자유로운 날개짓을 하며 말이 없는 내마음을 아는지 작은 내모습 위로 날아가네 다가가면 멀어지는 사람들 사랑하는 그대마저 떠난 밤이오는 노을아래 서 있는 나는 홀로 이렇게 울고있네 다른 세상으로 떠나가고 싶지만 나의 곁에 다가와준 내친구는 힘이 들어도 꿈을 찾고 있었지 어떤날은 버려진 나를 위해서 이젠 나의 꿈들을 찾아 떠나야겠어 그 누구나 새로운 많은 날이 있잖아 나의 꿈을 찾아서 다시 노래할꺼야 언제까지 변하지 않는 나의 친구와 지난 나의 마지막 무대위에 섰을 때 내이름을 부르던 사람들은 떠나고 그런 나의 모습에 그댄 사라져 갔어 초라해진 사랑에 많이 아파했지만 이젠 나의 꿈들을 찾아 떠나야겠어 그 누구나 새로운 많은 날이 있잖아 나의 꿈을 찾아서 다시 노래할꺼야 언제까지 변하지 않는 나의 친구와노 래가 끝나가는 지금 내곁엔 나를 보는 친구가 있네......
2009.05.14	더 블루	Endless Love	남	발라드	서영진	김민종	SM 엔터테인먼트	그대여 내게 아픈 말은 하지마슬프지 않은 미소지며잠시 떨려오는 마지막 눈빛으로헤어짐을 간직하라는이젠 네가없는 내가 힘들어나를 포기할 수 있기를너를 내 꿈속에 스치듯 찾아들면그때 갈께 너의 곁으로떠난 그대여 슬퍼 하지마우리 잃어버린 사랑은 영원할꺼야다른 세상에 기대고 있어아직 살아있는 나를 기다려줘우리 헤어짐은 이대로 간직할께눈물에 흘리지 않고그리고 바라보면언제나 내가 있어 그대떠난 그대여 슬퍼 하지마우리 잃어버린 사랑은 영원할꺼야다른 세상에 기대고있어아직 살아있는 나를 기다려줘우리 헤어짐은 이대로 간직할게눈물에 흘리지 않고그리워 바라보면언제나 내가있어 그대
1995	더 블루	나의 파라다이스	남	록/메탈	서영진	김민종	SM 엔터테인먼트	나를 떠난 너와 오래전에 가고 싶었던 이곳은 따스한 햇살아래 세상이 아름다워 지친 나를 깨워주고 잃어버린 지난 시간들을 나의 가슴으로 느끼면 해지는 노을은 그려진 그림처럼 붉게 물들어 가는데 그리움 하나 만으로 너를 지울순 없어 변함없는 내 마음을 언제나 간직할꺼야  너만을 위해 다시 찾아가고 싶은 나의 파라다이스 우리들의 사랑을 꿈꾸며 너만을 향한 나의 기다림을 너는 알고 있잖아 처음부터 나에겐 오직 너 하나뿐 이란걸  그리움 하나 만으로 너를 지울순 없어 변함없는 내 마음을 언제나 간직할꺼야 너만을 위해 다시 찾아가고 싶은 나의 파라다이스 우리들의 사랑을 꿈꾸며 너만을 향한 나의 기다림을 너는 알고 있잖아 처음부터 나에겐 오직 너 하나뿐 이란걸
2009.05.14	더 블루	질러	남	발라드	황세준	은유사김진용	SM 엔터테인먼트	자 한잔 들게나 내 친구야 오늘은 달려보자 가슴에 꾹 박힌 못을 빼고 더 폼나게 웃어보자 자 한번 질러봐 내일은 내일의 태양이 뜰테니 세상이 다그치던 뼈 아픈 일들 모두 다 이 한잔에 비우고 힘을 내자 친구야  사는게 너무 힘들다고 축 처진 나의 친구야 세상 그까짓것에 지지말자 내가 함께 있어줄께 술 한잔 마실 돈이 있고 좋은 친구가 있잖아 그거면 한바탕 싸워볼만 하지 고개를 들고 날 봐 가슴 펴고 하늘을 봐 우정이라는 이름아래 온 몸을 날려보자 덤벼라 덤벼라 세상아  자 한잔 들게나 내 친구야 오늘은 달려보자 가슴에 꾹 박힌 못을 빼고 더 폼나게 웃어보자 자 한번 질러봐 내일은 내일의 태양이 뜰테니 세상이 다그치던 뼈 아픈 일들 모두 다 이 한잔에 비우고 힘을 내자 친구야  이별이 너무 힘들다고 흐느껴 우는 바보야 사랑 평생 가슴에 잊지못할 추억 하나면 된거야 니가 사랑한 여자였고 좋은 사람이였잖아 그거면 이별도 견딜만한거지 고개를 들고 날 봐 가슴 펴고 하늘을 봐 사랑이란 이름 아래 멋지게 보내주자 잘가라 잘가라 사랑아  자 한잔 들게나 내 친구야 오늘은 달려보자 가슴에 꾹 박힌 못을 빼고 더 폼나게 웃어보자 자 한번 질러봐 내일은 내일의 태양이 뜰테니 세상이 다그치던 뼈 아픈 일들 모두 다 이 한잔에 비우고 힘을 내자 친구야
1995	더 블루	너를 사랑해	남	발라드	서영진	손지창	SM 엔터테인먼트	잊을께 이제는 모두 다 너의 이름까지도 어느새 익숙해진 너의 목소리가 아직도 귓가에 남아 그리워할 수도 없겠지 지나버린 시간들  흐르는 눈물속에 묻어버려야해 아무리 힘들다 해도 어제 꿈속에서 널 보았어 사진속의 그 모습 그대로 너는 쉽게 잊을 수 있을지 몰라 하지만 난 너를 잊지 못해 처음부터 너와 난 어울리지 않았어 모든게 내 잘못인 줄 알지만 다시한번 너에게 돌아갈 수 있다면 영원히 내 품에 안고 싶어 너를 사랑해  어제 꿈속에서 널 보았어 사진속의 그 모습 그대로 너는 쉽게 잊을 수 있을지 몰라 하지만 난 너를 잊지 못해 처음부터 너와 난 어울리지 않았어 모든게 내 잘못인 줄 알지만 다시한번 너에게 돌아갈 수 있다면 영원히 내 품에 안고 싶어 너를 사랑해
1995	더 블루	X-클럽	남	댄스	신해철	김민종	SM 엔터테인먼트	날 바라보다 고개를 돌리는 그대 못본척 하지만 이미 늦었어  춤추는 사람들 어깨사이로 보일듯 말듯한 그대모습 너무 많이 변해 버렸지  어지러운 조명 아래에 가려진 우리는 서로의 추억들을 찾고 있지만 짧다면 짧은 시간 길다면 긴 세월속에 기억할 수 있는건 이미 다 지워 버렸지 Welcome to X club I feel good  어차피 밤은 그리 길지 않을 테니까 Welcome to X club what's your name  내일을 믿지 않아 오늘만이 있을 뿐  다시 시작되는 음악소리에 춤을 추는 많은 사람들 다른 날엔 무엇을 할까  어지러운 조명 아래에 가려진 우리는 서로의 추억들을 찾고 있지만 짧다면 짧은 시간 길다면 긴 세월속에 기억할 수 있는건 이미 다 지워 버렸지 Welcome to X club I feel good  어차피 밤은 그리 길지 않을 테니까 Welcome to X club what's your name  내일을 믿지 않아 오늘만이 있을 뿐
1995	더 블루	나의 곁엔 언제나 (Club Ver.)	남	댄스	서영진	김민종	SM 엔터테인먼트	언제나 나만을 바라보는 그대와 함께 새로운 세상을 찾는거야 나의 곁에 있는 그대를 위해  변해가는 내모습 너는 알고 있었지만 아무말도 하지 못하고 슬픔에 젖어있네 이해할 수 있다며 내게 말을 하고 돌아선 멀어지는 너의 모습에 조금은 미안했어 오랜 시간이 지나 다른 사랑은 날 떠나가고 너는 말없이 날보며 다시 돌아오길 기다렸어  언제나 나만을 바라보는 그대의 눈엔 오래전 숨겨둔 많은 얘기가 가슴 아프도록 흐르고 있어 이제는 철없던 지난날을 잊어버리고 새로운 세상을 찾는거야 나의 곁에 있는 그대를 위해  오랜 시간이 지나 다른 사랑은 날 떠나가고 너는 말없이 날보며 다시 돌아오길 기다렸어  언제나 나만을 바라보는 그대의 눈엔 오래전 숨겨둔 많은 얘기가 가슴 아프도록 흐르고 있어 이제는 철없던 지난날을 잊어 버리고 새로운 세상을 찾는거야 나의 곁에 있는 그대를 위해 언제나 나만을 바라보는 그대의 눈엔 오래전 숨겨둔 많은 얘기가 가슴 아프도록 흐르고 있어 이제는 철없던 지난날을 잊어 버리고 새로운 세상을 찾는거야 나의 곁에 있는 그대를 위해
1995	더 블루	그날 이후	남	발라드	서영진	손지창	SM 엔터테인먼트	오랫동안 나는 너를 기다리고 있어 꺼져가는 촛불 사이로 그렇게 가버린 너 어디선가 나를 보고 있을 것만 같은데 기억속에 너를 찾아서 오늘도 그날처럼 작은 촛불을 켜면 니가 다시 돌아올 것 같아 너를 만날 수 있다면 하고 싶은 말이 너무 많아 너에게 말하고 싶어 사랑해 이세상 누구보다 오직 너만을 이제는 니곁에 가고 싶어 이렇게 눈을 감네 영원히 너와 함께  작은 촛불을 켜면 니가 다시 돌아올 것 같아 너를 만날 수 있다면 하고 싶은 말이 너무 많아 너에게 말하고 싶어 사랑해 이세상 누구보다 오직 너만을 이제는 니곁에 가고 싶어 이렇게 눈을 감네 영원히 너와 함께
1995	더 블루	다시 만날 때까지 (Goodbye Friend)	남	발라드	김우진	손지창	SM 엔터테인먼트	다시는 돌아갈 수 없는 우리 지난날 추억이라는 말속에 소중히 간직할께 언제까지나 다시 만날 그날을 위해 이제는 앨범속에 사진으로 남겨질 작은 우리의 소망을 잊지는 않을꺼야 언제까지나 다시 만날 그날을 위해 오래전 이곳에 왔을땐 모두 낯설게만 보였어 때로는 지루하게만 느꼈었던 지난 시간도 오늘은 아쉽기만 해 오늘이 마지막은 아닐꺼야 서로 다른 길을 가야 하겠지만 언젠가 새로워진 모습으로 지금 이 자리에 오게 된다면 아름다운 세상위해 우리 모두 함께 노래할꺼야  잊지마 세월이 흐르고 모든 것이 변한다해도 어디에 있든지 무얼하든지 우린 하나라는 걸 오늘이 마지막은 아닐꺼야 서로 다른 길을 가야 하겠지만 언젠가 새로워진 모습으로 지금 이 자리에 오게 된다면 오늘이 마지막은 아닐꺼야 서로 다른 길을 가야 하겠지만 언젠가 새로워진 모습으로 지금 이 자리에 오게 된다면 아름다운 세상위해 우리 모두 함께 노래할꺼야
1992	잼	난 멈추지 않는다	혼	댄스	조진호	조진호	DSP 미디어	이제 모든걸 다시 시작해 내겐 아직도 시간이 있어 때론 상처가 좌절로 남아 돌이킬수 없는 후회도 하고  그러나 우리 잊어선 안돼 지금의 나는 내가 아닌걸 신문에 실려온 얘기들 헝클어진 우리들을 탓할순 없어  이제 모든걸 다시 시작해 이렇게 여기서 끝낼순 없어 내겐 아직도 시간이 있어 지금 이렇게 지금 멈출수는 없어  신문에 실려온 얘기들 헝클어진 우리들을 탓할순 없어  이제 모든걸 다시 시작해 이렇게 여기서 끝낼순 없어 내겐 아직도 시간이 있어 지금 이렇게 지금  나는 여기서 멈출순 없어 이제 모든걸 다시 시작해 나는 여기서 멈출순 없어 이제 모든걸 다시 시작해
1993.12.01	잼	어색한 느낌	혼	댄스	이승희	박병훈	DSP 미디어	얼마나 나를 더 포기해야 너를 보여주겠니 변한건 없어 이제는 지쳤어 그래 멋대로 해봐  너를 처음 만났을 땐 왠지 모를 설레임에 취해 나는 하루에도 몇번씩 꿈이 아닌가 확인도 했었지 하지만 너무도 힘들땐 모든걸 지우려 했었고 그래서 난 항상 너에게 그렇게 대해왔어 이젠 싸움에 지쳤어 우리 자존심을 버리자 너와 나 어색한 분위기는 더 이상 싫으니깐  너를 처음 만났을땐 왠지 모를 설레임에 취해 나는 하루에도 몇번씩 꿈이 아닌가 확인도 했었지 하지만 너무도 힘들땐 모든걸 지우려 했었고 그래서 난 항상 너에게 그렇게 대해왔어  얼마나 나를 더 포기해야 너를 보여주겠니 변한건 없어 이제는 지쳤어 그래 멋대로 해봐 그렇게
1992	잼	우리 모두 사랑하자	혼	댄스	조진수	조진수	DSP 미디어	워 우리 모두 사랑하자 우리의 젊은날을 위하여 우리 모두 춤을 추자 가벼운 인스텝 속에 그대와 함께 춤을 아무렇게나 옷을 입고 거리를 걷다보면은 스쳐가는 사람들속에 시선도 받지만 나름대로의 연출속에 자신감도 갖고 있고 그것이 어떤 것이든 우리 맘대로 오늘을 얘기하자 워 우리 모두 사랑하자 우리의 젊은날을 위하여 우리 모두 춤을 추자 가벼운 인스텝 속에 그대와 함께 춤을 댄스뮤직을 좋아하고 자동차도 좋아하고 이번에 새로 나온 청바지도 좋지만 지금 당장 내겐 이런 걸 재밌있게 떠들면서 얘기할 나의 진실한 그런 사랑도 친구도 여기 없어 워 우리 모두 사랑하자 우리의 젊은 날을 위하여 우리 모두 춤을 추자 가벼운 인스텝 속에 그대와 함께 춤을 솔직하게 말을 해봐 괜찮으니까 사랑한다 말하는게 뭐 힘들어요 아무것도 꾸밈없는 진실한 얘기로 더 늦기전에 우리 모두 사랑하자  워 우리 모두 사랑하자 우리의 젊은날을 위하여 우리 모두 춤을 추자 가벼운 인스텝 속에 그대와 함께 우리 모두 사랑하자 우리의 젊은날을 위하여 우리 모두 춤을 추자 가벼운 인스텝 속에 그대와 함께
1996	잼	나만의 이유	혼	댄스	신동관	신동관	DSP 미디어	아름답던 너의 그 말이 좋았던 말이 나와 미래를 약속 했던 말이 봐 이제는 그 모든 게 다 거짓말이 된거야 그 모든게 그렇지만 난 잊지 못해 널 언제나 기억할게 넌 그때 그 느낌을 간직해 아무도 모르게 나만의 느낌을 더 이상 내게 그 흔한 변명들로 나를 위로하려고 하지마 나를 바라보는 너의 그 눈빛들도 이별만을 바라지는 않아 말해줘 나의 욕심들로 너를 떠나 게 했었는지 알고 있니 그 모든 바램들도 널 사랑했던 이유란 걸 생각해 봐 너의 깊은 관심도 바라진 않아 이젠 너의 슬픈 눈물도 원하지 않아 난 아직 너의 마음속에서 내가 있다면 떠나가도 난 괜찮아  더 이상 내게 그 흔한 변명들로 나를 위로하려고 하지마 나를 바라보는 너의 그 눈빛들도 이별만을 바라지는 않아 말해줘 나의 욕심들로 너를 떠나 게 했었는지 알고 있니 그 모든 바램들도 널 사랑했던 이유란 걸 생각해 봐 너의 깊은 관심도 바라진 않아 이젠 너의 슬픈 눈물도 원하지 않아 난 아직 너의 마음속에서 내가 있다면 떠나가도 난 괜찮아
1992	잼	이유	혼	발라드	조진호	조진호	DSP 미디어	어둠은 드리워지고 이제는 우리들만의 시간이 지친듯이 내 가슴속에 밀려와 나를 재우고 헝클어진 너의 긴머리 향긋한 향기에 잠시 취해서 모든것 잊어버린채 어둠의 끝으로 떠났지 얼마나 시간이 흘렀을까 흐려진 너의 눈이 애처로와 보여 이유없이 사랑한다 말하면 그대 나를 이해할수 있을까 한동안 아무말 없이 그대는 흩어진 나를 보면서 머뭇거리다 그냥 울고 말았어  헝클어진 너의 긴머리 향긋한 향기에 잠시 취해서 모든것 잊어버린채 어둠의 끝으로 떠났지 얼마나 시간이 흘렀을까 흐려진 너의 눈이 애처로와 보여 이유없이 사랑한다 말하면 그대 나를 이해할수 있을까 한동안 아무말 없이 그대는 흩어진 나를 보면서 머뭇거리다 그냥 울고 말았어
1992	잼	18번가의 비밀	혼	댄스	조진호	조진호	DSP 미디어	끝없는 어둠 속을 천천히 걷고 있어 어디서 본 듯한 야릇한 느낌이야 거리는 비에 젖어 싸늘함 더 해지고 바람은 얼어버린 내 어깨를 스쳐가네 ZAM 예 ZAM  저 멀리 다가오는 두 그림자의 모습 아무런 표정없이 내 앞을 스쳐지나 또 다른 어둠으로 조용히 사라지자 갑자기 들려오는 여자의 비명소리 ZAM 예 ZAM  어떡해야 하나 그건 나와 아무 상관 없는 일이야 어떡해야 하나 돌아보지 말아  어쨌든 이 거리를 벗어나야만 했어 무작정 어디든지 가야만 했었지 또 다시 다가오는 적막한 느낌속에 뒤돌아 바라보니 나를 보는 두 그림자 ZAM 예 ZAM  어떡해야 하나 나는 지금 위험에 빠진듯한데 어떡해야 하나 대답할 수 없어  어떡해야 하나 그건 나와 아무 상관없는 일이야 어떡해야 하나 돌아보지 말아 어떡해야 하나 나는 지금 위험에 빠진듯한데 어떡해야 하나 대답할 수 없어 어떡해야 하나 그건 나와 아무 상관없는 일이야 어떡해야 하나 돌아보지 말아
1993.12.01	잼	잼 (Zam) 우리는	혼	댄스	조진호	오솔미	DSP 미디어	변한건 없어 우리들밖에 친구의 모습 거리에 뿌려 모두 그대로인데 어디든 우리들이 서있을 자리가 없는거야 수많은 사람들을 우린 언제부터인지 의식해왔어 Zam 이제는 우리에겐 친구가 필요해 Zam 조금만 더 가까이 내곁에 있어줘  잠에 취해서 잊고 살지만 어떤 때에는 숨쉬는 것도 힘이 들었던거야 화려한 모습 뒤엔 언제나 외로움이 있었고 막연히 다가오는 너희들이 부담스럽기도 했었지 Zam 이제는 편안히 쉬고 싶었어 Zam 우리가 원하는건 그런 게 아니야  Zam 이제는 우리에겐 친구가 필요해 Zam 조금만 더 가까이 내곁에 있어줘
1992	잼	요즘 친구들	혼	댄스	조진수	조진호	DSP 미디어	요즘 친구들은 흥 정말 진정한 친구가 뭔지 잘 몰라 말로만 떠들고 자기들이 다만 그게 다인줄만 알겠지  겉으로만 생각해 주는지 좋은말만 얘기하는 친구 자유롭게 날고 싶다면서 어디론가 사라지는 친구 모두가 아무 생각도 없이 그저 자기 위주로만 해석하고 스스로 자신이 특별하다고 우 생각 하네 그려 적어도 우린 친구라면 다같이 다같이 생각해보자 우리에게 얼마나 많은것을 바라고 원하는지 그저 친구라는 이유만으로 또 우린 얼마나 변해왔을까 진정한 친구란 지금의 우리 그 모습은 결코 결코 아닐거야  바쁘다고 투덜대면서도 전화하면 잠만 자는 친구 큰 소리로 한턱 낸다면서 계산할땐 없어지는 친구 모두가 그런 생활 속에서 자기 자신도 모르게 변해가고 또 우린 모든 것을 당연하게 우 생각 하네  모두가 그런 생활 속에서 자기 자신도 모르게 변해가고 또 우린 모든 것을 당연하게 우 생각 하네 겉으로는 위로 하면서도 뒤돌아선 미소 짓는 친구 우리들은 이런 현실속에 친구들을 잃어가고 있어
1996	잼	이유	혼	발라드	신동관	신동관	DSP 미디어	어둠은 드리워지고 이제는 우리들만의 시간이 지친듯이 내 가슴속에 밀려와 나를 재우고  헝클어진 너의 긴머리 향긋한 향기에 잠시 취해서 모든것 잊어버린채  어둠의 끝으로 떠났지  얼마나 시간이 흘렀을까 흐려진 너의 눈이 애처로와 보여 이유없이 사랑한다 말하면 그대 나를 이해할수 있을까  한동안 아무말 없이 그대는 흩어진 나를 보면서 머뭇거리다 그냥 울고 말았어  헝클어진 너의 긴머리 향긋한 향기에 잠시 취해서 모든걸 잊어 버린채  어둠의 끝으로 떠났지  얼마나 시간이 흘렀을까 흐려진 너의 눈이 애처로와 보여 이유없이 사랑한다 말하면 그대 나를 이해할수 있을까  한동안 아무말 없이 그대는 흩어진 나를 보면서 머뭇거리다 그냥 울고 말았어
1992	잼	싫증	혼	댄스	조진수	조진수	DSP 미디어	처음엔 나도 모든게 따뜻하게 느껴지고 만날때 마다 새롭게 그대를 난 느껴왔지만 슈비 두비답 슈비 두비답 슈비 두비답 슈비 두비답 슈비 두비답 슈비 두비답 슈비 두비답 슈비 두비답 우산을 툴툴 털면서 카페에 들어 설때 날마다 똑같은 표정을 내게 보이네 슈비 두비답 슈비 두비답 슈비 두비답 슈비 두비답 슈비 두비답 슈비 두비답 슈비 두비답 슈비 두비답 아하 오늘처럼 비가 내리는 날도 그대는 내맘을 몰라주고 이렇게 앉아있네 그렇다고 내가 너에게 무슨 말을하겠니 사랑한단 말도 이제는 모두 모두 잊을래 여느때와 같이 너에게 웃어 줄 수는 없어 지금 나도 내가 너에게 뭐라고 하는지 몰라  솔직히 말하자며 이제는 싫증이 난거야 슈비 두비답 슈비 두비답 슈비 두비답 슈비 두비답 슈비 두비답 슈비 두비답 슈비 두비답 슈비 두비답 아하 오늘처럼 비가 내리는 날도 그대는 내맘을 몰라주고 이렇게 앉아있네  그렇다고 내가 너에게 무슨 말을하겠니 사랑한단 말도 이제는 모두 모두 잊을래 여느때와 같이 너에게 웃어 줄 수는 없어 지금 나도 내가 너에게 뭐라고 하는지 몰라 그렇다고 내가 너에게 무슨 말을하겠니 사랑한단 말도 이제는 모두 모두 잊을래 여느때와 같이 너에게 웃어 줄 수는 없어 지금 나도 내가 너에게 뭐라고 하는지 몰라 그렇다고 내가 너에게 무슨 말을하겠니 사랑한단 말도 이제는 모두 모두 잊을래 여느때와 같이 너에게 웃어 줄 수는 없어
1996	잼	너를 위해	혼	댄스	박석원	김준희	DSP 미디어	견디기가 힘들꺼야 널 쉽게 잊을수가 없을것 같은 생각으로 친구로만 남겠다고 다짐해도 쉽지만은 안잖아 사랑에서 우정으로 바꾸기엔 너무나 힘든 벽을 넘어야만해 내가 가진 그 모든게 내것이 될수 없다는걸 난 알아 너로 인해서 내가 눈물이 나는 일도 없어야겠지 너의 그 웃음 너의 그 버릇들까지 다신 볼수 없어 다시 생각이 나면 혼자서 슬퍼해야만 하는거야 더이상 내가 너를 내 두팔로 안아줄 이유는 없으니까 울고 있진 않겠지 넌 니가 울때는 항상 내가 너의 그 눈물 모두 닦아 주곤 했는데 너에 곁에 있던 지금 난 없잖아 흐르는 눈물 그대로 마를때까지 너 혼자서 어떻게 견뎌낼꺼야 내가 필요 할텐데 친구인이상 난 힘든얘기 들어 줄께  너로 인해서 내가 눈물이 나는 일도 없어야겠지 너의 그 웃음 너의 그 버릇들까지 다신 볼수 없어 다시 생각이 나면 혼자서 슬퍼해야만 하는거야 더이상 내가 너를 내 두팔로 안아줄 이유는 없으니까 울고 있진 않겠지 넌 니가 울때는 항상 내가 너의 그 눈물 모두 닦아 주곤 했는데 너에 곁에 있던 지금 난 없잖아 흐르는 눈물 그대로 마를때까지 너혼자서 어떻게 견뎌낼꺼야 내가 필요 할텐데 친구인 이상 난 힘든얘기 들어 줄께
1996	잼	동화속의 나라	혼	댄스	NULL	NULL	DSP 미디어	내가 사는 세상에는 사람들이 모두 다른 색깔로 살고 있지 이런 사람 저런 사람 섞여 사는 이 세상은 왜 이리 혼잡한지 멋있는 여자만 눈에 보이면 자기 여잔 뒷전인 왕자들 오호 밖에만 나가면 자기만 본다는 공주병 든 여자들 같은 세상 살아가야 할 지금 나는 어떡해야 할까 동화속에 나오는 왕자 공주들이 왜 이렇게 많을까  아빠차를 몰래 가지고 나와서 이런 저런 여자를 유혹하고 해가 지면 일어나 화장을 하고 또 다시 이리저리 춤을 추네 요즘엔 왜 이리 목적도 없이 헤매고 있는 건지 오호 그렇다면 여기가 말로만 듣던 동화속 나라였나 같은 세상 살아가야 할 지금 나는 어떡해야 할까 동화속에 나오는 왕자 공주들이 왜 이렇게 많을까  요즘엔 왜 이리 목적도 없이 헤매고 있는 건지 오호 그렇다면 여기가 말로만 듣던 동화속 나라였나 같은 세상 살아가야 할 지금 나는 어떡해야 할까 동화속에 나오는 왕자 공주들이 왜 이렇게 많아 같은 세상 살아가야 할 지금 나는 어떡해야 할까 동화속에 나오는 왕자 공주들이 왜 이렇게 많을까
1996	잼	마지막 숨결	혼	발라드	NULL	NULL	DSP 미디어	널 위해 할 수 있는 마지막 입맞춤 일지도 몰라 그런 오랜시간 지나도 나도 알지 못했어 어떻게 내게 이런 아픔이 있다는걸 내가 너에게로 갈 수도 없는 저 먼곳으로 조금씩 네가 내곁을 떠나 간다는걸 눈물 흘리지마 아직은 서로 사랑할 수 있잖아 고개 숙이지마 네 모습 잊혀지지 않게 아픈 사랑이라 생각지마 우리 이별을 짧지만 속삭여줄 시간이 남았잖아 날 기억 할수 있도록 남겨줄꺼야 어둠만 있는 이곳에서 널 외롭지 않게 할거야  나도 두려워 내가 이곳을 떠나야 한다는게 그것이 피할 수 없는 현실을 지금은 니가 희미하게 보이지만 이제 곧 너를 뚜렷히 볼수 있겠지 영원히 기억할께 너에 마지막 손길을 너를 두고 가야 하는게 나도 믿기지 않아 처음엔 너무 슬퍼 울다가 지쳐 잠든 날들 그러나 난 네가 내곁에 있는걸 알았을때 조금씩 그 아픔 잊혀지기 시작 했어 슬퍼 하지마 나 역시 널 떠나가는건 힘들어 내게 웃어줘봐 내숨결 느낄수 있도록 아픈 사랑이라 생각 지마 우리 이별을 짧지만 속삭여줄 시간이 남았잖아 날 기억 할수 있도록 남겨줄꺼야 어둠만 있는 이곳에서 널 외롭지 않게 할거야
1996	잼	만난지 3년	혼	댄스	NULL	NULL	DSP 미디어	나에게서는 넌 언제나 좋은 친구로 남을 줄만 알았어 하지만 언제부터인가 내겐 또 다른 느낌으로 다가오는 너  좋은 줄 알면서 싫은 척 화만 내려 하지마 괜한 자존심을 넌 내게 부릴 필욘 없잖아  그래 사실은 너에게 말 못한 얘기가 있는데 화난 척 말하며 투정만 부리는 난 네가 좋아졌어 이젠 네 마음속의 진실 내게 보여줘 더 이상 난 숨길 순 없어 그 누군가 우리들의 얘기를 물어 온다면 말할께 널 사랑한다고  좋은 줄 알면서 싫은 척 화만 내려 하지마  괜한 자존심을 넌 내게 부릴 필욘 없잖아  그래 사실은 너에게 말 못한 얘기가 있는데 화난 척 말하며 투정만 부리는 난 네가 좋아졌어 이젠 네 마음속의 진실 내게 보여줘 더 이상 난 숨길 순 없어 그 누군가 우리들의 얘기를 물어 온다면 말할께 널 사랑한다고 이젠 네 마음속의 진실 내게 보여줘 더 이상 난 숨길 순 없어 그 누군가 우리들의 얘기를 물어 온다면 말할께 널 사랑한다고
1996	잼	어긋난 선택	혼	댄스	신피디	김준희	DSP 미디어	가끔씩 니가 아닌 누군갈 생각해 또 너와 비교하면 괜히 짜증나고 이제는 설레임도 두근거림도 없는데 널 사랑하는지도 알 수가 없었지 어딘가 정말 괜찮은 누군가 날 기다리진 않을까 한참을 고민도 하지 주위를 둘러보며 하지만 그건 아냐 나만을 그리워 해주고도 나를 너만큼 사랑할 사람은 없어 그게 전부인걸 그래 내 약한 맘을 기댈 수 있는건 아무리 생각해도 니가 있는 곳뿐야  처음 본 그 날처럼 설레진 않아도 또 너의 생각으로 애타진 않아도 언제나 그렇게나 나를 지켜준건 어떤 누구도 아냐 너 하나뿐야 예전에 내게 관심을 보였던 그 때 그 애를 만나길 바랬던 적도 있지만 그건 잠시였었어 하지만 그건 아냐 나만을 그리워 해주고도 나를 너만큼 사랑할 사람은 없어 그게 전부인걸 그래 내 약한 맘을 기댈 수 있는건 아무리 생각해도 니가 있는 곳뿐야 니가 보낸 편지가 부담스럽고 할말없이 따분한 전화통화 많았어 널 만나기가 귀찮아서 이유없이 피하기도 했었어 니가 다른 남자 얘길해도 흥 아무 느낌 없었지만 날 떠날거란 한마디에 아무 것도 할 수 없었어 아직도 많은 사랑을 너에게 주진 않았어 이제부터 우린 정말 멋진 추억들을 만들꺼야 하지만 그건 아냐 나만을 그리워 해주고도 나를 너만큼 사랑할 사람은 없어 그게 전부인걸 그래 내 약한 맘을 기댈 수 있는건 아무리 생각해도 니가 있는 곳뿐야
1996	솔리드	천생연분	남	댄스, R&B/Soul	정재윤	김수현	비앤비	너무 너무 예쁘다고 해도 너를 떠올리며 거절했지만 이번 한 번 뿐이라는걸 맹세해 약속을 정하고 그 날이왔어 신경써서 옷도 입고 머리도 하고 오랜만에 하는 소개팅에서 무슨 말을 할까 고민도 하고 널 만날때완 다른 느낌에 설레임을 안고 집을 나섰지 날씨도 좋고 기분도 좋고 아무튼 이래저래 좋았던거야 나를 믿고있는 너에게 정말 미안한 마음 뿐이야 이번 한 번만 용서해 십 분 정도 먼저 도착해서 어떤 여자일까 상상을했어 예뻤으면 키도 컸으면 좋겠어 혹시나 하고 주위를 살피고 흐르는 노래를 따라불렀어 드디어 내 친구의 모습보이고 난 수줍어 고개를 숙였여 국민학교 동창이란 친구얘기에 인사를 하려고 고개를 드니 내 앞에 있는건 다름아닌 너 황당한 나보다 더 당황하는 너 서로 믿고 있던 너와 나 그냥 맘껏 웃어 버렸어 서로 용서해 이번만 이래서 우리는 어쩔수가 없나봐 서로의 눈을 피해 만나보아도 결국엔 이렇게 우리 둘이서 또 만나게 되어있는 거잖아 이렇게 예쁜 너의 곁엔 이렇게 착한 내가 있었어 우리는 결코 헤어질 수 없어 영원히 사랑할 수 밖에 없어 그렇게 미안해 하지마 예쁜 추억을 만든것뿐야 너를 사랑해 영원히 난 너를 사랑해 난 너를 사랑해
1995.03.01	솔리드	이 밤의 끝을 잡고	남	R&B/Soul	정재윤, 김형석	김혜선	비앤비	다신 널 볼 수 없겠지 나의 입술이 너의 하얀 어깨를 감싸 안으며 그렇게 우린 이 밤의 끝을 잡고 사랑했지만 마지막 입맞춤이 아쉬움에 떨려도 빈 손으로 온 내게 세상이 준 선물은 너란 걸 알기에 참아야겠지 내 맘 아프지 않게 그 누구보다도 행복하게 살아야 해 모든 걸 잊고 이 밤의 끝을 잡고 있는 나의 사랑이 더 이상 초라하지 않게 나를 위해 울지 마 난 괜찮아 그래 어쩌면 난 오래 전부터 우리의 사랑도 어쩔 수 없는 이별이 찾아 올지도 모른다고 생각했어 하지만 울지 마 이 밤의 끝은 내가 잡고 있을 테니 넌 그렇게 언제나 웃으면서 살아야 돼 제발 울지 말고 나를 위해 웃어줘 제발 마지막 입맞춤이 아쉬움에 떨려도 빈 손으로 온 내게 세상이 준 선물은 너란 걸 알기에 참아야겠지 내 맘 아프지 않게 그 누구보다도 행복하게 살아야 해 모든 걸 잊고 이 밤의 끝을 잡고 있는 나의 사랑이 더 이상 초라하지 않게 나를 위해 울지 마 난 괜찮아 나의 가슴으로 너와 함께 나누었던 이 밤을 간직한 채 잠시 널 묻어야 하겠지 나의 눈물이 널 붙잡고 있지만 니가 힘들지 않게 웃으며 보내야 겠지 내 맘 아프지 않게 그 누구보다도 행복하게 모든 걸 잊고 이 밤의 끝을 잡고 있는 나의 사랑이 더 이상 초라하지 않게 나를 위해 울지마 난 괜찮아 우
1995.03.01	솔리드	나만의 친구	남	R&B/Soul	정재윤	이정은	비앤비	늦어버린 아침에 난 거리에서 허전해진 나의 마음 달래려 했어 그래 난 내 주변사람 모두다 내 친군 아냐 머리 아픈일에 빠져 있을때도 가끔 내가 생각하는 사람이 있어 바로 너 여기까지 함께 했었던 우리 이름 바로 친구였어 지쳐가는 하루 우연히 난 어린시절 그립던 친구를 봤어 마주 앉아있던 지난얘기 속에 지루하지 않았던 기쁨 넌 알고있니 지금 난 널 보며 또 다른 기억속으로 추억보다 깊은 얘기 만들어가 이렇게 만난 우리만의 시간 늦어버린 아침에 난 거리에서 허전해진 나의 마음 달래려 했어 그래 난 내 주변사람 모두다 내 친군 아냐 머리 아픈일에 빠져 있을때도 가끔 내가 생각하는 사람이 있어 바로 너 여기까지 함께 했었던 우리 이름 바로 친구였어 음 지쳐가는 하루 우연히 난 어린시절 그립던 친구를 봤어 마주 앉아있던 지난얘기 속에 지루하지 않았던 기쁨 넌 알고있니 지금도 난 널 보며 또 다른 기억속으로 추억보다 깊은 얘기 만들어가 이렇게 만난 우리만의 시간 넌 알고있니 지금 난 널 보며 또 다른 기억속으로 추억보다 깊은 얘기 만들어가 이렇게 만난 우리만의 시간 또 약속해봐 그렇게 살다가 서로를 쳐다볼때면 언제까지라도 위로할수 있게 우리는 영원한 친구일거야
1996	솔리드	넌 나의 처음이자 마지막이야!	남	R&B/Soul	정재윤	이건우	비앤비	우리사랑 지금부터 시작인거야  아무 말도 하지마 어둠 만이 너와 나를 만질 수 있어 내 가슴에 기대봐 들리지 않니 너를 향한 나의 마음이 누구 하나 축복해 줄 사람 없는 시간 속에 더 이상은 가슴조일 필요는 없어 내 삶 속의 방황은 모두 끝났어 너를 만나기 전의 가슴앓이 뿐 우리 사랑 지금부터 시작인거야 그 누구도 간섭할 수 없는 얘기지 너를 위해 무엇이든 난 할 수 있어 넌 나의 모든 것 처음이자 마지막이야 눈을 뜨려 하지마 느낌으로 너와 나를 확인하면 돼 나의 품에 안겨봐 들리지 않니 사랑한단 나의 그 말이 어느 순간 떠올라서 저 하늘을 날 것 같아 이젠 정말 그 무엇도 두렵지 않아 내 삶 속의 방황은 모두 끝났어 너를 만나기 전의 가슴앓이뿐 우리 사랑 지금부터 시작인거야 그 누구도 간섭할 수 없는 얘기지 너를 위해 무엇이든 난 할 수 있어 넌 나의 모든 것 처음이자 마지막이야  아무 말도 하지마 어둠 만이 너와 나를 만질 수 있어 내 가슴에 기대봐 들리지 않니 너를 향한 나의 마음이 내 모든걸 주고 싶어 넌 나의 처음이자 마지막이야 너는 나의 그 모든 것 처음이자 마지막이야
1999.06	솔리드	이 밤의 끝을 잡고	남	발라드	정재윤	김혜선	비앤비	다신 널 볼수 없겠지 나의 입술이 너의 하얀 어깨를 감싸 안으며 그렇게 우린 이밤의 끝을 잡고 사랑했지만 마지막 입맞춤이 아쉬움에 떨려도 빈손으로 온 내게 세상이 준 선물은 너란 걸 알기에 참아야겠지 내 맘 아프지 않게 그 누구보다 더 행복하게 살아야 해 모든걸 잊고 이 밤의 끝을 잡고 있는 나의 사랑이 더 이상 초라하지 않게 나를 위해 울지마 난 괜찮아 그래 어쩌면 난 오래전부터 우리의 사랑도 어쩔수 없는 이별이 찾아 올지도 모른다고 생각했어 하지만 울지만 이밤의 끝은 내가 잡고 있을테니 넌 그렇게 언제나 웃으면서 살아야 돼 제발 울지 말고 나를 위해 웃어줘 제발 마지막 입맞춤이 아쉬움에 떨려도 빈손으로 온 내게 세상이 준 선물은 너란 걸 알기에 참아야겠지 내 맘 아프지 않게 그 누구보다 더 행복하게 살아야 해 모든걸 잊고 이 밤의 끝을 잡고 있는 나의 사랑이 더 이상 초라하지 않게 나를 위해 울지마 난 괜찮아 나의 가슴으로 너와 함께 나누었던 이 밤을 간직한 채 잠시 널 묻어야 하겠지 나의 눈물이 널 붙잡고 있지만 니가 힘들지 않게 웃으며 보내야 겠지 내맘아프지 않게 그 누구보다도 행복하게 모든걸 잊고 이밤의 끝을 잡고 있는 나의 사랑이 더이상 초라하지 않게 나를 위해 울지마 난 괜찮아 우
1997.04.24	솔리드	끼리 끼리	남	댄스, R&B/Soul	NULL	NULL	비앤비	넌 혹시 알고 있니 난 너무 멋지단걸 미스터 코리아도 멋진 배우들도 내 지금 모습처럼 폼나진 않을거야 그런데 왜 니들은 날 끼워주지 않니 웃기지좀마 이 세상에 못난 사람이란 없는거야 니가 믿는 교과서와 참고서엔 잘났다고 떠들라고 나와 있니 니가 무시했던 친구들 좀 봐 괜히 주눅들어 살고 있잖아 내일 니 모습일수도 있어 사람 내일 모르는거야 왜 세상은 날 안키워주는거야 맨날 니들끼리 나 빼고 끼리 끼리 왜 세상은 나만 빼고 돌아가니 뭐든 잘하는 날 빼고서 끼리 끼리 넌 혹시 알고 있니 맘으로 통하는 친구가 필요하다는 걸 솔직한 니 모습을 보여줘 우리 모두 함께 끼리 끼리 끼리 넌 가끔 기억하니 뛰놀던 어린시절 그때의 예쁜 꿈들 다시 찾아보렴 세상은 복잡하게 얽히고 �霞瘠〉� 오늘 하루만큼은 다함께 끼리 끼리 정신 좀 차려 이 세상은 돈만 갖고 살수는 없지 니가 믿는 비싸고 멋진 차가 돈 있으면 다된다고 알려주니 니가 꿈을 뺏은 친구들 좀 봐 세상에 주눅들어 살고 있잖아 제발 그렇게 살지마 사람 내일 모르는거야 왜 세상은 날 안 키워주는거야 맨날 니들끼리 나 빼고 끼리 끼리 왜 세상은 나만 빼고 돌아가니 뭐든 잘하는 날 빼고서 끼리 끼리 넌 혹시 알고 있니 맘으로 통하는 친구가 필요하다는 걸 솔직한 니 모습을 보여줘 우리 모두 함께 끼리 끼리 끼리 넌 가끔 기억하니 뛰놀던 어린시절 그때의 예쁜 꿈들 다시 찾아보렴 세상은 복잡하게 얽히고 �霞瘠〉� 오늘 하루만큼은 다함께 끼리 끼리 오 shake it ashake it ain't no time to fake it shake it ashake it ain't no time to fake it shake it ashake it come on baby shake it shake it ashake it come on baby shake it 왜 세상은 날 안키워주는거야 맨날 니들끼리 나 빼고 끼리 끼리 왜 세상은 나만 빼고 돌아가니 뭐든 잘하는 날 빼고서 끼리 끼리 넌 혹시 알고 있니 맘으로 통하는 친구가 필요하다는 걸 솔직한 니 모습을 보여줘 우리 모두 함께 끼리 끼리 끼리 뛰놀던 어린시절 우리 끼리 끼리 그 때의 예쁜 꿈들 우리 끼리 끼리 세상은 복잡해도 우리 끼리 끼리 오늘 하루만큼은 우리 모두 끼리 끼리
1997.04.24	솔리드	끝이 아니기를	남	R&B/Soul	정재윤	원태연	비앤비	끝이 아니기를  난 달랠 수가 없어 힘겹게 너를 찾는 마음을 제발 돌려달라고 울며 애원하지만 내가 할 수 있는 일이 아닌걸 난 무릎 꿇고 기도했는데 하늘은 나의 편이 아닌지 운명이 아니라며 돌아서고 싶지만 생각의 끝에선 또 돌아보게 돼 내 맘 속에 너를 간직할게 용서해줘 못 잊겠는데 언젠간 더 아플 가슴마저 없겠지 먼 훗날 나도 웃을게 그것이 우릴 지키는 길인걸 오늘도 기도할게 늘 끝이 아니길 아직은 아니야 내 맘 속에서 널 보내야 하는 그 시간이 아직은 미안해 지금도 난 니가 전부인걸 너무 보고 싶다고 울며 애원하지만 내가 할 수 있는 일이 아닌걸 난 두 손 모아 기도했는데 하늘도 나를 외면하는지 너를 잃고 보낼 시간들이 너무 두려워 모든 기억에 아파하겠지 내 맘 속에 너를 간직할게 용서해줘 못 잊겠는데 언젠간 더 아플 가슴마저 없겠지 먼 훗날 나도 웃을게 그것이 우릴 지키는 길인걸 오늘도 기도할게 늘 끝이 아니길 한 번만 더 너를 만나지기를 제발 하늘이 나를 돕기를 기다려 보는 것만이 내가 할 수 있는 전부인걸 끝이 아니길 내 맘 속에 너를 간직할게 용서해줘 못 잊겠는데 언젠간 더 아플 가슴마저 없겠지 먼 훗날 나도 웃을게 그것이 우릴 지키는 길인걸 오늘도 기도할게 늘 끝이 아니길 늘 끝이 아니길
1995.03.01	솔리드	잠든 널 포켓속에	남	댄스, R&B/Soul	정재윤	김혜선, 이준	비앤비	날 따르지 않을거란 걸 알기에 오늘밤은 잠든 니가 너무도 좋아 이대로 두고 가면 사랑도 끝나겠지 니가 날 기억할 때까지 사랑한단 이유로 너를 몰래 데려갈 수 있다면 잠든 널 포켓속에 넣어갈거야 나의 맘을 아는지 비가 오지만 반갑지가 않아 잠든 니가 깰까봐 두렵기만 해 날 따르지 않을거란 걸 알기에 오늘밤은 잠든 니가 너무도 좋아 이대로 두고 가면 사랑도 끝나겠지 니가 날 기억할 때까지 사랑한단 이유로 너를 몰래 데려갈 수 있다면 잠든 널 포켓속에 넣어갈거야 너의 아침이 오면 난 포켓속에 추워 울고 있겠지 데려오지 못한걸 후회하면서 사랑한단 이유로 너를 몰래 데려갈 수 있다면 잠든 널 포켓속에 넣어갈거야 나의 맘을 아는지 비가 오지만 반갑지가 않아 잠든 니가 깰까봐 두렵기만 해 사랑한단 이유로 너를 몰래 데려갈 수 있다면 잠든 널 포켓속에 넣어갈거야 너의 아침이 오면 난 포켓속에 추워 울고 있겠지
1996.10.01	솔리드	이 밤의 끝을 잡고	남	R&B/Soul	NULL	NULL	비앤비	나의 입술이 너의 하얀 어깨를 감싸 안으며 그렇게 우린 이 밤의 끝을 잡고 사랑했지만 마지막 입맞춤이 아쉬움에 떨려도 빈손으로 온 내게 세상이 준 선물은 너란 걸 알기에 참아야겠지 내 맘 아프지 않게 그 누구보다 더 행복하게 살아야 해 모든 걸 잊고 이밤의 끝을 잡고 있는 나의 사랑이 더 이상 초라하지 않게 나를 위해 울지마 난 괜찮아  마지막 입맞춤이 아쉬움에 떨려도 빈손으로 온 내게 세상이 준 선물은 너란 걸 알기에 참아야겠지 내 맘 아프지 않게 그 누구보다 더 행복하게 살아야 해 모든 걸 잊고 이밤의 끝을 잡고 있는 나의 사랑이 더 이상 초라하지 않게 나를 위해 울지마 난 괜찮아 나의 가슴으로 너와 함께 나누었던 이 밤을 간직한 채 잠시 널 묻어야 하겠지 나의 눈물이 널 붙잡고 있지만 니가 힘들지 않게 웃으며 보내야 겠지 워 내 맘 아프지 않게 그 누구보다 더 행복하게 모든 걸 잊고 이밤의 끝을 잡고 있는 나의 사랑이 더 이상 초라하지 않게 나를 위해 울지마 난 괜찮아 나를 위해 울지마 난 괜찮아
1996	솔리드	해피엔딩	남	R&B/Soul	정재윤	최승호	비앤비	처음 만났었지 느낌이 이상했어 너무 나도 오래된 기분이야 마음속에 묻어두었던 너를 이렇게 만나서 보게 될줄이야 갈색머리 단정하게 빗은 모습 머리에서 발끝까지 거부감이 없는 너 아주 아주 소중한 시간들을 함께 보냈어 더 이상은 좋은 기쁨이 없었지 우린 서로가 몰랐어 이런 날이 슬프게 다가와 버려 의미없는 나날을 보낼 줄 지난 여러 사진들을 쓸어 버렸지 힘들게 묻어버렸어 다시 살 만큼은 남길 걸 하루 하루 나 이렇게 살고 있어 그냥 이대로 얼핏 스쳤어 거리를 걷다가 돌아 보니 오래된 눈길이었어 묻혀 있던 나에 마음은 고개를 들어 시간속에 되감기네 커트 머리 웨이브진 다른 모습 야위어서 창백해진 무표정한 니 얼굴 서로 서로에 빈 페이지를 채워갔지 나도 몰래 입가에 우린 서로가 몰랐어 이런 날이 또 다시 다가 서서는 너와 나를 더욱 더 아낄줄 힘들었던 기억들은 잊혀져 갔지 새로운 소중함 속에 이젠 널 놔주지 않겠어 하루 하루 나 이렇게 살고 싶어 너를 사랑해  지난 여러 사진들을 쓸어 버렸지 힘들게 묻어버렸어 다시 살 만큼은 남길걸 하루 하루 나 이렇게 살고 있어 그냥 이대로 소중한 걸 배웠었지 조그마한 일이라도 생각 나누면서 아껴주자 가끔씩 힘들때는 서로 위로해주며 좋은 날만 안고 난 너를 사랑 난 너를 사랑해
2018.03.22	솔리드	Into the Light	남	R&B/Soul	박지예	오민	비앤비	이 순간이 지나면 괜찮을 거라는 꿈을 꾸는 너의 그 말 이 순간에도 서로 멀어져만 가고 있는 걸 우리는 아직 너와 함께 했던 시간 나를 붙잡고 있지만 이제 너와 함께 꾸던 꿈은 이제 아무 의미 없어 어둠 속을 지나 지난 나를 지나 I’m leaving you you you 꿈속에서 나와 지금 나를 찾아 I’m gone without you you you Into the light Baby I’m ready to ready to go Baby I’m ready to ready to go 너 안에서 갇혀있었던 내 심장이 Into the light 니 곁에 있는 내가 어제는 가치 있다 믿었어 너와의 같이 있던 시간이 이제는 눈 감으면 잊혀져 uh oh 니 안에 있는 내가 어느새 세상에서 지워져 언제나 같이 있던 우리 꿈도 눈을 뜨면 사라져 아직 너와 함께 했던 시간 나를 붙잡고 있지만 이제 너와 함께 꾸던 꿈은 이제 아무 의미 없어 어둠 속을 지나 지난 나를 지나 I’m leaving you you you 꿈속에서 나와 지금 나를 찾아 I’m gone without you you you Into the light Baby I’m ready to ready to go Baby I’m ready to ready to go 너 안에서 갇혀있었던 내 심장이 Into the light So tell me how many days gone by 내 가슴에 새겨진 니 이름과 내 침대에 남겨진 니 향기가 내 발목을 붙잡고 있지만 stop playin’ Drop the game girl I can’t maintain Liquor shot to reminisce our exchange 더 이상 슬퍼할 필요 없어 추억 속에 머물러 살 필요 없어 어둠 속을 지나 지난 나를 지나 I’m leaving you you you 꿈속에서 나와 지금 나를 찾아 I’m gone without you you you Into the light Baby I’m ready to ready to go Baby I’m ready to ready to go 너 안에서 갇혀있었던 내 심장이 Into the light
1999.06	솔리드	천생연분	남	댄스	정재윤	김수현	비앤비	너무 너무 예쁘다고 해도 너를 떠올리며 거절했지만 이번 한 번 뿐이라는걸 맹세해 약속을 정하고 그 날이왔어 신경써서 옷도 입고 머리도 하고 오랜만에 하는 소개팅에서 무슨 말을 할까 고민도 하고 널 만날때완 다른 느낌에 설레임을 안고 집을 나섰지 날씨도 좋고 기분도 좋고 아무튼 이래저래 좋았던거야 나를 믿고있는 너에게 정말 미안한 마음 뿐이야 이번 한 번만 용서해 십 분 정도 먼저 도착해서 어떤 여자일까 상상을했어 예뻤으면 키도 컸으면 좋겠어 혹시나 하고 주위를 살피고 흐르는 노래를 따라불렀어 드디어 내 친구의 모습보이고 난 수줍어 고개를 숙였여 국민학교 동창이란 친구얘기에 인사를 하려고 고개를 드니 내 앞에 있는건 다름아닌 너 황당한 나보다 더 당황하는 너 서로 믿고 있던 너와 나 그냥 맘껏 웃어 버렸어 서로 용서해 이번만 이래서 우리는 어쩔수가 없나봐 서로의 눈을 피해 만나보아도 결국엔 이렇게 우리 둘이서 또 만나게 되어있는 거잖아 이렇게 예쁜 너의 곁엔 이렇게 착한 내가 있었어 우리는 결코 헤어질 수 없어 영원히 사랑할 수 밖에 없어 그렇게 미안해 하지마 예쁜 추억을 만든것뿐야 너를 사랑해 영원히 난 너를 사랑해 난 너를 사랑해
2018.03.22	솔리드	기억속에 가려진 너의 모습 Flashback	남	R&B/Soul	세비안 SAVIYN	서정임	비앤비	거리를 걷다가 뒤돌아 서면 조금씩 내게 멀어진 널 느끼며 나는 또 다른 이별을 준비했어 Comin’ out the works we can roll tonight Lights shining down on us we gonna ball tonight Baby gonna rock a show we gonna ride tonight Baby gonna light it up tonight We’re gonna show the world tonight Show them just how we get down tonight So babe you gotta come and roll with me tonight Cuz there’s nothing wrong with lettin’ loose tonight And we can rock it all night 거리를 걷다가 뒤돌아 서면 언제나 그 자리에 하지만 곁에 없는 너 거리를 걷다가 뒤돌아 서면 언제나 그 자리에 하지만 곁에 없는 너
1999.06	솔리드	이제 그만 화 풀어요	남	발라드	김조한	김혜선	비앤비	우리들이 나누었던 몇마디 때문에 그대 너무 고민하지 않았으면 해요 어제 내가 했던 말은 진심이 아니었는데- 그댈 아프게 했다면 내가 미안해요- 그대가 나의 모자란 부분 채워줄 수가 없다면 내가 노력할테니-- 마음에 없는 헤어지잔 말 하지말 고 이젠 그만 화풀어요  우리들이 나누었던 몇마디 때문에 이별만은 생각하지 않았으면 해요 우리만이 생을 두고 이루어야할 사랑인데 언제나 좋은 일들만 있을수는 없어 워 아----- 그대가 나의 모자란 부분 채워줄 수가 없다면 내가 노력할테니-- 마음에 없는 헤어지잔 말 하지말 고 이젠 그만 화풀어요 오 오 우 워-- 살아감 속에 아픔-들은- 우리의 만남에 그- 만큼의 행복을 가져다 줄꺼라- 믿고서 아하 하 - 마음에 없는 헤어지잔 말 하지 말고 이젠 그만 화풀어요 워 우 워 ---- 우아---- 헤---
1995.03.01	솔리드	아끼지 못했던 사랑	남	R&B/Soul	정재윤	김혜선	비앤비	Listen girl 다시 시작한다고 해도 처음으로 갈 순 없겠지 또 다른 후회속에 우린 서로에게 눈물될테니 기쁨이 전부였을때 아끼지 못했던 사랑은 슬픔이 전부가 되어 이별로 돌아오니까 그리움만 남겨진 사랑을 우린 나눠 가져야겠지 기억해줘 너는 나를 잊어도 나는 널 잊을 순 없을꺼야 가끔 난 날 위로 하곤 해 너의 빈자리 작아지게 이제야 조금 알 것 같아 아끼지 못했던 사랑을 기쁨이 전부였을때 아끼지 못했던 사랑은 슬픔이 전부가 되어 이별로 돌아오니까 그리움만 남겨진 사랑을 우린 나눠 가져야겠지 기억해줘 너는 나를 잊어도 나는 널 잊을 순 없을꺼야 너를 원망하는 일은 없을꺼야 이별의 원인은 내게서 비롯됐으니까 난 지금 꿈을 꾸고 있다고 생각할꺼야 언젠간 그 꿈에서 깨어나겠지만 기억해줘 기억해줘 너는 나를 잊어도 너는 나를 잊어도 나는 널 잊을 순 없을꺼야
1996	듀스	여름안에서	남	랩/힙합	이현도	이현도	예당 음향 (예당 컴퍼니)	언제나 꿈꿔 온 순간이 여기 지금 내게 시작되고 있어 그렇게 너를 사랑했던 내 마음을 넌 받아 주었어 오 내 기분만큼 밝은 태양과 시원한 바람들이 내게 다가와 나는 이렇게 행복을 느껴 하늘은 우릴 향해 열려 있어 그리고 내 곁에는 네가 있어 환한 미소와 함께 서 있는 그래 너는 푸른 바다야 같은 시간 속에 이렇게 함께 있는 것만으로도 난 좋아 행복한 미소에 네 얼굴 나 더이상 무얼 바라겠니 저 파란 하늘 아래서 너와 나 여기 이렇게 사랑하고 있어 나는 이렇게 오 행복을 느껴 하늘은 우릴 향해 열려 있어 그리고 내 곁에는 네가 있어 환한 미소와 함께 서 있는 그래 너는 푸른 바다야 더이상 슬픔은 없는 거야 지금 행복한 너와 나 태양 아래 우린 서로가 사랑하는걸 알아 하늘은 우릴 향해 열려 있어 그리고 내 곁에는 니가 있어 환한 미소와 함께 서 있는 그래 너는 푸른 바다야 하늘은 우릴 향해 열려 있어 그리고 내 곁에는 네가 있어 환한 미소와 함께 서 있는 그래 너는 푸른 바다야 너는 푸른 바다야 난 너를 사랑해 난 너를 사랑해 난 너를 사랑해 난 너를 사랑해 난 너를 사랑해 난 너를 사랑해 난 너를 사랑해 난 너를 사랑해 난 너를 사랑해 난 너를 사랑해 난 너를 사랑해 난 너를 사랑해 난 너를 사랑해 난 너를 사랑해 난 너를 사랑해 난 너를 사랑해 난 너를 사랑해 난 너를 사랑해 너는 푸른 바다야 원 투 쓰리 포
1996	듀스	나를 돌아봐	남	랩/힙합	이현도	이현도	예당 음향 (예당 컴퍼니)	이제 우리가 시작하겠어 바로 여기서 D E U X DEUX 여기서 우린 보여주고 싶어 D E U X DEUX DEUX 하루 하루 반복되는 날들 의미를 찾을 수 없어 순간 순간이 나에겐 힘들어 왜 언제나 너는 내 맘 속에 난 벗어나고 싶어 언제나 슬픔의 벽속에 나는 둘러싸여져 있는데 시간이 갈수록 그대는 자꾸만 멀어져 가고 있는걸 나를 돌아봐 그대 나를 너의 맘속엔 내가 없지만 나를 돌아봐 나는 지금 널 그리며 서 있어 그대는 나를 슬퍼하는 나를 지금 기다림에 날을 계속하고만 있는 나를 WHY 왜 자꾸만 외면하고 멀어져가는 거야 그대 나에게 두근거리는 내 마음을 그대는 가슴을 닫아 두고 외면을 하고 있지만 언젠가는 넌 알 수 있을꺼야 그때 너의 마음 나에게만 보여줘 언제나 슬픔의 벽속에 나는 둘러싸여져 있는데 시간이 갈수록 그대는 자꾸만 멀어져 가고 있는걸 나를 돌아봐 그대 나를 너의 맘속엔 내가 없지만 나를 돌아봐 나는 지금 널 그리며 서 있어 그대는 나를 가슴 아파하는 나를 난 너 너만을 얻고 싶어 이런 나를 정말로 정말로 이대로 지나칠 수 밖에없는지 정말 난 그대와 정말 사랑할 순 없는지 나를 돌아봐줘 그대여 나를 돌아봐 그대와 나는 하나 될 수 없는 거야 나를 돌아봐줘 그대여 나를 돌아봐 나를 돌아봐 그대 나를 너의 맘속엔 내가 없지만 나를 돌아봐 나는 지금 널 그리며 서 있어
1994.09.09	듀스	여름 안에서	남	랩/힙합	이현도	이현도	예당 음향 (예당 컴퍼니)	언제나 꿈꿔 온 순간이 여기 지금 내게 시작되고 있어 그렇게 너를 사랑했던 내 마음을 넌 받아 주었어 오 내 기분만큼 밝은 태양과 시원한 바람들이 내게 다가와 나는 이렇게 행복을 느껴 하늘은 우릴 항해 열려 있어 그리고 내곁에는 니가 있어 환한 미소와 함께 서 있는 그래 너는 푸른 바다야  같은 시간 속에 이렇게 함께 있는 것만으로도 난 좋아 행복한 미소에 니얼굴 나 더이상 무얼 바라겠니 저 파란 하늘아래서 너와 나 여기 이렇게 사랑하고 있어 나는 이렇게 행복을 느껴 하늘은 우릴 항해 열려 있어 그리고 내곁에는 니가 있어 환한 미소와 함께 서 있는 그래 너는 푸른 바다야  더이상 슬픔은 없는 거야 지금 행복한 너와나 태양 아래 우린 서로가 사랑하는걸 알아 하늘은 우릴 항해 열려 있어 그리고 내곁에는 니가 있어 환한 미소와 함께 서 있는 그래 너는 푸른 바다야 하늘은 우릴 항해 열려 있어 그리고 내곁에는 니가 있어 환한 미소와 함께 서 있는 그래 너는 푸른 바다야 너는 푸른 바다야 난 너를 사랑해 난 너를 사랑해  난 너를 사랑해 난 너를 사랑해
1993.04	듀스	나를 돌아봐	남	랩/힙합	이현도	이현도	예당 음향 (예당 컴퍼니)	이제 우리가 시작하겠어 바로 여기서 D E U X DEUX 여기서 우린 보여주고 싶어 D E U X DEUX DEUX 하루 하루 반복되는 날들 의미를 찾을 수 없어 순간 순간이 나에겐 힘들어 왜 언제나 너는 내 맘 속에 난 벗어나고 싶어 언제나 슬픔의 벽속에 나는 둘러싸여져 있는데 시간이 갈수록 그대는 자꾸만 멀어져 가고 있는걸 나를 돌아봐 그대 나를 너의 맘속엔 내가 없지만 나를 돌아봐 나는 지금 널 그리며 서 있어 그대는 나를 슬퍼하는 나를 지금 기다림에 날을 계속하고만 있는 나를 WHY 왜 자꾸만 외면하고 멀어져가는 거야 그대 나에게 두근거리는 내 마음을 그대는 가슴을 닫아 두고 외면을 하고 있지만 언젠가는 넌 알 수 있을꺼야 그때 너의 마음 나에게만 보여줘 언제나 슬픔의 벽속에 나는 둘러싸여져 있는데 시간이 갈수록 그대는 자꾸만 멀어져 가고 있는걸 나를 돌아봐 그대 나를 너의 맘속엔 내가 없지만 나를 돌아봐 나는 지금 널 그리며 서 있어 그대는 나를 가슴 아파하는 나를 난 너 너만을 얻고 싶어 이런 나를 정말로 정말로 이대로 지나칠 수 밖에없는지 정말 난 그대와 정말 사랑할 순 없는지 나를 돌아봐줘 그대여 나를 돌아봐 그대와 나는 하나 될 수 없는 거야 나를 돌아봐줘 그대여 나를 돌아봐 나를 돌아봐 그대 나를 너의 맘속엔 내가 없지만 나를 돌아봐 나는 지금 널 그리며 서 있어
1996	듀스	굴레를 벗어나	남	랩/힙합	이현도	이현도	예당 음향 (예당 컴퍼니)	오래 오래 그래 기다려 왔어 나도 널 나를 기다려 주던 너에게 이제야 왔어 너를 외면하면서 나 지워버릴 수가 없었던 건 내게 보여준 너의 그 사랑 오직 오직 그래 사랑을 위해 살겠어 나를 가로막는 그 모든걸 이제는 넘어서 너만을 언제나 너만을 언제나 내 가슴 안에서 나를 향하여 네가 보여 줬던 그 많은 사랑과 너의 정성을 매일 같은 표정 때론 거짓 속에 나는 그저 받았었지 내 앞을 가로막고 서있던 그 모든 위선들 오 나의 감춰졌던 위선 나에게 씌워진 굴레를 모두다 벗어버리고 이렇게 나에게 펼쳐진 나의 많은 날들을 이제는 그대와 함께 하리 나에게 자유보다 더욱 소중한걸 이제야 가르쳐 준 너를 난 사랑해 너를 그 모든 것을 이해하며 따라 준 그 너에게 난 나만의 그 모든 나만의 생각을 말해 줄뿐이었지만 너는 나를 한번도 탓하지 않았어 너의 깊은 마음을 나 알았어 언제나 그 슬픔 언제나 너의 깊은 슬픔 나도 이제 같이 하겠어 나도 너 만큼 사랑을 하겠어 그 동안처럼 함께 하겠니 나 여기 서 있을게 진정 너만을 위해 내 앞을 가로막고 서있던 그 모든 위선들 오 나의 감춰졌던 위선 나에게 씌워진 굴레를 모두다 벗어버리고 이렇게 나에게 펼쳐진 나의 많은 날들을 이제는 그대와 함께 하리 나에게 자유보다 더욱 소중한걸 이제야 가르쳐 준 너를 난 사랑해 너를 이렇게 나에게 펼쳐진 나의 많은 날들을 이제는 그대와 함께 하리 나에게 자유보다 더욱 소중한걸 이제야 가르쳐 준 너를 난 사랑해 이렇게 나에게 펼쳐진 나의 많은 날들을 이제는 그대와 함께 하리 나에게 자유보다 더욱 소중한걸 이제야 가르쳐 준 너를 난 사랑해 너를
1996	듀스	사랑, 두려움	남	랩/힙합	이현도	이현도	예당 음향 (예당 컴퍼니)	너를 안을 때마다 나는 두려워져 끝없이 터지는 나의 가슴이 너를 알기 전에 그 나의 모습은 정지된 시간속에서와 같았어 너의 눈동자를 사랑하기 전에는 시간의 모래속에 나는 그저 묻혀 있었어 불타버린 내 가슴의 아픈 흔적들이 내게 영원히 지워지지 않는다 해도 너만을 사랑하는 것이외엔 그 다른 어떤 것을 할 수 있을까 나 이대로 눈 감으면 그 앞엔 니가 있어 내 기억 한가운데엔 언제나 니가 자리할 뿐이야 함께 있을 때 만큼이나 혼자선 너무나 외로워 벗어날 수 없어 영원히 함께 있어야만해 너를 안을 때마다 나는 두려워져 끝없이 터지는 나의 가슴이 너없이는 아무것도 난 할 수가 없어 이렇게 돼버린 내 모습 내 사랑이 커지는 만큼 우린 영원할 수 있을까 너와 사랑하면 난 자꾸 힘든 나를 만들어가 너를 안을 때마다 나는 두려워져 끝없이 터지는 나의 가슴이 너 없이는 아무 것도 난 할 수가 없어 이렇게 돼버린 내 모습 너를 안을 때마다 나는 두려워져 끝없이 터지는 나의 가슴이 널 안을 때마다 그리고 널 느낄 때 마다 나의 사랑만큼 두려워지지만 너의 눈물을 마르게 해 줄 수만 있다면 나 너를 위해서 내 모든 것을 태우리 떨어져 있을 때 마다 돌아서야 할때마다 울리는 나의 가슴의 외로움이 견딜 수 없어 나는 참아낼 수 없어 그건 나를 괴롭히는 그런 괴로움 너없이는 아무 것도 나 할 수가 없어 이렇게 돼버린 내 모습 난 두려워
1996	듀스	우리는	남	랩/힙합	이현도	이현도	예당 음향 (예당 컴퍼니)	난 누군가 또 여긴 어딘가 (지금) 저 멀리서 누가 날 부르고 있어 난 누군가 또 여긴 어딘가 (이제) 우린 앞을 향해서만 나가겠어  주위를 아무리 둘러봐도 내 곁엔 항상 어둠뿐이었어 느낄 수 있는 건 나의 힘든 거친 숨소리 하나일 뿐 무너져 버린 희망 또 후회 속에 난 지내 왔지 하지만 이제 나는 저 알 수 없는 빛을 향해 달려가고 있어  난 누군가 또 여긴 어딘가 (지금) 저 멀리서 누가 날 부르고 있어 난 누군가 또 여긴 어딘가 (이제) 우린 앞을 향해서만 나가겠어  모든건 생각하기에 달려 있는 거야 너 그리고 나 다들 모두 마찬가지야 내게로 주어져 있는 생은 나에게 소중한 걸 나는 살아가며 이제 깨닫게 되었어 언제까지나 힘들지만은 않을 꺼야 비록 지금의 그대가 믿을 수 없어도 지금이 힘들어도 그대가 믿기만 한다면 언젠가 새로운 모습이 돼 있을 꺼야  나에게 힘든 수많은 일들 나를 쓰러지게 만들었어도 나에겐 앞으로 더욱 많은 날들이 남아 있을 뿐이야  무너져 버린 희망 또 후회 속에 난 지내 왔지 하지만 이제 나는 내 앞에 있는 그댈 향해 달려가고 있어  난 누군가 또 여긴 어딘가 (지금) 저 멀리서 누가 날 부르고 있어 난 누군가 또 여긴 어딘가 (이제) 우린 앞을 향해서만 나가겠어  나 이제 난 알리고 싶어 나의 뜻을 생각을 의미를 모두에게 지금 비록 힘들어도 그건 언제나 계속은 아닐 꺼야 잘 들어줘 이건 언제나 현실, 그리고 사실이야 지금까지는 쓰러져 있다 해도 괜찮아 그러니까 지금 일어나 우리의 새로운 날을 지금 기다려!  난 누군가 또 여긴 어딘가 (지금) 저 멀리서 누가 날 부르고 있어 난 누군가 또 여긴 어딘가 (이제) 우린 앞을 향해서만 나가겠어
1993.12.30	듀스	우리는	남	랩/힙합	이현도	이현도	예당 음향 (예당 컴퍼니)	난 누군가 또 여긴 어딘가 지금 저 멀리서 누가 날 부르고 있어- 난 누군가 또 여긴 어딘가 이젠 우린 앞을 향해서만 나가겠어- 주위를 아무리 둘러봐도 내곁엔 항상 어둠뿐이었지- 느낄수 있는건 나의 힘든 거친 숨소리 하나일-뿐 무너져버린 희망 또 후회속에 난 지내왔지 하지만 이제 나는 저 알수 없는 빛을 향해 달려가고 있어- 난 누군가 또 여긴 어딘가 지금 저 멀리서 누가 날 부르고 있어- 난 누군가 또 여긴 어딘가 이젠 우린 앞을 향해서만 나가겠어- 모든건 생각하기에 달려 있는거야 너 그리고 나 다들 모두 마찬가지야 내게로 주어져 있는 생은 나에게 소중한 걸 나는 살아가며 이제 깨닫게 되었어 언제까지나 힘들지만은 않을거야 비록 지금의 그대가 믿을 수 없어도 우 지금이 힘들어도 그대가 믿기만 한다면 언젠가 새로운 모습이 되었을거야  나에게 힘든 수많은 일들 나를 쓰러지게 만들었어도- 나에겐 앞으로 더욱 많은 날들이 남아 있을뿐이야 무너져버린 희망 또 후회속에 난 지내왔지 하지만 이제 나는 내 앞에 있는 그댈 향해 달려가고 있어- 난 누군가 또 여긴 어딘가 지금 저 멀리서 누가 날 부르고 있어- 난 누군가 또 여긴 어딘가 이젠 우리 앞을 향해서만 나가겠어-  난 누군가 또 여긴 어딘가 지금 저 멀리서 누가 날 부르고 있어- 난 누군가 또 여긴 어딘가 이젠 우린 앞을 향해서만 나가겠어-
1995.04.13	듀스	굴레를 벗어나 (Mo Funk Ver.)	남	댄스	이현도	이현도	예당 음향 (예당 컴퍼니)	오래 오래 그래 기다려 왔어 나도 널 나를 기다려 주던 너에게 이제야 왔어 너를 외면하면서 나 지워버릴 수가 없었던 건 내게 보여준 너의 그 사랑 오직 오직 그래 사랑을 위해 살겠어 나를 가로막는 그 모든걸 이제는 넘어서 너만을 언제나 너만을 언제나 내 가슴 안에서 나를 향하여 네가 보여 줬던 그 많은 사랑과 너의 정성을 매일 같은 표정 때론 거짓 속에 나는 그저 받았었지 내 앞을 가로막고 서있던 그 모든 위선들 오 나의 감춰졌던 위선 나에게 씌워진 굴레를 모두다 벗어버리고 이렇게 나에게 펼쳐진 나의 많은 날들을 이제는 그대와 함께 하리 나에게 자유보다 더욱 소중한걸 이제야 가르쳐 준 너를 난 사랑해 너를  그 모든 것을 이해하며 따라 준 그녀에게 난 나만의 그 모든 나만의 생각을 말해 줄뿐이었지만 너는 나를 한번도 탓하지 않았어 너의 깊은 마음을 나 알았어 언제나 그 눈물 언제나 그아픔 언제나 너의 깊은 슬픔 나도 이제 같이 하겠어 나도 너 만큼 사랑을 하겠어 그 동안처럼 함께 하겠니 나 여기 서 있을께 진정 너만을 위해 내 앞을 가로막고 서있던 그 모든 위선들 오 나의 감춰졌던 위선 나에게 씌워진 굴레를 모두다 벗어버리고 이렇게 나에게 펼쳐진 나의 많은 날들을 이제는 그대와 함께 하리 나에게 자유보다 더욱 소중한걸 이제야 가르쳐 준 너를 난 사랑해 이렇게 나에게 펼쳐진 나의 많은 날들을 이제는 그대와 함께 하리 나에게 자유보다 더욱 소중한걸 이제야 가르쳐 준 너를 난 사랑해 이렇게 나에게 펼쳐진 나의 많은 날들을 이제는 그대와 함께 하리 나에게 자유보다 더욱 소중한걸 이제야 가르쳐 준 너를 난 사랑해 너를
1996	듀스	상처	남	랩/힙합	이현도	이현도	예당 음향 (예당 컴퍼니)	나 한순간도 널 놓치기가 싫어 하지만 그 말을 할 순 없어 내 가슴속 깊이에선 언제나 내곁에 있는 널 원하지만 나에 곁에만 있어 주길 원하는 건 그저 나의 욕심일까? 설명할 수 없는 복잡한 슬픔들이 나의 사랑일까 Oh~ Yo! baby I wasn't you be mine! 나 그대를 언제나 내 옆에 두고만 싶지만 너에게 난! 그런 말을 할 자신이 없어 다른 사람을 얘기하는 것도 내게는 상처란 걸 알면 웃어 버릴까 두려워 또 지나쳐 버릴까. 두려워 우! 모든 말들이 내게로 널 가두려고 하는 것 같아 보일 것 같아. 더욱 두려워 아무렇지도 않게 언제나 다른 사람에 얘길 하는 너를 아무렇지도 않은 얼굴로 나 역시 들어주는 척하지만 내 마음 가득히 차 있는 고민은 그런 너를 볼 때마다 커지고 난 너에게 말하고 싶은 건 항상 나를 바라봐줘. 시간이 지날수록 사랑이 점점 깊어지는걸 느끼지만 그럴수록 너에 대한 나의 슬픔도 함께 커져 가고 있어 어떻게 너에게 설명을 할건지 생각할수록 더 어려워지고 넌 오늘도 어제와 같은 얘기언제나 넌 같은 얘기뿐
1996	듀스	떠나버려	남	랩/힙합	이현도	이현도	예당 음향 (예당 컴퍼니)	달콤한 사랑만을 말해주던 니가 지금은 너무쓴 이별을 줘 버렸어 가슴이 아파 또 마음이 아파 또 이게 바로 너였다니 머리가 아파  내가 사랑했던 사람은 지금의 넌 아니야 비열한 거짓말만을 하는 니가 아니야 배신당한 내 마음을 지금에 넌 아냐   한때는 이제 내가 어떻게 해야하나 친구들을 불러놓고 앞에 앉혀놓고 묻기도 했어 또 울기도 했어 또 남 앞에선 태연한 척 웃기도 했어  이제 그런 위선은 더 이상 안 할거야 이런 바보 같은 사랑도 난 안할꺼야 저리비켜 저리치워, 집어치워 나는 지워 버릴거야 너의 기억을   나는 너를 널 지워버릴거야 더 이상에 미련은 없어 나는 다른 사람을 찾을꺼야 이젠 나를 위해   의심보다 관심을 더 너에게 쏟았던 나 관심보다 변심을 나에게 주고만 너 나는 안됐어 또 너는 못됐어 우린 남들처럼 끝나버린 사랑이 됐어  이런 책임이 너에게 전부 있다고는 난 말하지 않겠어 원망하지도 않겠어 너보다 더 좋은 사람을 만나는 게 지금 나의 일 뿐이야   나는 너를 널 지워버릴거야 더 이상에 미련은 없어 나는 다른 사람을 찾을꺼야 이젠 나를 위해   너의 마음만 내게서 떠나간 게 아니야 나도 이제 니가 너무 싫어졌으니까 가슴아픈 이별에서 벗어나게 된 거야 난 어떤 해방감마저 느껴지는걸  지금은 날 떠나간 니가 너무 고마워 세상에는 멋진 사람 얼마든지 많다는 걸 너로 인해 배웠으니까 두 번 다시는 널 찾지 않겠어
2007.07.02	듀스	여름안에서	남	댄스	이현도	이현도	예당 음향 (예당 컴퍼니)	언제나 꿈꿔 온 순간이 여기 지금 내게 시작되고 있어 그렇게 너를 사랑했던 내마음을 넌 받아 주었어 오 내 기분만큼 밝은 태양과 시원한 바람들이 내게 다가와 나는 이렇게 행복을 느껴 하늘은 우릴 항해 열려 있어 그리고 내곁에는 니가 있어 환한 미소와 함께 서 있는 그래 너는 푸른 바다야  같은 시간 속에 이렇게 함께 있는 것 만으로도 난 좋아 행복한 미소에 니얼굴 나 더이상 무얼 바라겠니 저 파란 하늘아래서 너와 나 여기 이렇게 사랑하고 있어 나는 이렇게 행복을 느껴 하늘은 우릴 항해 열려 있어 그리고 내곁에는 니가 있어 환한 미소와 함께 서 있는 그래 너는 푸른 바다야  더이상 슬픔은 없는 거야 지금 행복한 너와나 태양 아래 우린 서로가 사랑하는걸 알아 하늘은 우릴 항해 열려 있어 그리고 내곁에는 니가 있어 환한 미소와 함께 서 있는 그래 너는 푸른 바다야 하늘은 우릴 항해 열려 있어 그리고 내곁에는 니가 있어 환한 미소와 함께 서 있는 그래 너는 푸른 바다야 너는 푸른 바다야 난 너를 사랑해 난 너를 사랑해 난 너를 사랑해 난 너를 사랑해  난 너를 사랑해 난 너를 사랑해  난 너를 사랑해 난 너를 사랑해  난 너를 사랑해 난 너를 사랑해  난 너를 사랑해 난 너를 사랑해 난 너를 사랑해 난 너를 사랑해 난 너를 사랑해 난 너를 사랑해 난 너를 사랑해 난 너를 사랑해 난 너를 사랑해
1996	듀스	약한 남자	남	랩/힙합	이현도	이현도	예당 음향 (예당 컴퍼니)	오에오 오에오에오 오에오 오에오에오 지금 나!아!아!아!의 마음속에 그리고 또 머리 속엔 꽉!꽉! 차있는 건 바로 바로 바로 바로 너를 향한 나의 벅찬 마음 뿐이야 아주 오랫동안을 그렇게 매일마다 너의 얼굴 생각해 왔어 이런 내 처지를 어떻게 해야 너한테 알릴 수가 있지? 침착해 혹!혹!혹!혹시나 그래 맞아 만일에 남자친구가 있다면 어떡하지 난 이렇게 생각을 해봐도 안되고 다르게 생각을 해봐도 안되고 난 정말 고민이 너무 많아 하!하!하!히지만 역시 나는 만일에 남자친구가 없다고해도 걱정이야 오에오 오에오에 오늘 만나서 나의 마음을 보여줘야 할까 오에오 오에오에 오직 나의 마음에는 항상 너뿐이라고 말이야 하지만 두려워 그렇게도 망설이던 나 드디어는 심지어는 이제 네게 고백 하기로 했어 준비가 됐어 나 더 이상은 고민하며 지낼 수는 없었어 잘못되어 버릴 수 있다는 걸 알! 아! 그래도 혹시 몰라 나 몰라 아! 아! 다만 가만히 이렇게 계속 내가 있으면 아무것도 아니라는 게 더 두려워 이제 난 용감해져야 돼 너를 너를 얻기 위해서라면 너를 얻기 위해서라면 난 뭐든지 할 수 있을 것 같아 불안함에 몸은 떨리지만 나는 그래도 남자라고 사람들은 말해 주지 그래 그래 나는 용감하게 정면으로 부딪치는 거야 오에오 오에오에 오기를 길가옆 골목에서 기다리고 있어 오에오 오에오에 오고 있어 저기 but 갑자기 머리가 복잡해  이렇게 복잡해 신은 정말 없는 걸까 나는 어째서 이리도 어지러운 걸까? 오 오 어쩌면은 나를 이렇게 참담하게 하는 거야? 이제는 두 번 다시 나설 수가 없어 영영 안녕이라고 말해야겠지 너무나 가슴이 아파 나는 쓰러져 버릴 것 같아 지금 오 너의 그런 표정 정말 나는 처음 봤어 다시 다시 비길 다시 두 번 다시 못 볼 그런 얼굴이었지 그리고 더욱 충격은 그런 차가운 목소리 평생 처음 들었어 이제 나는 똑똑히 알게 되었지 너의 이상형은 내가 결코, 절대 아님을 평생 기억에 남을 지금 내 눈의 눈물 오에오 오에오에 오만 하기만한 너의 그 작고 예쁜 얼굴 오에오 오에오에 오늘 일은 결코 나는 잊을 수가 없을 꺼야 오에오 오에오에오 오에오 오에오에오 오에오 오에오에오 오에오 오에오에오
1995.04.13	듀스	너에게만	남	랩/힙합	이현도	이현도	예당 음향 (예당 컴퍼니)	너는 내게서 멀어져 가고 나는 혼자 남게 됐지만 너의 기억은 아직도 나를 자꾸 눈물짓게 하지 내 맘에 내리는 이 비는 너만이 멈출 수 있어 내 눈에 흐르는 눈물은 오직 너만이 멈출 수가 있어 my baby 너는 지금 내게서 너무나 멀리에 다시 내게 올 수 없지만 눈을 감으면 아직도 나의 가슴에 항상 니가 웃으며 서 있는데 그렇게 쉽게 나를 떠났지만 나는 아직도 지울 수 없어 내가 너를 사랑했던 것만큼 그 만큼 내가 슬퍼질 뿐 내 맘에 내리는 이 비는 너만이 멈출 수 있어 내 눈에 흐르는 눈물은 오직 너만이 멈출 수가 있어 my baby 너는 지금 내게서 너무나 멀리에 다시 내게 올 수 없지만 눈을 감으면 아직도 나의 가슴에 항상 니가 웃으며 서 있는데  미워하지 않아 이렇게 가슴 아파도 널 너는 지금 내게서 너무나 멀리에 다시 내게 올 수 없지만 눈을 감으면 아직도 나의 가슴엔 널 사랑하는 마음뿐이야  멀어지는 너를 바라보는 것이 그때 내가 할 수 있는 전부 였어 하지만 나는 아직도 널 잊을 수가 없어 my angel eyes 사랑해 그대 언제까지나
1996	듀스	Go!Go!Go!	남	랩/힙합	이현도	이현도	예당 음향 (예당 컴퍼니)	RAP) 우리들의 어린 시절 이미 지나갔고 어른이란 이름으로 힘든 직장 갖고 생활하면서 이미 뽀얀 얼굴은 갔고, 그런걸 갖고 고생이라 말하고 고지식한 생각으로 남을 무시하고 동심을 가진 어른들 이상하다하고 전자 게임, 프라모델, 만활 싫어하고 그게 왜 재미있는지 이해를 못하고 그런 사람을 보며 나는 답답하고 하지만 그 사람 역시 내가 답답하고 얽히고, 설키고 꼬이고 막히고...  SONG) 어렵게 생각하면 힘든 세상이지만 행복은 그리먼게 아니야 작은 기쁨을 느낄 수 있다면 이미 넌 행복하거야.  RAP) 이 넓은 세상에서 자기만 잘났고 조그만 일 하날해도 남들보다 났고 이거든지 저거든지 남들은 못났고 자기 위친 높고 나의 위친 낮고 그런 식으로 언제나 이 세상을 살고 자기 잘못을 모르고 계속 그리 살고 남들에게 원망 듣는 줄도 모르고 계속 그렇게 끝이 없이 짜증나게 굴고 계속 그러면 그대만 혼자 고립되고 그게 싫으면 이제는 안 그러면 되고 그래, 남의 입장에서 좀더 이해하면 결국에는 모두 행복하게 되고  자! 한 마디 쉬고  RAP) 질투와 시기는 우리에게 필요 없고 가식과 허식은 우리 더욱 필요 없고 서로에게 한번씩 더 웃어줄수 있는 마음만 있다면 우리 문제될 게 없고 하지만 그런 마음 쉽지만은 않고 심지어는 그러려고 생각조차 않고 마음을 닫고 두 귀를 막고 세상에 모든 고민 혼자 얼싸안고 이제는 그런 생각 다 털어 버리고 닫혀 있는 마음 활짝 열어 버리고 그러면 다른 사람의 얘기도 들리고 그대도 더욱 세상 고민 줄이고  SONG) 반복  RAP) 세상이란 우리 속에 우리 지금 살고 서로 자기 이득 위해 아웅다웅 살고 멈추면 안돼, 놓치면 안돼 빨리빨리 움직여야 겨우 나는 살고 시간은 째깍째깍 잘도 흘러가고 세상은 매일매일 빨리 돌아가고 조금만 여유를 찾고, 쉬고 하다 보면 난 막바로 옛날 사람되고 하지만 유행은 갔다 돌아오고 더 많은 시간들이 내게 다가오고 그러니깐 이제 그만 여유도 찾고 진정으로 사랑할 때 연인도 찾고
1995.04	노이즈	상상속의 너	남	댄스	김창환	김창환	라인 기획	나는 가끔 이런 생각들을 했어 내가 사랑할 수 있는 누군가도 지금 나와같은 생각으로 나의 모습들을 가끔씩 그려보는지 이런저런 상상속에 많은 시간들은 나를 외롭게 만들었지만 나는 기다렸어 그날이 오기를 바로 오늘을 오늘 나는 우연히 널 보고 말았어 나에 상상 속에 그리던 널 나의 눈이 너와 마주치던 그 순간 나는 굳어버렸지 할말도 잃어버린 채 어떡해야 그대에게 말을 건넬까 나의 맘은 두근거렸지만 내게 슬쩍 눈길을 주며 웃는 그댈 이젠 사랑할 수밖에 없어 너무 오랫동안 나는 기다렸어 나의 친구들은 애인이 있는데 나만 혼자라는 외로움에 가끔 나는 내 자신을 미워했었지만 그래 한번 참아보는 거야 어디까지 그댈 기다려야 하는지 나의 인내심은 그대를 만났어 바로 이 순간 오늘 나는 우연히 널 보고 말았어 나에 상상 속에 그리던 널 나의 눈이 너와 마주치던 그 순간 나는 굳어버렸지 할말도 잃어버린 채 어떡해야 그대에게 말을 건넬까 나의 맘은 두근거렸지만 내게 슬쩍 눈길을 주며 웃는 그댈 이젠 사랑할 수밖에 없어 나는 가끔 이런 생각들을 했어 내가 사랑할 수 있는 누군가도 지금 나와같은 생각으로 나의 모습들을 가끔씩 그려보는지 이런저런 상상속에 많은 시간들은 나를 외롭게 만들었지만 나는 기다렸어 그날이 오기를 바로 오늘을 오늘 나는 우연히 널 보고 말았어 나에 상상 속에 그리던 널 나의 눈이 너와 마주치던 그 순간 나는 굳어버렸지 할말도 잃어버린 채 어떡해야 그대에게 말을 건넬까 나의 맘은 두근거렸지만 내게 슬쩍 눈길을 주며 웃는 그댈 이젠 사랑할 수밖에 없어 어떡해야 그대에게 말을 건넬까 나의 맘은 두근거렸지만 내게 슬쩍 눈길을 주며 웃는 그댈 이젠 사랑할 수밖에 없어
1995.04	노이즈	어제와 다른 오늘	남	댄스	김창환	김창환	라인 기획	나에게 할말이 있다면 빙빙 돌리지 말고 말해 아직은 너와나 사이에 변한건 아무것도 없으니깐 오늘로 너와의 만남이 나에게 마지막이라면 난 네게 꼭 듣고 싶은 말이 한마디 남아있는데 날 사랑했다는 말도 이젠 그렇게 쉽지는 않겠지만 이대로 이별이라면 내게 아낄 필요는 없잖아 아직은 니곁에 있는 날 더이상 초라한 바보로 만들어 버리지는마 어제까지 너와함께 했던 그 모든 시간들을 오늘은 널 위해 모두다 슬픔과 바꿔야겠지만 후회없는 사랑을 했기에 난 널 미워하지않아 다만 널 잡지못하는 내 자신이 미워질뿐이야 너에게 난 부담스런 존재로 남아있긴 싫어 그래서 난 택했던 거야 너와의 슬픈 이별을 널 포기한 채로 나에게 싫증이 났다면 이쯤에서 널 잊어줄게 그렇게 나에게 일부러 냉정한척 하려 하지마 그렇게 하지 않아도 난 널 보내줄수 있어 아직 내겐 사랑이 남아있으니까 어제까지 너와함께 했던 그 모든 시간들을 오늘은 널위해 모두다 슬픔과 바꿔야겠지만 후회없는 사랑을 했기에 난 널 미워하지않아 다만 널 잡지못하는 내 자신이 미워질뿐이야 너에게 난 부담스런 존재로 남아있긴 싫어 그래서 난 택했던 거야 너와의 슬픈 이별을 널 포기한 채로
1992.11	노이즈	너에게 원한건	남	댄스	천성일	홍종구	라인 기획	오늘도 우린 함께 했지 흠 난 또 한 번 느꼈어 너도 날 사랑하고 있다는 걸 항상 난 너만을 이해하려고 하지만 너는 언제나 너의 뜻대로만 움직였지 너에게 원한 건 (너에게 원한 건) 어려운 고백은 아냐 (아니야) 날 사랑하는 것만큼 표현해주는 것 (내가) 느낄 수 있도록 - 연 주 중 - 너는 진실한 마음을 깊이 감추고 그냥 장난스런 겉모습으로 날 대하지만 난 아무 상관 없어 그렇게 날 대하는 너 또한 어색한 걸 난 알 수 있어 너에게 원한 건 (너에게 원한 건) 어려운 부탁은 아냐 (아니야) 서로 관심을 조금씩만 가져주는 것 서로 느낄 수 있도록  오늘도 우린 함께 했지 흠 난 또 한 번 느꼈어 너도 날 사랑하고 있다는 걸 이젠 내게서 달아나려고 하지마 너의 맘을 내게 모두 다 들켜버렸으니까 너에게 원한 건 (너에게 원한 건) 어려운 고백은 아냐 (아니야) 날 사랑하는 것만큼 표현해주는 것 너에게 원한 건 (너에게 원한 건) 어려운 부탁은 아냐 (아니야) 서로 관심을 조금씩만 가져주는 것 서로 느낄 수 있도록
2009.06.25	노이즈	너에게 원한건	남	댄스	천성일	홍종구	라인 기획	I Like Noise  Bounce Bounce Bounce Bounce ye  오늘도 우린 함께했지 흥 난 또한번 느꼈어 너도 날 사랑하고 있다는걸 항상 난 너만을 이해하려고 하지만 너는 언제나 너의 뜻 대로만 움직였지 너에게 원한건 너에게 원한건 어려운 고백은 아니야 아니야 날 사랑하는 것 만큼 표현 해 주는거 내가 느낄 수 있도록 너는 진실한 마음을 깊이 감추고 그냥 장난스런 겉 모습으로 날 대하지만 난 아무 상관없어 그렇게 날 대하는 너 또한 어색한걸 난 알 수 있어 너에게 원한건 너에게 원한건 어려운 부탁은 아니야 아니야 서로 관심을 조금씩만 가져 주는것 서로 느낄 수 있도록  오늘도 우린 함께했지 흥 난 또한번 느꼈어 너도 날 사랑하고 있다는걸 이젠 내게서 달아나려고 하지마 너의 맘을 내게 모두다 들켜 버렸으니까 너에게 원한건 너에게 원한건 어려운 고백은 아니야 아니야 날 사랑하는것 만큼 표현 해 주는거 너에게 원한건 너에게 원한건 어려운 부탁은 아니야 아니야 서로 관심을 조금씩만 가져주는것 서로 느낄 수 있도록
1995.11	노이즈	착각	남	댄스	김창환	김창환	라인 기획	너의 친철함에 나는 속았었나봐 너도 날 좋아한다고 그렇게 믿었는데 너의 성격이 원래 상냥하다는 걸 알면서도 나는 왠지 그렇게 믿었었어 그러던 어느날인가 너는 나에게 너의 애인을 소개시켜 주며 인사를 나누라는데 나의 눈앞이 왜 자꾸 캄캄해져만 오는지 어색해하는 나의 표정을 바라보며 너도 그제서야 내가 널 좋아하는걸 알았나봐 하지만 그래도 어쩔 수가 없잖아 그저 나 혼자의 착각속에 너를 좋아한것 뿐이니까  너를 보면서 난 착각을 해왔었지 너의 친철함을 나는 믿었었기에 그게 사랑인줄 알고 나는 나 혼자서 많은 날을 설레이며 고민해왔었어 너의 변함없는 태도를 보면서 나는 조금은 이상하다는 생각을 했지만 그래도 난 내자신을 믿고 싶었어 니가 날 좋아한다고 그러던 어느날인가 너는 나에게 너의 애인을 소개시켜 주며 인사를 나누라는데 나의 눈앞이 왜 자꾸 캄캄해져만 오는지 어색해하는 나의 표정을 바라보며 너도 그제서야 내가 널 좋아하는걸 알았나봐 하지만 그래도 어쩔 수가없잖아 그저 나 혼자의 착각속에 너를 좋아한것 뿐이니까  너의 친철함에 나는 속았었나봐 너도 날 좋아한다고 그렇게 믿었는데 너의 성격이 원래 상냥하다는걸 알면서도 나는 왠지 그렇게 믿었었어 그런던 어느날인가 너는 나에게 너의 애인을 소개시켜 주며 인사를 나누라는데 나의 눈앞이 왜 자꾸 캄캄해져만 오는지 어색해하는 나의 표정을 바라보며 너도 그제서야 내가 널 좋아하는걸 알았나봐 하지만 그래도 어쩔수가 없잖아 그저 나 혼자의 착각속에 너를 좋아한것 뿐이니까 나의 표정을 바라보며 너도 그제서야 내가 널 좋아하는걸 알았나봐 하지만 그래도 어쩔수가 없잖아 그저 나혼자의 착각속에 너를 좋아한것 뿐이니까
1996.11	노이즈	성형미인	남	댄스	김창환	김창환	라인 기획	요즘 세상엔 왜 그리도 많은 미인이 사는 걸까 그저 여자라 잘해준 것 뿐인데 자길 좋아하는 줄 알고 고친 얼굴인 줄 알며 난 이쁘단 인사 치레를 했는데 지가 정말 예뻐 그러는 줄 알고 더 이쁜 척을 하려 하지 어이없게  요즘 들어선 신종 전염병이 유행을 하지 모두가 빚을 내서라도 성형을 하려 하고 자기가 본래 본 바탕이 예뻤던 것처럼 그렇게 성형미인들은 거리를 활보하지만 어릴적 사진들은 모두 없애고 겉으론 당당하게 결혼하지만 2세가 태어나면 모두 놀라고 그럴땐 남자집안 탓을 하면서 꼭 그렇게까지라도 해서 모두가 미인이 되고플까 똑같은 얼굴 똑같은 성형미인만을 꿈꾸며 요즘 세상엔 왜 그리도 많은 미인이 사는 걸까 그저 여자라 잘해준 것 뿐인데 자길 좋아하는 줄 알고 고친 얼굴인 줄 알며 난 이쁘단 인사 치레를 했는데 지가 정말 예뻐 그러는 줄 알고 더 이쁜 척을 하려 하지 어이없게  세상은 정말 너무도 많이 변해버렸지 하늘이 주신 관상까지 돈으로 고쳐가고 새로운 얼굴의 새로운 세상을 만났다는 듯이 그렇게 성형미인들은 신에게 도전하지만 TV를 켜면 성형미인들 세상 더욱더 예뻐지려는 여자의 욕망 그들과 똑같아지려는 사람들 그런 미인을 즐기려는 남자들 꼭 그렇게까지라도 해서 모두가 미인이 되고플까 똑같은 얼굴 똑같은 성형미인을 꿈꾸며 요즘 세상엔 왜 그리도 많은 미인이 사는 걸까 그저 여자라 잘해준 것 뿐인데 자길 좋아하는 줄 알고 고친 얼굴인 줄 알며 난 이쁘단 인사 치레를 했는데 지가 정말 예뻐 그러는 줄 알고 더 이쁜 척을 하려 하지 어이없게
1995.04	노이즈	체념	남	댄스	천성일	홍종구	라인 기획	이젠 너에게 아무것도 난 바라지 않아 단지 널 잊어 달란 말 제발 내게 하지 말아줘 오오오 내가 너만을 그렇게 사랑한지 몰랐어 내가 이렇게 슬퍼할 줄은 그때는 정말 몰랐어 나를 기억하지 않아도 돼 나는 괜찮아 지금 나보다 더 너를 사랑해 줄 그 누군가가 있다면 내가 너의 이별 앞에서 웃을 수 있는건 아직 내가 너를 세상 누구보다 정말 사랑하기 때문이야 너를 기억하고 널 그리워하는 내 모습이 네게 부담이 되면 너의 행복한 사랑을 위해서 널 조금만 그리워할께 하지만 영원히 널 잊어달라고 내게 말하지마 사랑했다면 이젠 널 기억할 수 있을때까지 난 살아있고 싶어 나를 기억하지 않아도 돼 나는 괜찮아 지금 나보다 더 너를 사랑해 줄 그 누군가가 있다면 내가 너의 이별 앞에서 웃을 수 있는건 아직 내가 너를 세상 누구보다 정말 사랑하기 때문이야 너를 기억하고 널 그리워하는 내 모습이 네게 부담이 되면 너의 행복한 사랑을 위해서 널 조금만 그리워할께 하지만 영원히 널 잊어달라고 내게 말하지마 사랑했다면 이젠 널 기억할 수 있을때까지 난 살아있고 싶어
1994.03	노이즈	내가 널 닮아갈 때	남	댄스	천성일	천성일	라인 기획	늦었지만 솔직히 말할게 처음 서로를 알게 된 그 때 이제와서 이런 말할 필욘없지만 나는 너를 별로라고 생각했어 너의 그런 촌스런 모습 너의 그런 무딘 센스 하지만 지금도 이해할 수 없던 것은 너를 멀리할 수 없었다는 걸 내가 널 닮아갈 때 으흠 니가 날 닮아갈 때 우리 서로 닮아가는 그 동안의 얘기가 너무 재밌지 않니 나의 그런 냉정한 성격 나의 그런 조급한 마음 모든 것이 널 만난 후부터 그렇게 조금씩 너처럼 무뎌지고 있었다는 걸 난 자신할 수 있었지 그렇지만 쉽지는 않았지 그런 너도 날 닮아가려고 꽤 많이 노력하는 것을 알게됐어 내가 널 닮아갈 때 으흠 니가 날 닮아갈 때 우리 서로 닮아가는 그 동안의 얘기가 너무 재밌지 않니 그렇게 다 얘기하지 내 모습이 너무나 변했다고 그래 사랑을 해봐 모든 것을 바꿔봐 그런 것들이 날 얼마나 기쁘게 하는지 생각해 봐 생각해 봐 그 모든 걸 그 모든 걸 샤바라바라바랍  시간은 그렇게 흘러갔어 나는 자꾸 널 닮아갔지 그렇게 세련된 것만 좋아하던 내가 이젠 털털한 성격의 소유자가 됐어 그러던 어느날 널 봤지 나는 미처 알아보지 못했어 그 곳엔 어느덧 매우 세련된 나의 공주님이 웃고 서있다는 걸 내가 널 닮아갈 때 으흠 니가 날 닮아갈 때 우리 서로 닮아가는 그 동안의 얘기가 너무 재밌지 않니 그렇게 다 얘기하지 내 모습이 너무나 변했다고 그래 사랑을 해봐 모든 것을 바꿔봐 그런 것들이 날 얼마나 기쁘게 하는지 생각해 봐 생각해 봐 그 모든 걸 그 모든 걸 생각해 봐 생각해 봐
1995.11	노이즈	홀로서기	남	댄스	김창환	김창환	라인 기획	모든게 그렇듯 다 생각하기 나름이지 니가 날 싫다는데 내가 널 왜못잊어 착각하지마 지금까지는 내가 널 사랑했기 때문에 참아왔던 것 뿐야 이제는 너보다 더 냉정해질 수 있어 어설픈 슬픔따윈 내게 기대하지마 모든걸 돌려줄께 너에게 받았던 그흔한 감정까지 그렇게 서투른 연극 따위는 하지마 내가 싫다면서 슬픈척하는 니가 난 정말 미웠어 나에게 더 좋은 사람을 만나라는 말도 너의 가식적인 표현으로 밖에 나는 들리지 않아 이제는 모든걸 잊어줄께 니가 바라는 대로 또 원하는 대로 나도 너만큼 쉽게 널 잊기위해서 냉정한 모습을 보이려 애쓸꺼야 어차피 이별을 앞에 두고 우린 서로의 맘을 숨길 필욘 없잖아 버릴건 버리고 잊을건 잊는게 서로를 위하는거야  난 정말 몰랐어 니가 날 싫어한다는 그런사실이 너무 견디기힘들어 아무 소용없다는 걸알면서도 난 마지막으로 네게 화를 냈던거야 어쩌면 나보다 니가 더 괴로울 것 같다는 생각을 나는 잠시 해 봤지만 그건 스쳐가는 생각이었을 뿐 난 화가 났었던거야 그렇게 서투른 연극따위는 하지마 내가 싫다면서 슬픈척하는 니가 난 정말 미웠어 나에게 더 좋은 사람을 만나라는 말도 너의 가식적인 표현으로 밖에 나는 들리지 않아 이제는 모든걸 잊어줄께 니가 바라는 대로 또 원하는 대로 나도 너만큼 쉽게 널 잊기위해서 냉정한 모습을 보이려 애쓸꺼야 어차피 이별을 앞에 두고 우린 서로의 맘을 숨길 필욘 없잖아 버릴건 버리고 잊을건 잊는게 서로를위하는거야
1996.11	노이즈	착각 (Remix)	남	댄스	김창환	김창환	라인 기획	너의 친절함에 나는 속았었나봐 너도 날 좋아한다고 그렇게 믿었는데 너의 성격이 원래 상냥하다는 걸 알면서도 나는 왠지 그렇게 믿었었어 그러던 어느 날인가 너는 나에게 너의 애인을 소개시켜주며 인사를 나누라는데 나의 눈앞이 왜 자꾸 캄캄해져만 오는지 어색해하는 나의 표정을 바라보며 너두 그제서야 내가 널 좋아하는 걸 알았나봐 하지만 그래도 어쩔 수가 없잖아 그저 나혼자의 착각속에 너를 좋아한것 뿐이니까 너를 보면서 난 착각을 해왔었지 너의 친절함을 나는 믿었었기에 그게 사랑인줄 알고 나는 혼자서 고민해왔었j어 너의 변함없는 태도를 보면서 나는 조금은 이상하다는 생각을 했지만 그래도 난 내 자신을 믿고 싶었어 니가 날 좋아한다고 그러던 어느 날인가 너는 나에게 너의 애인을 소개시켜주며 인사를 나누라는데 나의 눈앞이 왜 자꾸 캄캄해져만 오는지 어색해하는 나의 표정을 바라보며 너두 그제서야 내가 널 좋아하는 걸 알았나봐 하지만 그래도 어쩔 수가 없잖아 그저 나혼자의 착각속에 너를 좋아한것 뿐이니까 - 간 주 중 - 너의 친절함에 나는 속았었나봐 너도 날 좋아한다고 그렇게 믿었는데 너의 성격이 원래 상냥하다는 걸 알면서도 나는 왠지 그렇게 믿었었어 그러던 어느 날인가 너는 나에게 너의 애인을 소개시켜주며 인사를 나누라는데 나의 눈앞이 왜 자꾸 캄캄해져만 오는지 어색해하는 나의 표정을 바라보며 너두 그제서야 내가 널 좋아하는 걸 알았나봐 하지만 그래도 어쩔 수가 없잖아 그저 나혼자의 착각속에 너를 좋아한것 뿐이니까 어색해하는 나의 표정을 바라보며 너두 그제서야 내가 널 좋아하는 걸 알았나봐 하지만 그래도 어쩔 수가 없잖아 그저 나혼자의 착각속에 너를 좋아한것 뿐이니까
1992.11	노이즈	변명	남	댄스	김창환	김창환	라인 기획	이젠 너의 변명처럼 너는 나를 떠나겠지만 아무 말도 필요없잖아 이미 알고 있던 이별인걸 언제부터 너는 나에게 싫증을 느꼈었는지 난 이미 알고 있었지 너의 맘이 변했다는 걸 난 이제 너에게 변명은 듣기 싫어 너의 마음이 변했다는걸 알아 하지만 너에게 하고픈 말이 있어 짧은 만남이었지만 날 기억해줘 아무런 변명도 이젠 듣고 싶지 않아 짧았던 만남을 그냥 기억해줘 아무런 변명도 이젠 듣고 싶지 않아 짧았던 만남을 그냥 기억해줘 이제 네가 떠나버리면 나의 마음은 텅비겠지만 날 쉽게 잊을거라고 너무 빨리 말하지마 이제 와서 어떤 말로 날 위로하려 하는지 그건 너의 변명일뿐 너의 이유는 될 수 없어 떠나는 너에게 아무런 말 않을게 나를 사랑한 기억만을 잊지말어 이제와 너에게 어떤 말을 하겠니 그냥 너를 바라보며 보낼 수 밖에  1 2 3 DJ  이젠 너의 변명처럼 너는 나를 떠나겠지만 아무 말도 필요없잖아 이미 알고있던 이별인걸 언제부터 너는 나에게 싫증을 느꼈었는지 난 이미 알고 있었지 너의 맘이 변했다는 걸 아무런 변명도 이젠 듣고 싶지 않아 짧았던 만남을 그냥 기억해줘 아무런 변명도 이젠 듣고 싶지 않아 짧았던 만남을 그냥 기억해줘 이제 네가 떠나버리면 나의 마음은 텅비겠지만 날 쉽게 잊을거라고 너무 빨리 말하지마 이제와서 어떤 말로 날 위로하려 하는지 그건 너의 변명일뿐 너의 이유는 될 수 없어 난 이제 너에게 변명은 듣기 싫어 너의 마음이 변했다는걸 알아 하지만 너에게 하고픈 말이 있어 짧은 만남이었지만 날 기억해줘 떠나는 너에게 아무런 말 않을게 나를 사랑한 기억만은 잊지말어 이제와 너에게 어떤 말을 하겠니 그냥 너를 바라보며 보낼 수 밖에
1994.03	노이즈	우리가 빛이 될 수 있다면	남	발라드	천성일	천성일	라인 기획	우리 이젠 다시 일어서야지 이곳은 아직도 밝은 빛이 우릴 비추잖니 너 슬퍼 하지마 내 손을 잡아봐 그래 그렇게 우린 오늘도 어두운 세상을 살아가고 있어 하지만 우린 모두가 커다란 등불이 될 수도 있어 우리가 빛이 될 수만 있다면 서로의 길을 비춰 줄꺼야 어둠속에 절망하는 사람없이 모두가 빛이 될 수 있도록 우리가 빛이 될 수만 있다면 서로의 꿈을 밝혀 줄꺼야 오늘만이 전부는 아닐꺼라고 모두가 얘기할 수 있도록  우린 오늘도 어두운 세상을 살아가고 있어 하지만 우리 모두가 커다란 등불이 될 수도 있어 우리가 빛이 될 수만 있다면 서로의 길을 비춰 줄꺼야 어둠속에 절망하는 사람없이 모두가 빛이 될 수 있도록 우리가 빛이 될 수만 있다면 서로의 꿈을 밝혀 줄거야 오늘만이 전부는 아닐거라고 모두가 얘기할 수 있도록 우리가 빛이 될 수만 있다면  오늘만이 전부는 아닐거라고 모두가 얘기할 수 있도록 모두가 얘기할 수 있도록
1995.04	노이즈	소유할 수 없는 너	남	댄스	천성일	김창환	라인 기획	너 때문이란 말은 안하겠어 내가 먼저 싫증이 나버렸던거야 너로 인해 생긴 아주 많은 시간들을 난 고민하며 방황해야 했지 난 이해할수 없어서 내가 가진 나의 모든 사고방식으론 언제나 프리스타일을 좋아하며 살아가는 널 넌 항상 내게 원했었지 우린 서로에게 너무 간섭하며 만나지 말자고 그런 너의 말을 처음에는 나도 이해하려 했어 괜찮을거 같아 하지만 시간이 갈수록 나 지쳐버렸었던거야 소유할수 없는 너를 보며 이별을 택한채 언젠가 너는 나를 보며 이런말을 했었지 너를 사랑한다면 모든것을 소유하지 말라고 그땐 그렇게 말을 하는 너의 맘을 나는 몰랐어 그게 나에겐 너무나 힘든 약속인것을 언제나 너를 만나면서 나의 욕심속엔 니가 내 사랑이기만을 원했지만 너는 처음부터 지금까지 내게 마음의 문을 열어주지 않은거야 이제야 나는 깨달았어 사랑은 혼자의 힘으론 이뤄질수 없다는 걸 이별을 택한 뒤에 너 때문이란 말을 안하겠어 내가 먼저 싫증이 나버렸던거야 너로 인해 생긴 아주 많은 시간들을 난 고민하며 방황해야 했지 난 이해할 수 없었어 내가 가진 나의 모든 사고방식으론 언제나 프리스타일을 좋아하며 살아가는 너의 모습들을 바라보며 언젠가 너는 나를 보며 이런말을 했었지 너를 사랑한다면 모든것을 소유하지 말라고 그땐 그렇게 말을 하는 너의 맘을 나는 몰랐어 그게 나에겐 너무 힘든 약속인것을 언제나 너를 만나면서 나의 욕심속엔 니가 내사랑이기만을 원했지만 너는 처음부터 지금까지 내게 마음의 문을 열어주지 않은거야 이제야 나는 깨달았어 사랑은 혼자의 힘으론 이뤄질수 없다는걸 이별을 택한 뒤에
1995.11	노이즈	이젠	남	댄스	김창환	김창환	라인 기획	이젠 이젠 너의 맘이 변한 이유를 너의 너의 이미 내가 지워지고 없었어 이젠 이젠 요즘 니가 나를 피해 왔던 걸 너의 너의 다른 사람 모습이 있었어  나를 바라보는 너의 눈빛 속엔 예전같지 않은 느낌들이 있어 어색해진 너의 표정들을 느끼면서 이별이 날 찾아왔다는 걸 느꼈기에 아무 대답조차 할 수 없던 나는 너를 그냥 잃어버리기로 했어 네게 부담되는 그런 사랑으로 나는 기억되고 싶은 맘은 없었으니까 이젠 알 것 같아 너의 맘이 변해버린 이유를 너의 마음속엔 이미 내가 지워지고 없었어 이젠 알 것 같아 요즘 니가 나를 피해 왔던 걸 너의 마음속엔 다른 사람의 모습이 있었어 너의 집 앞에서 너를 기다린 날 보고싶지 않은 광경을 난 봤어 내가 아닌 다른 사람이 너를 위해서 너를 집 앞까지 바래다 주는 모습을 하늘이 무너져 내리는 것 같아 무거운 발길을 돌리고 말았어 돌아보고 돌아보고 또 돌아보면서 마지막 눈물로 너를 잊기로 한거야 그래 그렇다면 나도 날 위해 이별을 서두를 꺼야 나의 맘 속에서 니가 날 좀 더 빨리 떠날 수 있도록 이젠 알 것 같아 너의 맘이 변해버린 이유를 너의 마음속엔 이미 내가 지워지고 없었어 이젠 알 것 같아 요즘 니가 나를 피해 왔던 걸 너의 마음속엔 다른 사람의 모습이 있었어  이제 더 이상은 생각하지 않아 너를 위해 흘려줄 눈물도 없어 니가 나에게 남겨준 사랑의 의미는 결국 미움으로 밖에 내게 기억되지 않아 이젠 너를 기억하기 조차 싫어 내 자신이 자꾸 초라해지니까 니가 나를 쉽게 지워 버렸던 것만큼 나도 쉽게 너를 잊어버리고 말꺼야 그래 그렇다면 나도 날 위해 이별을 서두를꺼야 나의 맘 속에서 니가 날 좀 더 빨리 떠날 수 있도록 이젠 알 것 같아 너의 맘이 변해버린 이유를 너의 마음속엔 이미 내가 지워지고 없었어 이젠 알 것 같아 요즘 니가 나를 피해 왔던 걸 너의 마음속엔 다른 사람의 모습이 있었어 너의 마음속에 이제는 나를 남겨두지 마라 너를 사랑했던 기억을 모두 지워 버릴꺼야 너와 만들었던 추억도 이젠 내겐 필요없어 너를 몰랐었던 시절로 다시 돌아가려고 해 이젠 알 것 같아 너의 맘이 변해버린 이유를 너의 마음속엔 이미 내가 지워지고 없었어 이젠 알 것 같아 요즘 니가 나를 피해 왔던 걸 너의 마음속엔 다른 사람의 모습이 있었어
1994.03	노이즈	너에게 원한 건 (Multi Mix)	남	댄스	천성일	홍종구	라인 기획	NULL
