19970401	룰라	3!4!	mixed	댄스	1	이현도	이현도	서울인 프로덕션	여기 숨쉬는 이 시간은 나를 어데로 데려갈까 많은 기쁨과 한숨들이 뒤섞인 이곳에서 3 4 랄랄랄랄라 랄랄랄라 랄라랄랄랄라 랄랄랄라 랄라 랄랄라 랄라랄라 랄라랄랄라랄라 랄랄랄랄라 랄랄랄라 라라랄랄랄라 랄랄랄라 랄랄랄 랄랄랄랄라 랄 라랄랄라 나 그대 우리 모두 내가 힘들던 그 모든 기억이 아직 남아 있는 가슴에 따뜻하게 피어나는 느낌이 있어 내가 바라는 그 모든 꿈들이 전부 이뤄질 순 없어도 가장 넓고 깊은 사랑 지금 내 안에 있어 나의 이 마음 영원히 갖고 싶어 모두 함께 나누며 3 4 여기 숨쉬는 이 시간은 나를 어데로 데려갈까 많은 기쁨과 한숨들이 뒤섞인 이곳에서 사랑만으로 늘 가득한 그런 내일로 가고 싶어 서로가 함께 영원히 행복하도록 나 그대 우리 모두 아 아파한 시간 만큼 기쁨을 만들어 가요 나의 그 모든 눈물들 만큼 사랑을 만들어가요 big up  오호 서로 아껴주는 마음을 기억하며 우리가 만들어 가요 3 4 여기 숨쉬는 이 시간은 나를 어데로 데려갈까 많은 기쁨과 한숨들이 뒤섞인 이곳에서 사랑만으로 늘 가득한 그런 내일로 가고 싶어 서로가 함께 영원히 행복하도록 나 그대 우리 모두 거친 파도의 바다처럼 때론 아픔도 왔었지만 슬픈 바다를 감싸주던 넌 하늘과 같았어 사랑만으로 늘 가득한 밝은 미래로 가고싶어 서로가 함께 영원히 행복하도록 나 그대 우리 모두 모두가 함께 여기서 만들어 가요 나 그대 우리 모두
1995	룰라	날개 잃은 천사	mixed	댄스	1	이건우	최준영	서울인 프로덕션	아 그럴거야 나를 아낄려고 굳이 내게 말 안하고 멀리 떠나갔던가 아 그럴거야 나를 아낄려고 굳이 네게 말안하고 멀리 떠나갔던가 아 그럴거야 나를 아낄려고 굳이 네게 말안하고 멀리 떠나갔던가 아 그럴거야 나를 아낄려고 굳이 네게 말안하고 멀리 떠나갔던가 천사를 찾아 사바 사바 사바 천사를 찾아 사바 사바 사바 천사를 찾아 헤매이지 잃어버린 내 모습을 찾아 사바 사바 사바 오 이렇게 많은 사람들이 네게 친해지려 할 때 네가 싫고 넌 키도 작고 차도 없다했지 난 오 이런 저런 조건 조건따지다 보니까 진실한 사랑의 의미 의미 도대체가 도대체가 찾을수가 없어 쉽게 찾을 수가 있는데 내 마음속에 있는데 조용하게 눈을 감고 생각하면 알수있어 천사를 찾아 방황하는 나의 예전의 그모습 찾아 샤바 나 이제 알아 혼자된 기분을 그건 착각이었어 느낄수 있니 사랑의 시작은 외로움의 끝인걸 언제라도 넌 내가 원한 것을 다 줄듯 보였고 사바 사바 사바 변덕스러운 내 기분 맞추려 고민도 하고 사바 사바 사바 하지만 너의 고마웠던 사랑을 난 당연한 듯 생각했었던 거야 나 이제 알아 혼자된 기분을 그건 착각이었어 느낄수 있니 사랑의 시작은 외로움의 끝인걸 쉽게 찾을 수가 있는데 마음속에 있는데 조용하게 눈을 감고 생각하면 알 수있어 천사를 찾아 헤매이지 잃어버린 내 모습을 찾아 샤바 나 이제 알아 혼자된 기분을 그건 착각이었어 느낄수 있니 사랑의 시작은 외로움의 끝인걸 언제라도 넌 내가 원한 것을 다 줄듯 보였고 사바 사바 사바 변덕스러운 내 기분 맞추려 고민도 하고 사바 사바 사바 하지만 너의 고마웠던 사랑을 난 당연한 듯 생각했었던 거야 나 이제 알아 혼자된 기분을 그건 착각이었어 느낄수 있니 사랑의 시작은 외로움의 끝인걸 나 이제 알아 혼자된 기분을 그건 착각이었어 느낄수 있니 사랑의 시작은 외로움의 끝인걸 아 그럴거야 나를 아낄려고 굳이 내게 말 안하고 멀리 떠나갔던가 아 그럴거야 나를 아낄려고 굳이 내게 말 안하고 멀리 떠나갔던가 아 그럴거야 나를 아낄려고 굳이 내게 말 안하고 멀리 떠나갔던가 아 그럴거야 나를 아낄려고 굳이 내게 말 안하고 멀리 떠나갔던가
1995	룰라	천상유애(天上有愛)	mixed	댄스	1	이건우	The Season	서울인 프로덕션	저 끝에서 끝까지 목이 메이도록 말하고 말거야 무척 소중한걸 안다고 거리마다 외칠 거야 무엇도 아닌 날 감싸주고 좋아했기에 이제부터 다른 사람 쳐다도 안 볼 거야 너를 제일 처음 만나는 그 순간에도 난 이미 너를 느껴버렸어 잡을 수 없는 환상 속에 빠진 것처럼 낯이 익은 이상한 기분이 들어 너와 나는 어쩌면은 전생에서 한번쯤은 헤어졌다 다시 만난 건지도 몰라 알 수없는 미래지만 가보고 싶었어 그래서 난 너를 보게 된 거야 된 거야 오래 오래 오래 천년이 지나가도 안 변할 사랑은 이미 시작된거야 지상에서 하늘끝까지 우리 사랑 영원한거야 오래 오래 전에 지상에서 찾을 수 없는 그 님을 만났니 반짝이고 아름다운 사랑 기분 정말 무한대야 긍정 부정 느낌표는 이제 모두 필요 없는 얘기 하늘에서 맺어준 사랑 알 수 없는 미래지만 가보고 싶었어 그래서 난 너를 보게 된 거야된 거야 오래 오래 오래 천년이 지나가도 안 변할 사랑은 이미 시작된거야 지상에서 하늘끝까지 우리 사랑 영원한거야 오래 오래 전에 어리다고 사랑이 오지 않나요 낙엽만 바라봐도 눈물이 나요 내 작은 가슴에 꿈이 많은데 이룰 수 없나요 오늘도 어제처럼 내게 줬던 고마웠던 너의 사랑이 아무에게 나눠주는 그런 사랑 아니기를 그렇다면 사라져 다 필요없어 잊으리 더 큰 아픔 밀려오는 그전에 하지만 아니라면 너를 위해 내 모든 것 하나까지 주리라 세월이 가 후회마저 없어 없어 없어 후 오래 오래 오래 천년이 지나가도 안 변할 사랑은 이미 시작된거야 지상에서 하늘끝까지 우리 사랑 영원한거야 오래 오래 전에 저 끝에서 끝까지 목이 메이도록 말하고 말 거야 무척 소중한 걸 안다고 거리마다 외칠거야 무엇도 아닌 날 감싸주고 좋아했잖아
1997	룰라	연인	mixed	댄스	2	이상민	이상민	서울인 프로덕션	바보 바보 바보야 바보 바보 바보야 바보 바보 바보야 사랑 앞에서 오늘도 넌 튕겨 튕겨 사랑앞에 튕겨 튕겨 친구앞에 튕겨 튕겨 매일매일 튕겨 튕겨 왜 넌 날 자꾸 피하는거야 너에게 변화가 생긴거야 이상해 궁금해 이런 너는 달리 나쁜아이야 나에게도 너를향한 아름다운 마음있어 순수하게 느껴지는 아이같은 그런 너를 사랑하면서 표현 안했던거야 나의 마음은 영원히 널 사랑해 바보같은 마음으로 너를 생각한거야 나를 향한 너의 사랑의 마음을 천사같은 마음으로 너를 사랑할거야 이 세상 마지막까지 널 영원히 오늘도 넌 튕겨 튕겨 사랑앞에 튕겨 튕겨 친구앞에 튕겨 튕겨 매일매일 튕겨 튕겨 왜 넌 날 자꾸 피하는거야 너에게 변화가 생긴거야 이상해 궁금해 이런 너는 달리 나쁜아이야 나는너를 연인처럼 친구처럼 애인처럼 나는너를 순수하게 아름다운 마음으로 바보같은 마음으로 너를 생각한거야 나를 향한 너의 사랑의 마음을 천사같은 마음으로 너를 사랑할거야 이 세상 마지막까지 널 영원히 먼 훗날에 너와 나의 사랑이 변하지 않을거라 난생각해 나는 너를 연인처럼 친구처럼 애인처럼 나는너를 순수하게 아름다운 마음으로
1995	룰라	프로와 아마츄어	mixed	댄스	33	룰라	최준영	서울인 프로덕션	나는 나는 모든걸 할수가 있어 너가 나를 사랑하게 할수도 있고 너를 감동 시킬수도 있으며 모든 사랑을 만들어서 할 수도 있지 내게로 오게하고 사랑 받을 수 있어 나는 어렵다고 생각 안해 난 너와 헤어질 때를 너를 떠나는 법도 모르는게 없어 다알아 우린 우연 섞인 장난속에서 처음 만나 얘길했지 너의 말이 나의 마음을 사로잡을수 있었어 하루하루 지나 너의 모든걸 나는 알수가 있었어 나는 너의 수첩 속에서 칸을 채운 여자란걸 너를 믿고 싶었기에 내 눈물이 더 큰거야 이 세상과 바꿀수 없다고도 생각했어 누구에게 내 마음을 말할까 내 진실을 알아줄까 내가 너무 어리석어서 세상이 날 속인거야 너 땜에 너 땜에 실수한적 많았어도 널 보며 화낸적은 전혀 없었어 그 이유는 그저 널 깊게 우리 사이를 깊게 생각하지 않았어 너는 왜 착각속의 삶을 살아가는지 이렇게 저렇게 헤매이는 너의 방식찾아 너의 방식찾아 It's want man It's want man 너의 곁을 떠나기가 싫어서 내 방식을 바꿀거야 너도나를 사랑한다면 나의 진실을 받아줘 너를 믿고 싶었기에 내 눈물이 더 큰거야 이 세상과 바꿀수 없다고도 생각했어 누구에게 내 마음을 말할까 내 진실을 알아줄까 내가 너무 어리석어서 세상이 날 속인거야 어떻게 하면 내게 오고 이렇게 하면 사랑을 받고 나는 어렵다고 생각하는게 없어 떠나야할 때도 너를 떠나는 법도 모든것을 할수가 있지 아주 쉽게 내가 생각하는 사랑은 즐겁기만 하면돼 복잡하고 어지러운건 싫어 구속받는 생활이 너무 너무 싫어서 결혼 하는것 마저 귀찮아
19970401	룰라	비밀은 없어	mixed	댄스	18	박선만	박선만	서울인 프로덕션	우우 정말이야 이제 그대에게 비밀은 없어 우우 알고 있지 사랑한단 말은 안해도 처음 본 그날처럼 우린 아무말 없었지만 우우우우우 설레임에 바라보네 정말이야 이제 그대에게 비밀은 없어 오오우 그대 지난 날을 생각해 때론 다투고 전화도 없었지만 작은 사랑과 기쁨에 우린 즐거웠지 정말이야 이제 그대에게 비밀은 없어 그대 그리움에 흔린 눈물 또한 그대에게 밝힐 수 없는 나의 비밀 꿈이라도 그대에게 밝혀봤어 아름다운 추억이라 그댈 기억했어 지금부터 언제까지 그대 하나만을 또 사랑하게 될지 몰라 지금보는 내 마음은 어디부터 어디까지 그대만을 사랑할지 그대만의 비밀이야 우우 우우 정말이야 이제 아무런 비밀은 없어 우우 알고 있지 사랑한단 말은 안해도 토라져 돌아서면 우린 아무말 없었지만 우우우우우 어떻하나 내마음은 정말이야 이제 아무런 비밀은 없어 오오우 그대 지난날을 생각해 함께있다면 어디든 상관없어 커피한잔에 우린 정말 행복했지 우우 이제까지 널 생각해 보니 나를 속인걸 사과하려 하지만 넌 그런 생각은 안해도 돼 왜냐하면 나에겐 너뿐이란걸 이제 깨달아 생각했어 그건 바로 나만에 간직한 비밀이야 오오우 그대 처음 본 그날처럼 그대 내 곁에 있다면 얼마나 행복할까 오오우 그대 처음 본 그날처럼 설레임에 내마음 그대를 생각하네 우우우
1995	룰라	사랑법	mixed	댄스	0	룰라	The Season	서울인 프로덕션	하지만 사랑이 자리잡혀 간다면 진실한 사랑이 필요하기 시작한거야 갖기 위해서 해왔던 연극을 미래의 현실로 바꿔야해 표현이 부족한 사람에게 말하리라 사랑을 모르는 사람에게 말하리라 쉽게쉽게 생각하는 사람에게 말하리라 사랑하는 표현 표출을 반으로 줄이고 만나면 너의 생각뿐 많은 말을 안하고 가끔 해주는 말로 즐겁게하고 사소한 것까지 아껴주며 때론 눈물 보여주면서 조심스런 사랑 그거야 하지만 사랑이 자리잡혀 간다면 진실한 사랑이 필요하기 시작한거야 갖기위해서 해왔던 연극을 미래의 현실로 바꿔야해 오 나의 표현이 너무 부족하다면 오 나의 눈물이 대신해 줄순 없겠니 세상 저편에 보이는 곳에서 내게 말할거야 마음 속 저끝까지 모두가 똑같은 방식으로 사랑이 왔나봐 바라면 오다가도 가버려 쉽게쉽게 오리라 기다리다 가버려 친구들이 모인자리에 널 부르지 않고 아껴둔 사랑은 너야 편하게 만나고 즐기는 친군많지만 그런것들로 질투나게 해서 나의 소중함을 알게끔 해주면서 조심스러운 사랑그거야 하지만 사랑이 자리잡혀 간다면 진실한 사랑이 필요하기 시작한거야 갖기위해서 해왔던 연극을 미래의 현실로 바꿔야해 오 나의 표현이 너무 부족하다면 오 나의 눈물이 대신해 줄순 없겠니 세상 저편에 보이는 곳에서 내게 말할거야 마음속 저끝까지
199902	룰라	기도 (Good)	mixed	댄스	13	이상민	최준영	서울인 프로덕션	Roo'Ra deeper lover live lover live 라라따리 라리라 라라이야 따르리 따르리 따르리 너만을 가만히 조금씩 사랑이 밀려와 꿈을 깨어보니 그댄 어디 간거야 그대를 위하여 사랑을 위하여 이세상에 아름다운 이별을 위하여 늘 날 바라봐 주길 바라던 날 버린 그대는 liar liar 야 늘 널 영원할꺼라 믿었던 널 위한 내 기도 liar liar liar 야 으아 날 떠난 너 잊으려 하려 해도 할 수 없어 돌아와 지켜 기도 드려 My swever ever finger 다시 내게 내게 곁에 돌아올 수 없다면 이리저리 부딪히고 나고 나서 또 부서지길 망가지길 기도드려 with finger on the finger 나는 기도해 in my qvo 너는 puto 되지 않길 기도해 떠나갔던 시간들을 이제 용서해 내 곁으로 오길 이제 애원해 가득히 가득히 가득히 널 위해 모아둔 나의 큰 사랑을 주었어 다시 태어나도 그댈 찾아갈거야 그대를 위하여 사랑을 위하여 이 세상에 아름다운 이별을 위하여 늘 날 바라봐 주길 바라던 날 버린 그대는 liar liar 야 늘 널 영원할꺼라 믿었던 널 위한 내 기도 liar liar liar 야 I belong to you 그대와의 사랑을 바래 I belong to you 영원한 재회를 위해 Roo'Ra deeper lover live lover live 날 버린 그대는 liar liar 야 Roo'Ra deeper lover live lover live 널 위한 내 기도 liar liar liar 야
199902	룰라	Moving	mixed	댄스	0	백종열	박근태	서울인 프로덕션	가나봐 내가 떠나가도 내가 가나봐 그래봐라 네가 떠나가도 아무렇지 않다고 오지마 너 지나가 내게 다시 오지마 필요없다고 나도 널 다시 보고 싶지 않다고 거기서 날 보며 슬금 기웃거려도 난 니가 있는 곳을 느껴 못본척 흔들흔들 움직이고 있을 때마다 넌 점점 흥분하고 있어 살금살금 불어오는 습기 가득찬 너의 눈과 귀와 입술 못본척 주춤주춤 다가서고 있을때마다 그래 여기서 나도 움직여 버릴테니까 사랑해 하고 내게 끝내려고 하지마 떠나가라고 다시 내가 너를 찾고 싶진 않다고 오지마 너 지나가 내게 다시 오지마 움직여 버릴거야 나도 너에게 다시 움직여 가나봐 너가 떠나가도 내가 가나봐 그래봐라 네가 떠나가도 아무렇지 않다고 오지마 너 지나가 내게 다시 오지마 필요없다고 나도 널 다시 보고 싶지 않다고 Think about what you done to me I can''t put up with that shit anymore Your fake ass love above that now check it out 나 더 이상은 필요치는 않아 한번 돌아봐 한번 둘러봐 biggy wiggy 너의 지난 생각들이 jiggy with it 한 행동들이 was too much picky to me 이젠 가버려 내곁에서 가나봐 너가 떠나가도 내가 가나봐 그래봐라 네가 떠나가도 아무렇지 않다고 오지마 너 지나가 내게 다시 오지마 필요없다고 나도 널 다시 보고 싶지 않다고 살금 살금 불어오는 습기 가득 찬 너의 눈과 귀와 입술 못본척 주춤주춤 다가서고 있을때마다 그래 여기서 나도 움직여 버릴테니까 가나봐 떠나가 떠나가 가나봐 오지마 너 지나가 내게 다시 오지마 필요없다고 나도 널 다시 보고 싶지 않다고 사랑해 하고 내게 끝내려고 하지마 떠나가라고 다시 내가 너를 찾고 싶진 않다고 오지마 너 지나가 내게 다시 오지마 움직여 버릴거야 나도 너에게 다시움직여 가나봐 너가떠나가도 내가 가나봐 그래봐라 네가 떠나가도 아무렇지 않다고 오지마 너 지나가 내게 다시 오지마 필요없다고 나도 널 다시 보고 싶지 않다고
19940701	룰라	100일(日)째 만남	mixed	댄스	5	강은경	박근태	서울인 프로덕션	모처럼 큰맘 먹고 너를 위해서 가진 돈 모두 털어 선물을 샀어 디기디 어떤걸 좋아할지 모르겠지만 디기디 그래도 네 마음엔 들었으면 좋겠어 난 처음으로 여자에게 선물하는 내 맘이 왜 이렇게 어색하고 쑥스러운지 몰라 오 디기디 디기디 디기디 디기디 간직하고 있어줘 오 디기디 디기디 디기디 디기디 그게 나인것처럼 오 디기디 디기디 디기디 디기디 너를 지켜줄꺼야 오 디기디 디기디 디기디 디기디 항상 너의 곁에 있을꺼야 오늘을 기념하려 자릴 마련했어 우리 만난지 백일째날 내 맘을 보일때도 이제 된것같아 그래 이만큼 널 사랑해 어설픈 고백 대신 내게 끼워줬던 작은 반지 하나 비싼건 아니지만 나의 성의라고 생각해주겠니 이렇게 사소한데 눈물 흘려 기뻐하는 너를 안아주고파 혼이 났어 하지만 아직 일러 서두르면 내 곁에서 달아날지도 몰라 오늘을 기념하려 자릴 마련했어 우리 만난지 백일째날 내 맘을 보일때도 이제 된것같아 그래 이만큼 널 사랑해 생각도 못했는지 놀란 네 눈빛이 웬지 기쁘게 해 나 지금 망설이면 너를 놓칠까봐 사실 초조했어 걱정도 때론 했어 니가 만일 거절하면 어떡하나 고민도 했었지만 하지만 이젠 알아 너의 맘도 나에게로 이미 향해 있는 걸 오늘을 기념하려 자릴 마련했어 우리 만난지 백일째날 내 맘을 보일때도 이제 된것같아 그래 이만큼 널 사랑해 모처럼 큰맘 먹고 너를 위해서 가진 돈 모두 털어 선물을 샀어 디기디 어떤걸 좋아할지 모르겠지만 디기디 그래도 네 마음엔 들었으면 좋겠어 난 처음으로 여자에게 선물하는 내 맘이 왜 이렇게 어색하고 쑥스러운지 몰라 오 디기디 디기디 디기디 디기디 간직하고 있어줘 디기디 디기디 디기디 디기디 그게 나인것처럼 오 디기디 디기디 디기디 디기디 너를 지켜줄테야 디기디 디기디 디기디 디기디 항상 너의 곁에서
19970401	룰라	100일째 만남	mixed	댄스	0	강은경	박근태	서울인 프로덕션	지금 이순간이 얼마나 소중한지 아름다운 만남이 얼마나 소중한지 후회도 할거야 지금 이 순간을 슬픈 내 마음을  오늘을 기념하려 자릴 마련했어 우리 만난지 백일째날 내 맘을 보일때도 이제 된것같아 그래 이만큼 널 사랑해  생각도 못했는지 놀란 네 눈빛이 왠지 기쁘게 해 나 지금 망설이면 너를 놓칠까봐 사실 초조했어 걱정도 하지만 이젠 알아 너의 맘도 나에게로 이미 향해있는걸 오늘을 기념하려 자릴 마련했어 우리 만난지 백일째날 내 맘을 보일때도 이제 된것같아 그래 이만큼 널 사랑해 모처럼 큰맘먹고 너를 위해서 가진돈 모두털어 선물을 샀어 어떤걸 좋아할지 모르겠지만 그래도 네마음엔 들었으면 좋겠어 난 처음으로 여자에게 선물하는 내맘이 왜 이렇게 어색하고 쑥스러운지 몰라 디기디 디기디 디기디 디기디 간직하고 있어줘 디기디 디기디 디기디 디기디 그게 나인것 처럼 디기디 디기디 디기디 디기디 너를 지켜줄꺼야 디기디 디기디 디기디 디기디 항상 너의 곁에서
19970401	룰라	날개 잃은 천사	mixed	댄스	0	이건우	최준영	서울인 프로덕션	쉽게 찾을 수가 있는데 내 마음속에 있는데 조용하게 눈을 감고 생각하면 알수있어 천사를 찾아 방황하는 나의 예전의 그모습 찾아 샤바 아 그럴꺼야 나를 아낄려고 굳이 내게 말 안하고 멀리 떠나갔던가 아 그럴꺼야 나를 아낄려고 굳이 네게 말안하고 멀리 떠나갔던가 아 그럴꺼야 나를 아낄려고 굳이 네게 말안하고 멀리 떠나갔던가 아 그럴꺼야 나를 아낄려고 굳이 네게 말안하고 멀리 떠나갔던가 천사를 찾아 샤바 샵사바 천사를 찾아 샤바 샵사바 천사를 찾아 천사를 찾아 헤 메이지 잃어버림 내 모습을 찾아 샤바 샵샤바 오 이렇게 많은 사람들이 네게 친해지려 할 때 네가 싫고 넌 키도 작고 차도 없다했지 난 오 이런 저런 조건 조건따지다 보니까 진실한 사랑의 의미 의미 도대체가 도대체가 찾을수가 없어 쉽게 찾을 수가 있는데 내 마음속에 있는데 조용하게 눈을 감고 생각하면 알수있어 천사를 찾아 방황하는 나의 예전의 그모습 찾아 샤바 나 이제 알아 혼자된 기분을 그건 착각이었어 느낄수 있니 사랑의 시작은 외로움의 끝인걸 언제라도 넌 내가 원한 것을 다 줄듯 보였고 샤바 삽사바 변덕스러운 내 기분 맞추려 고민도 하고 사바 삽사바 하지만 너의 고마웠던 사랑을 난 당연한 듯 생각했었던 거야 나 이제 알아 혼자된 기분을 그건 착각이었어 느낄수 있니 사랑의 시작은 외로움의 끝인걸 - 간 주 중 - 쉽게 찾을 수가 있는데 마음속에 있는데 조용하게 눈을 감고 생각하면 알 수있어 천사를 찾아 방황하는 나의 예전의 그 모습 찾아 샤바 나 이제 알아 혼자된 기분을 그건 착각이었어 느낄수 있니 사랑의 시작은 외로움의 끝인걸 언제라도 넌 내가 원한 것을 다 줄듯 보였고 사바 삽사바 변덕스러운 내 기분 맞추려 고민도 하고 사바 삽사바 하지만 너의 고마웠던 사랑을 난 당연한 듯 생각했었던 거야 나 이제 알아 혼자된 기분을 그건 착각이었어 느낄수 있니 사랑의 시작은 외로움의 끝인걸 나 이제 알아 혼자된 기분을 그건 착각이었어 느낄수 있니 사랑의 시작은 외로움의 끝인걸 아 그럴꺼야 나를 아낄려고 굳이 내게 말 안하고 멀리 떠나갔던가 사바 삽사바
19951001	쿨 (COOL)	슬퍼지려 하기 전에	mixed	댄스	40	최준영	최준영	쿨컴퍼니	나 가끔씩 그대 생각을 할 때마다 나 가끔 그대 생각을 할때마다 늘 가까운 듯 멀게만 느껴지는데 늘 가까운 듯 멀게만 느껴져 이렇게 널 만날 때엔 날 사랑 한다지만 뒤돌아서면 왠지 슬픈 예감만이 너무도 변해버린 모습은 내게 너무도 변해버린 모습은 내게 말할 수 없는 아픔을 전해 주지만 그러는 너 이제 그만 힘들어해 나 그런 너의 맘을 이해할 수 있어 오 나를 바라보는 그대 눈빛 말하지 않아도 우리의 마지막을 난 준비하려 해 오 나의 사랑을 속여가며 웃음지려 한건 뒤돌아 흘릴 눈물 눈물 때문이야 워우어 그대 나에게 주었던 사랑 그보다 더 행복한 건 내겐 없었어 워우워 그래 나 이젠 널 떠나보내 줄게 더이상 슬퍼지려하기 전에 너와 했던 추억들은 이제 모두 모두 멀어지고 마는거야 오직 나만 사랑한단 그 말들은 이제 거짓이란 걸 난 알아 돌이킬 순 없는거니 너와 했던 많은 시간들이 슬퍼져 나 이렇게 태연하게 웃어 보이지만 One Two Three Go 오 나를 바라보는 그대 눈빛 말하지 않아도 우리의 마지막을 난 준비하려 해 오 나의 사랑을 속여가며 웃음지려 한건 뒤돌아 흘릴 눈물 눈물 때문이야 워우어 그대 나에게 주었던 사랑 그보다 더 행복한 건 내겐 없었어 워우워 그래 나 이젠 널 떠나보내 줄게 더이상 슬퍼지려하기 전에
199901	쿨 (COOL)	애상	mixed	댄스	1	이승호	윤일상	쿨컴퍼니	알잖아 너를 이토록 사랑하며 기다린 나를 뭐가 그리 바쁜지 너무 보기 힘들어 넌 도대체 뭐하고 다니니 그게 아냐 이유는 묻지마 그냥 믿고 기다려 주겠니 내게도 사랑을 위한 시간이 필요해 널 받아들일수 있게 일부러 피하는거니 삐삐쳐도 아무 소식없는 너 싫으면 그냥 싫다고 솔직하게 말해봐 말리지마 내 이런 사랑을 너만 보면 미칠것 같은 이맘을 누가 알겠어 웨딩드레스 입은 네 곁에 다른 사람이 난 두려워 나보다 더 멋진 그런 남자 네가 만날까봐 아니야 그렇지 않아 정말 너 하나뿐야 속는셈 치고 한번 믿어봐 내눈에는 너무 이쁜 그녀를 자랑스레 친구에게 보여줬지 친구 내게 미안하다며 그녀 얘길 싸그리 다했지 그녀 많은 남자중에 친구만도 여러명이야 말도안돼 믿을 수없어 혹시 쌍둥이 우연히 너를 보았지 다른 남자 품안에 너를 한번도 볼수 없었던 너무 행복한 미소 내 사랑은 무너져 버렸어 그게 아냐 변명이 아니라 그 남자는 나완 상관없어 잠시 나 어지러워서 기댄것 뿐이야 날 오해하진 말아줘 나역시 많은 여자들 만났다가 헤어져도 봤지만 한꺼번에 많은 여자를 만난적은 없었어 네가 뭔데 날 아프게 하니 너 때문에 상처 돼버린 내 사랑 이제 다시는 너의 헛된 만남도 나 같은 사람 없을껄 난 두려워 나 역시 다시는 이런 사랑 할 수 없을까봐 사랑까지는 바라지도않을게 네 곁에 항상 있게만 해줘
19970701	쿨 (COOL)	해변의 여인	mixed	댄스	1	이승호	윤일상	쿨컴퍼니	와우 여름이다 summertime i wanna let me sea the summertime 이게뭐야 이여름에 방안에만 쳐박혀있어 안되겠어 우리 그냥 이쯤에서 헤어져버려 내품에서 흘린 눈물 너 만큼 나 힘이 들었어 잃어버린 너의 미소 찾을수 없을까 안녕하고 돌아서는 그건 아니잖아 사랑을 위한 여행을 하자 바닷가로 빨리 떠나자 야 야 야 야 바다로 그동안의 아픔들 그속에 모두 버리게 이게 아니야 우린 사랑했잖아 이젠 다신 눈물없는 사랑으로 만들어봐 우 와뚜와리와리 사랑하는 연인들이 바닷가를 걷고 난 쓸쓸히 바닷가를 혼자 걸어 갈때 앗 나처럼 혼자걷는 여잘보게 됐고 난 그뒤를 하염없이 쫓아가게 됐어 어디갔어 이밤중에 도대체가 이해가 안돼 여기까지 여행와서 나만 혼자 내버려두니 해변에서 만난여인 많은 얘길 들려주었지 잃어버린 사랑으로 여기에 왔다고 돌아가면 나 역시도 혼자 될꺼라고 새벽이 오는 바다에 앉아 얘길 했지 해변의 여인 야야야야 그녀와 떠오르는 태양을 우리는 함께 본거야 기다리지마 이제서야 만났어 이제다시 이별없는 사랑으로 만들거야 우 와뚜와리와리 해변의 여인 너와 함께 다시 돌아가는 길에 보았지 예전의 그녀 멋진 자동차에 어떤 남자와 함께 있는걸
19961101	쿨 (COOL)	운명	mixed	댄스	5	이승호	윤일상	쿨컴퍼니	어느날 우연히 그사람 본 순간 다리에 힘이 풀려 주저 앉고 말았지 그토록 애가 타게 찾아헤맨 내 이상형 원 투 쓰리 포 왜 하필 이제야 내 앞에 나타나게 된거야 어 그토록 애타게 찾아 헤맬때는 없더니 어디서 무얼했어 혼자가 힘들어 곁에 있던 여자 친구가 이제는 사랑이 돼버렸잖아 운명같은 여잘 만나서 이젠나를 떠나 가라고 그녀에게 말해 버리면 보나마나 망가 질텐데 그렇다고 그애 때문에 그녈다시 볼 수 없게 돼버리면 나도 역시 망가질껀 뻔한데 이야이야 이야이야 정말 답답해 짜증이나 어떡해야 해 둘다 내 곁에 있을 수는 없는 거 잖아 정말 화가나 그 누구도 버릴 순 없어 차라리 이럴땐 남자가 되고 싶어 나도 아 햄릿 처럼 지금 죽는 거냐 사는거냐 그것이 문제라면 차라리 나을지몰라 이얼싼스 세상에 누구도 나보다 바쁜사람 없을껄 동시에 두여자 만난다는 것이 이렇게 힘든줄 몰랐었어 어쨌든 그때는 여자 복이 터진 것처럼 행복한 나날을 보냈던거야 한번 봤던 영화 또 보고 했던 얘기 다시 또하고 저녁 식사 두번 했더니 왜그렇게 헷갈리던 지 같은 편지 적어 보냈지 며칠 후에 날벼락이 떨어졌어 겉과 속에 이름 틀렸었나봐 이야이야 이야이야 정말 답답해 짜증이나 어떡해야해 둘다 똑같이 사랑할 순 없는 거 잖아 정말 이러다 둘다 모두 놓칠것 같아 차라리 이럴땐 남자가 되고 싶어
19951001	쿨 (COOL)	작은 기다림	mixed	댄스	15	정세희	최준영	쿨컴퍼니	널 이렇게 보내 줄 수 밖에 없었어 나 후회할 지도 모른 채 끝없이 다가오는 너와의 기억을 난 잊으려고 차마 눈을 감았어 널위해 한번도 눈물 보인적이 없었어 내 눈물이 네게는 아픔인걸 알고 있기에 하지만 이젠 네가 있는 어디에서도 너를 느낄 수 없어 난 슬퍼져 혼자라는 생각 때문에 힘들때면 뒤를 돌아봐 나는 언제나 여기 서 있을게 혼자 가는 길이 힘들어 쉬고싶을땐 나를 한번 생각해봐줘 떠나라는 그말은 하지마 차라리 내가 싫어졌다고 말을해줘 뒤돌아 흘릴 눈물 네 마음을 난 알아 이제는 나도 정말 어쩔 수가 없잖아 아 지금 문득 거리에서 들려오는 예전에 네가 들려주고 불러주던 그 노래 내 기억속에 언제나 가장 아름다운 너를 나에게서 지울 수가 없었어 서로를 위해 우린 잠시 멀리 떨어져 있는거라 말해도 잊을 수가 없을테니까 지금 떨리는 내 마음을 너는 잘 알고 있을거야 그래서 난 슬퍼져 혼자라는 생각때문에 힘들때면 네 뒤를 돌아봐 나는 언제나 여기 서 있을게 혼자 가는 길이 힘들어 쉬고 싶을땐 나를 한번 생각해봐 언제까지 너와 함께 있으니 그리운 추억에 힘들때면 네 뒤를 돌아봐 나는 언제나 여기 서 있을게 혼자 가는 길이 힘들어 쉬고 싶을땐 나를 한번 생각해봐줘
199901	쿨 (COOL)	미절 (Misery)	mixed	댄스	5	이승호	박해운	쿨컴퍼니	누가 좀 나를 도와 주세요 제발 한번만 날 살려주세요 이러다가 정말로 제 명에 죽지 못할것 같아요 내가 어디있는지 내가무엇을 하고있든지 나의 여자친구는 어떻게 알고 귀신같이 나타나 보고싶어 그랬어 너를 너무 사랑하니까 함께 있고 싶은데 그런 적이 없잖아 착각하지 좀마 우린 그냥 사귀는 친구일 뿐이잖아 물론 친구보다 조금은 더 특별한 사인건 인정해 사랑이라는 건 소유할 수 없는데 왜 나를 괴롭혀 괴로워 하는 니가 더 오히려 이상해 미저리 미저리 무서워 내 청춘을 돌리도 내 미래를 뚫어줘요 전생에 무슨죄로 이렇게 너를 만나 고생바가지야 오리아리 알라리 알라리요 조금만 나와 연락 안돼도 발칵 세상이 난리가 나지요 우리집의 가족들 내 친구 모두 그녀가 통화해 너무한다 싶어서 한번 이렇게 또 물어보았죠 뭐가 되고 싶냐고 그녀의 대답 나의 그림자래요 알고 있어 니맘을 이런 내가 귀찮아지는 걸 하지만 어쩔 수 없어 너를 버릴 순 없어 싹뚝 끊어버려 가위처럼 어긋난 우리의 인연들을 싹뚝 끊어버려 우리 처음 만났던 시간을 모두 다 자유 그것까진 바라지도 않을게 잠만 좀 재워줘 그러지 말고 모든걸 업보라 생각해 도와줘요 살려줘요 사는게 사는게 아니예요 그녀 괴롭힘에 친구들도 이제는 연락조차 안해요 정말 이리저리 뛰어봤자 그녀의 손바닥 안인걸 언젠가 알게 될거야 힘든 내 사랑을
199804	쿨 (COOL)	또자-쿨쿨	mixed	댄스	44	한경혜	박해운	쿨컴퍼니	우리 모두 쿨 우리 같이 쿨 다 같이 예 예 오늘도 늦은 너 나와 약속에 온갖 변명 다 해도 이유를 아는걸 잠을 많이 자야만 미인 된다고 도대체 넌 얼마나 예뻐질 건지 난 미인이란 이목구비 상관없어 했지 진짜 미인이란 마음 곱고 피부 고운 거야 잠을 많이 자야 모공 수축이 되고 피부가 고와져야 예뻐진당께 정말 말도 안돼 해도 이건 너무해 하루를 모두 잠을 자도 너에겐 모자라 오예 쿨 오예 쿨 잠만 자니 틈만나면 언제나 아니야 아니야 아니었어 나는 잠시 생각한 거야 오늘도 기다려 너와 약속에 삼십 분은 어느새 기본이 되고 어쩌다가 딱 한번 내가 늦으면 약속이란 지켜야 하는거라고 넌 잠 많은게 언제나 큰 문젯거리 였지 약속 시간만은 지켜야지 매번 지각 너를 계속해서 만나야 할지 고민됐어 널 집 앞에서 깨워도 다 온줄도 몰라 정말 말도 안돼 해도 이건 너무해 하루를 모두 잠을 자도 너에겐 모자라 오예 쿨 오예 쿨 잠만 자니 틈만 나면 언제나 아니야 아니야 아니었어 나는 잠시 생각한 거야 즐거웠었지 널 기다리는게 이제 끝났어 내 인내심은 나는 변했어 니가 만든 이별 또 자 오예 쿨 오예 쿨 잠만 자니 틈만나면 언제나 아니야 아니야 아니었어 나는 잠시 생각한 거야
19961101	쿨 (COOL)	루시퍼의 변명	mixed	댄스	35	장경아	박정원	쿨컴퍼니	떼어낼 수 없었어 껌처럼 달라붙은 내안의 욕망 자기과시 예 잘난 사람속에서 난 나를 지켜야 했어 그래서 남은 건 본능이야 멋대로 내버려둬 누구도 상관없어 지금 여기에 가득차 있는 자기 혼자만의 관념들 두려움 따윈 없어 더 이상 그 무엇도 누구를 탓할 기준은 없어 그건 나의 선택일뿐 배신은 성공의 다른 이름 양심의 가책은 없겠지 니가 내 위에 설 순 없어 나를 욕하지마 가난함 앞에서는 사랑도 무가치 하다고 쇼윈도 위에 진열하듯 너 자신을 걸어 TV에서도 말하지 지루한 상식을 벗어나 남의 애인이라 해도 내 맘에 들어오면 멋대로 내버려둬 누구도 상관없어 지금 여기에 가득차 있는 자기 혼자만의 관념들 두려움 따윈 없어 더 이상 그 무엇도 누구를 탓할 기준은 없어 그건 나의 선택일뿐 떼어낼 수 없었어 껌처럼 달라붙은 내안의 욕망 자기과시 예 잘난 사람속에서 난 나를 지켜야 했어 그래서 남은 건 본능이야 가난함 앞에서는 사랑도 무가치 하다고 쇼윈도 위에 진열하듯 너 자신을 걸어 TV에서도 말하지 지루한 상식을 벗어나 남의 애인이라 해도 내 맘에 들어오면 멋대로 내버려둬 누구도 상관없어 지금 여기에 가득차 있는 자기 혼자만의 관념들 두려움 따윈 없어 더 이상 그 무엇도 누구를 탓할 기준은 없어 그건 나의 선택일뿐 멋대로 내버려둬 누구도 상관없어 잘해왔다고 믿어온 그대 후회 따윈 하진 않겠지 이제는 행복한가 그대로 만족한가 혼자 남겨질 미래까지도 그건 너의 선택일뿐
19970701	쿨 (COOL)	송인(送人)	mixed	발라드	31	장대성	박근태	쿨컴퍼니	세상엔 많은 사람이있는걸 알아 하지만 너를 대신 해줄 수 없는걸 알아 이 세상에서 한 사람만 사랑하길 그 역시 나이기를 원했던 네맘 다 알아 널 알고 있어 아무말 하지마 야위어 가는 너의 얼굴을 보면서 눈물만 흘리는 나를 이해해 줘 얼마후엔 너를 먼저 보낼 마지막 내 부탁을 들어줄 수 있니 그곳엔 너와 함께 할 내가 없을테니 조금만 참고 기다려주길 바래 오늘까지만 행복한 것을 난 알아 내일은 니가 없는 세상을 살아야함을 견딜 수 없을 거라고 생각해 널 따라 내가 갈거란 사실을 알면서 화만 내려는 너의 맘을 알아 얼마후엔 너를 먼저 보낼 마지막 내 부탁을 들어줄 수 있니 그곳엔 너와 함께할 내가 없을테니 조금만 참고 기다려주길 바래 자신없어 널 대신 사랑할 사람을 만나야 하는게 난 두려워 내곁에 있는 그 날까지 맘에 없는 말 제발 하지마 나의 뜻대로 할께
19960801	터보	Love Is... (3+3=0)	male	댄스	5	이승호	윤일상	더 터보 컴퍼니	우린 6년 전에 만났지 널 사랑하게 됐어 내 마음을 숨긴 채 널 따라 다녔었지 내 친구는 나를 위해 애썼고 마침내 내 사랑을 3년만에 고백하게 됐어 처음 만났을때 첫눈에 반한다는 그 말을 그때야 알게 되었어 눈이 부시도록 아름다워 너의 눈빛조차 쳐다볼 수 없었지 너를 만나면 아무 말 못하고서 애매한 담배만 피워댔고 너와 헤어지고 나서야 못 다한 말들을 후회 했어 세월 흘러가서 3년 되던 날 나 얼마나 너를 사랑 하는지 그때서야 힘겨운 고백을 했어 아무 대답 없이 앉아만 있던 너 무슨 얘기라도 해주길 바랬어 한참 지난 후에 어렵게 꺼낸 말 너도 나를 좋아한다는 그 말 나를 친구로써 좋아는 하지만 사랑 느낀적은 없다고 영원히 좋은 친구로만 남아 사랑은 하지 말자고 그 말 듣자 마자 군대를 가 버렸던 거야 친구에게 널 맡기고 내 자릴 비웠지 둘은 면회 왔었고 믿었지 그러나 내 친구와 약혼했고 나만 이제 혼자야 다행일지 몰라 이런 일들이 널 맡겨논 가장 친한 친구가 네게 생긴 새로운 사랑 이란게 혹시 다른 남자 사랑을 했다면 다신 너를 볼 수가 없을 테니까 가장 친한 친구 애인이 됐으니 니가 행복한 걸 볼 수 있잖아 친군 내 앞에서 미안해 하지만 나는 아무렇지 않은 걸 어차피 너의 곁에 남은 채로 너만을 사랑 할테니
19960801	터보	Twist King	male	댄스	1	이승호	주영훈	더 터보 컴퍼니	Let's twist Come on a people on your big Come on a people in the air You know you gotta be your ware You gotta mope You gotta group U no Dost Crass Quai Quai 바바바 Everybody Dance 춤을 춰봐 모든걸 잊고 세상속에 답답했던 일 벗어버려 소리 높여봐 고함을 질러버려 Everybody Dance 세상살이 걱정하지마 음악속에 몸을 맡긴채 트위스트킹 예 가슴이 답답하면 우리처럼 춤을 춰봐 신나게 추는거야 비벼대고 흔들어 대고 마루바닥 비닐장판 운동화든 맨발이든 상관말고 추는거야 리듬속에 몸을 실어 시원하게 바람을 맞았다면 나와 함께 춤을 춰 되는 일이 없다고 투덜 투덜 대지말고 춤을 춰 매일 지친 하루의 두려움 나를 힘겹게 할때면 사랑하는 연인들의 입맞춤보다 더 짜릿한 춤을 춰봐 바바바 Everybody Dance 춤을 춰봐 모든걸 잊고 세상속에 답답했던 일 벗어버려 소리 높여봐 고함을 질러버려 Everybody Dance 세상살이 걱정하지마 음악속에 몸을 맡긴채 트위스트킹 예 Come on a people on your big Come on a people in the air You know you gotta be your ware you gotta mope You gotta group U no Dost Crass Quai Quai 세상이 이 리저리 꼬였다고 열받지마 사랑이 떠났다고 슬퍼하고 노여워마 나처럼 히프 허리 머리 모두 흔들어대고 다같이 좌로 우로 리듬속에 몸을 실어 길을 걷다 음악이 들려오면 무조건 춤을 춰 상관치마 난 이제 누가 뭐라해도 춤을 출거야 매일 지친 하루의 두려움 나를 힘겹게 할때면 사랑하는 연인들의 입맞춤보다 더 짜릿한 춤을 춰봐 바바바 Everybody Dance 춤을 춰봐 모든걸 잊고 세상속에 답답했던 일 벗어버려 소리 높여봐 고함을 질러버려 Everybody Dance 세상살이 걱정하지마 음악 속에 몸을 맡긴채 트위스트킹 Everybody 지금은 음악이 너무 작은 것 같아 볼륨을 찢어지게 높여줘 더덕 더덕 붙어있는 세상의 찌꺼기를 털어내고파 아름다운 세상 사랑 하고 싶어 나처럼 손뼉치며 춤을 춰봐 또 다른 환상이 보여 가슴까지 시원한 춤추는거야 춤추는 우린 모두 다 Twist King 예
19950701	터보	나 어릴 적 꿈	male	댄스	6	이승호	주영훈	더 터보 컴퍼니	워 워워워 워워워 워우워 워워워 워워워  너를 나만에 여자로 만들겠다는 꿈이 생긴거야 어떤 어려움이 있더라도 이룰꺼야  늘 내가 키워왔던 소중했던 내 꿈은 우리 아빠 좋아하던 대통령 음 그 꿈이 나와 같은 친구 있었지만 난 좋아 꿈이 대통령 이었다는게 나에 꿈을 위해 공부 많이 많이 했지 대통령 사진까지 걸어놨지 그런 내가 너를 처음 본 순간 내 꿈은 확 바뀌었어 처음 너를 보는 순간 나는 알게 됐지 내가 찾던 꿈이라는 걸 처음 널 본 그 느낌이 나에 모든 것을 바꾸기에 충분했었지 이젠 나에게 주어진 새로운 꿈만 간직하고 싶어 너를 위해서만 몰두하며 살아가고 싶어 너를 나만에 여자로 만들겠다는 꿈이 생긴거야 어떤 어려움이 있더라도 이룰거야 이룰거야 워 워워워 워워워 워우워 워워워 워워워 워우워 워워워 워워워 워우워 워워워  정말 이제 나는 포기했어 내가 대통령이 되려했던 그 꿈을 온 국민을 책임지는 것보단 한 여자를 책임지는 남자이고 싶어 그래 이런 나를 싱겁다고 생각하지마 이여자는 그 만큼에 가치가 있어 여잔 대단하긴 대단한가봐 확 꿈이 바뀌었으니까 처음 너를 보는 순간 나는 알게 됐지 내가 찾던 꿈이라는 걸 처음 널 본 그 느낌이 나의 모든 것을 바꾸기에 충분했었지 이젠 나에게 주어진 새로운 꿈만 간직하고 싶어 너를 위해서만 몰두하며 살아가고 싶어 너를 나만의 여자로 만들겠다는 꿈이 생긴거야 어떤 어려움이 있더라도 이룰거야 이룰거야 워 워워워 워워워 워우워 워워워 워워워 워우워 워워워 워워워 워우워 워워워
19950701	터보	검은 고양이 네로	male	댄스	8	홍현걸	외국 곡	더 터보 컴퍼니	아찌야 너랑 나랑 결혼할래 응 네살박이 그 꼬마가 내게 청혼했어 정말로 나는 너무너무 우스워서 넌 어려서 안돼 했더니만 글쎄 서럽게도 내팔에 매달려서 엉엉 우는거야 허허 그래서 나는 싹싹빌며 달랬었지 손가락에 엄지로 도장 찍으며 그대는 귀여운 나의 검은 고양이 새빨간 리본이 멋지게 어울려 그러나 어쩌다 토라져 버리면 얄밉게 할퀴어서 마음 상해요 검은 고양이 네로 네로 네로 귀여운 나의 친구는 검은 고양이 검은 고양이 네로 네로 네로 이랬다 저랬다 장난 꾸러기 랄랄랄랄랄랄랄라 담배를 피면 빨리죽지 응 하면서 화내는 산소같은 꼬마 아찌는 내가 하기 나름이야 하면서 애교떠는 여우같은 꼬마 내일부턴 글쎄 유치원에 갔다 매일 휴 놀러오겠다며 나의 신부 흉내내는 꼬마 너무 귀여워서 땁다라 답따 안아 주고파 멋쟁이 그대가 사뿐히 걸어가면 무서운 고양이 뒤따라와요 달콤한 꼬임에 속아서 간다면 후회를 한다해도 나는 몰라요 검은 고양이 네로 네로 네로 귀여운 나의 친구는 검은 고양이 검은 고양이 네로 네로 네로 이랬다 저랬다 장난 꾸러기 검은 고양이 네로 네로 네로 귀여운 나의 친구는 검은 고양이 검은 고양이 네로 네로 네로 이랬다 저랬다 장난꾸러기 랄랄랄랄랄랄랄라 랄랄랄랄 랄랄랄랄 랄랄랄라라라
19960801	터보	어느 째즈바	male	발라드	15	한진우	안정훈	더 터보 컴퍼니	지난 시간들이 다시는 오지 않을 것을 알지만 아직도 너의 기억 그대로 인데 아픈 상처들을 안고서 살아갈순 있지만 지우긴 너무나 힘들어 나는 오늘밤 니 생각에 술 마시고 이 비가 오는 길거릴 나 홀로 방황하고 있다 재작년 이 맘때쯤 너와 함께 언제나 즐거웠던 어느 째즈바에 갔다 너무나 슬픈 음악 선율과 담배 연기 희뿌연 구석 자리로가 앉아 너를 생각한다 이 어둔 조명아래 마치 마치 니가 웃고 앉아있을 듯한 착각을 느낀다 이제 슬퍼하진 않을거야 내 맘 속엔 없으니 시간이 모든것을 해결하겠지 너를 알기 전 나는 항상 혼자였으니 같은 하늘 아래 살면서 서로 외면해야만 하는 우리가 너무 나도 고통스러워 이미 남의 사랑 돼버린 현실속을 나 홀로 쓸쓸히 살아가야해 너와 헤어져 지낸지도 언1년 너 항상 행복하길 축복하며 빌어주고 있다 수많은 어둔밤을 잠 못 이루면서 나 오직 너의 대한 생각 뿐이다 너 또한 나에 대한 지난 아픈 깊은 추억들 마음 깊이 그리워할지 무척 궁금하다 나 이젠 우연인지 필연인지 가끔 널 보더라도 웃어줄 수 있는데 이제 슬퍼하진 않을거야 내 맘속엔 없으니 시간이 모든것을 해결하겠지 너를 알기 전 나는 항상 혼자였으니 같은 하늘 아래 살면서 서로 외면해야만 하는 우리가 너무 나도 고통스러워 이미 남의 사랑 돼버린 현실속을 나 홀로 쓸쓸히 살아가야해 지난 시간들이 다시는 오지 않을 것을 알지만 아직도 너의 기억 그대로 인데 아픈 상처들을 안고서 살아갈순 있지만 지우긴 너무나 힘들어 같은 하늘 아래 살면서 서로 외면해야만 하는
1997	터보	회상 (December)	male	발라드	3	이승호	윤일상	더 터보 컴퍼니	겨울 오면은 우리 둘이서 항상 왔었던 바닷가 시린 바람과 하얀 파도는 예전 그대로였지만 나의 곁에서 재잘거리던 너의 해맑던 그 모습 이젠 찾을 수 없게 되었어 아무도 없는 겨울의 바닷가 너무나 슬퍼 보인다고 우리가 바다 곁에서 친구가 되자고 내 등에 숨어 바람을 피할 때 네 작은 기도를 들었지 언제나 너의 곁에 우리 항상 함께 해달라고 거친 파도가 나에게 물었지 왜 혼자만 온거냐고 넌 어딜갔냐고 보이지 않니 나의 뒤에 숨어서 바람을 피해 잠을 자고 있잖아 따뜻한 햇살 내려오면 깰거야 조금만 기다려 다시는 너를 볼수 없을거라는 얘기를 차마 할순 없었어 하지만 나도 몰래 흘린 눈물 들킨거야 그녈 절대로 찾을 수 없다고 나를 스쳐갔던 바람이 말했나봐 어딜가도 그녀 모습 볼수가 없다고 내게 말했나봐 어디가냐고 말을 하라고 자꾸만 재촉하던 바닷가 결국엔 나처럼 눈물이 되고야 말았어 하얗게 내린 바다의 눈물로 니 모습 만들어 그 곁에서 누워 니 이름을 불러 봤어 혹시 너 볼까봐 녹아 버릴까 걱정이 됐나봐 햇살을 가린 구름 떠나지 않잖아 너 없는 바다 눈물로만 살겠지 거칠은 파도 나를 원망하면서 너없이 혼자 찾아오지 말라고 널 데려오라고 니 모습 볼 수 없다해도 난 알아 내 볼에 닿은 하얀 함박눈 촉촉한 너의 입맞춤과 눈물이라는 걸 그녈 절대로 찾을 수 없다고 나를 스쳐갔던 바람이 말했나봐 어딜가도 그녀 모습 볼수가 없다고 내게 말했나봐 어디가냐고 말을 하라고 자꾸만 재촉하던 바닷가 결국엔 나처럼 눈물이 되고야 말았어 니 모습 볼 수 없다해도 난 알아 내 볼에 닿은 하얀 함박눈 촉촉한 너의 입맞춤과 눈물이라는 걸
1997	터보	Good Bye Yesterday	male	댄스	2	이승호	주영훈	더 터보 컴퍼니	나나나 나 나나나나나나 나나나 나 나나나나나나 나나나 나 나나나나나나 나 나 나나 나 나나나나나 항상 사랑이라 생각하지도 않았고 나도 모르게 생긴 기다림이었어 니가 잠시 다녀갔던 그 자리가 이젠 너무 허전한 느낌 뿐이었던 거야 아마 너무 많은 사랑을 해봐서 섣불리 널 잡기 싫었나봐 너의 나는 모습을 바라보다가 널 아주 멀리 날아 보낸 것 같아 그랬나봐 너를 사랑했나봐 이제와 혼자 남을줄은 정말로 난 몰랐었어 사랑인걸 너는 너무나 작고 예뻤지 항상 자유롭게 날아다니길 원했었지 가끔 나를 찾아왔다 다시 떠나가는 너를 아쉬움속에 기다렸지 니가 졸업을 하던 겨울날 너에 기다림이 너무 길어져 찾아갔지 너의 안부 묻는 내게 너는 얘기했지 어떤 남자와 결혼을 한다고 그랬나봐 너를 사랑했나봐 처음이야 이런 비참한 기분 이제와 혼자 남을줄은 정말로 난 몰랐었어 사랑인걸 언제까지나 어린 니 모습 항상 변치 않고 그대로이길 바랬나봐 가끔 지쳐 내게 와선 괜히 보채다가 기대어 잠든 널 기다렸나봐 그랬나봐 너를 사랑했나봐 처음이야 이런 비참한 기분 이제와 혼자 남을줄은 정말로 난 몰랐었어 사랑인걸 나나나 나 나나나나나나 나나나 나 나나나나나나 나나나 나 나나나나나나 나 나 나나 나 나나나나나
19950701	터보	선택	male	댄스	11	한진우	주영훈	더 터보 컴퍼니	달라질게 없어 우린 헤어짐이 나을거야 하지만 이미 초라한 내 모습이 싫어 무엇일까 나는 네게 그저 친구일 뿐 이었어 나에게 남아 있는 건 또 다른 아쉬움 그래 우연히 카페에서 널 봤어 낯익은 얼굴이 낯설지가 않아 따가웠던 시선에서 무엇인가 통하는 것 같아 얘길 했어 너의 취미 혈액형 내 스타일과 사는 동네까지 집 전화번호 삐삐 번호와 내 맘까지 다 매일매일 만났지 그렇지만 너는 진실한 적 없어 이젠 알 것 같아 너와 나는 너무도 아무 의미없는 시간 속을 지나왔어 달라질게 없어 우린 헤어짐이 나을거야 하지만 이미 초라한 내 모습이 싫어 무엇일까 나는 네게 그저 친구일 뿐 이었어 나에게 남아 있는 건 또 다른 아쉬움 음악이 있는 내방 한 구석에 놓여있는 너의 사진 아마 지난 여름이었을 거야 너와 내가 다정했던 때가 하지만 지금 난 혼자 넌 내 곁에 없어 널 보고싶어 전화하고 싶지만 이젠 참아야만해 매일매일 만났지 그렇지만 너는 진실한 적 없어 이젠 알 것 같아 너와 나는 너무도 아무의미 없는 시간속을 지나왔어 달라질게 없어 우린 헤어짐이 나을거야 하지만 이미 초라한 내 모습이 싫어 무엇일까 나는 네게 그저 친구일 뿐이었어 나에게 남아 있는건 또 다른 아쉬움
19960801	터보	생일 축하곡 (Acid House Remix)	male	댄스	0	NULL	NULL	더 터보 컴퍼니	Happy Happy birthday Happy Happy birthday birthday Party birthday Party Happy Happy birthday Happy Happy birthday Happy birthday to you Happy birthday to you Happy birthday to you Happy birthday to you Happy birthday to my friend Happy birthday to you Happy birthday to you Happy birthday to you Happy birthday to my friend Happy birthday to you Happy birthday to you Happy birthday to you Happy birthday to my friend Happy birthday to you Happy birthday to you Happy birthday to you Happy birthday to my friend Happy birthday to you
1997	터보	금지된 장난	male	댄스	0	이승호	윤일상	더 터보 컴퍼니	넌 나의 친구였지 이젠 너를 버린 거야 너의 여자친구조차 내가 뺏어 버렸었던 거야 아니 이럴 수가 있느냐고 말도 되지 않는 얘기라고 내 얘길 한번 들어본다면 잘했다고 할걸 어느날 너의 여자 내게 도와 달라고 울며 찾아온 거야 요즘 니가 분명히 달라진게 바람난 것 같다고 이러다 너를 잃을 것만 같은 불안에 어쩔줄 몰라하는 그녀 모습 세상을 끝낼 것만 같아 보였어 위험했던 그녀의 부탁을 차마 난 냉정하게 거절하지 못했어 너를 위해 금지된 장난 저질러 버렸어 니가 보라고 우린 마치 사랑하는 연인처럼 하고 다녔어 우연인 듯이 니가 있는 곳은 어디든지 찾아간 거야 그녀 곁에서 애인처럼 함께 있는 날 보게 된다면 예전처럼 그녀의 사랑으로 돌아올 테니 맨날 맨날 니가 있는 곳이라면 늘 애인처럼 우린 함께 다녔었지 눈 뒤집히는 장면 연출하기 위해서 더 다정스러운 척 했었지 날이 가도 너의 반응은 없었던 거야 오히려 너희 둘은 점점 멀어져만 갔는데 어느 날이었던가 넌 내게 전화해서는 마른 하늘에 날벼락 같은 소릴한 거야 까무러칠 얘길 넌 한 거야 미쳤어 니 여자를 내게 부탁한다며 그녀 곁에 내 모습 보니 잘된 것 같다고 처음부터 넌 그녀에게 사랑이란 느낌 따윈 없었던 거야 그런 너에게 이별없는 사랑 기대하고 믿었던 그녀 지금까지도 어떻게든 너를 다시 찾으려 하지만 이젠 내가 그녀를 지킬 거야 내 사랑으로 맨날 맨날 니가 남긴 상처땜에 난 내 모든걸 그녀에게 바쳐버릴 거야 더이상 가슴 저린 상처 없는 사랑 난 만들어서 그녀에게 바쳐버릴 거야
19981101	터보	애인이 생겼어요	male	댄스	1	이승호	윤일상	더 터보 컴퍼니	Yeah My Found My True Love This Is The Story 왜 너만 보면 가슴이 콩닥콩닥 거릴까 왜 너만 보면 입술이 바싹바싹 마를까 왜 너만 보면 다리가 비틀비틀 거릴까 나 아무래도 너에게 빠졌나봐 니 곁에만 있으면 가슴이 마구 떨려 오는 걸 아무리 태연한 척 하려해 봐도 안절 부절인 걸 나를 아는 친구들 이상한 눈초리로 나를 봐 한번도 여자 앞에 이런 내모습 본적 없으니까 어쩌다 너와 눈빛이라도 마주칠때면 난 쑥스러워 피해 버렸고 네 향기로운 머리결 스칠때면 어쩔줄 몰랐지 이렇게 달라질 수 있을까 완전히 다른 사람처럼 하지만 나도 몰라 이런 내 모습 너무 행복한걸 이제야 나의 짝을 만나게 됐어 나 그동안 만났던 사람 진정한 사랑이 아닌듯 이제야 만나게 됐어 나의 진정한 사랑을 그 누가 무슨말을 내게 한다 해도 이제 넌 나의 짝이됐고 이런 우릴 인정하지 않는 다면 의절이야 너무 보고 싶어서 너 없는 아침이 난 싫었지 하지만 요즘엔 괜찮아 꿈에도 너를 만나니까 가끔 너를 못 봐도 이 만큼 참아 낼 수 있는건 이제는 눈 감아도 항상 니모습 볼 수 있으니까 처음엔 나보다는 너를 더 걱정했었지 또 금방 너를 떠날지몰라 그런데 날이 가면 갈수록 왜 그런지 내가 더 심각해 이렇게 달라질 수 있을까 완전히 다른 사람처럼 하지만 나도 몰라 이런 내 모습 너무 행복한걸 이렇게 달라져도 괜찮아 그 누가 어떤말을 해도 언제나 너만 생각하고 너만을 바라보고 싶어 내가 네 마지막이 될것 같아 널 생각하면 입가엔 히죽히죽 미소가 널 생각하면 온몸엔 삐질삐질 땀이나 널 생각하면 세상이 모두 내 것만 같아 널 생각하지 않을께 너를 보고 있을래
19981101	터보	X (The Greatest Love)	male	댄스	4	이승호	윤일상	더 터보 컴퍼니	정말 꿈만 같은 운명 같은 그녀를 발견하게 되었지만 좀처럼 다가갈수 없는 그녀의 도도함에 용기 잃은 내 마음 어떻게든 함께 할 수 없나 고민만 하고 있었던 내가 결국 그녀의 단짝 친구인 너를 선택하게 되었잖아 Oh My Love 굿바이 굿바이 그땐 정말 어쩔 도리가 없었어 사랑하면서도 다가갈 수 없는 못난 용기 때문에 이럴 수 밖에 없는 나의 간절함을 그때 넌 몰랐어 난 결국 그녀의 친구인 널 선택해야만 했으니 정말 꿈만 같았어 그녀 나와 함께 마주 앉아 있다는 것이 아직 너는 내가 사랑인줄 알고 내 곁에 있지만 너무나 안타까웠어 내 앞에 그녈 두고도 사랑을 감춰야만 한다는 것이 차라리 말해버릴까 몇번을 망설였지만 그냥 또 그댈 보내 버리고 말았어 너도 그녀도 내 자신마저도 속여왔었던 또 거짓이었던 내 사랑을 넌 아무 불만없이 끝없이 내 곁을 지켜주었지 궁금했던 그녀 모든 얘길 끝없이 채워주는 너를 내 이기적인 욕심으로 편하게만 대해왔어 Oh My Love 굿바이 굿바이 너와 나 단둘이 만나게 된 그 날 한번도 그런적 없었던 탓인지 왠지 어색했었어 하지만 너는 내게 그녀 올 수 없는 이유를 말했고 오히려 내게 미안하다며 슬픈 미소를 보였지 예전처럼 그날도 너의 얘기속에 모두 그녀에 관한 것 뿐 왠지 그 날 따라 그런 니 모습 날 화나게 한거야 왜 나를 사랑하냐고 아직 날 모르겠냐고 오히려 화를 내는 내게 말했지 이럴수 밖에 없는 건 그녀가 없어진다면 너와 나 이별될까 두려웠었다고 이제 서야 알게 됐어 내가 바랬던 사랑을 내가 원한 사랑보다 더 큰 그녀의 사랑을 숨겨왔던 눈물만큼 더 아픈 그녀의 사랑을 이제 서야 찾게 됐어 내가 기다린 사랑을
19981101	터보	White Love (스키장에서)	male	댄스	0	이승호	주영훈	더 터보 컴퍼니	하늘을 봐 하얗게 눈이 내려와 하얀 함박눈이 나비가 날아다니듯 하얀 눈꽃송이 세상이 온통 하얗게 옷을 갈아입고 있어 널 처음으로 함박눈이 내리던 하얀 스키장에서 우연하게 만났어 그래서 너와 난 눈이오는 이 겨울이 너무나도 특별해서 오 그대보다 눈처럼 맑은 너의 눈과 깨끗한 네 맘이 좋아 이런 내 맘을 모르는 너에게 이런 내 사랑을 말할거야 말을 해야지 항상 변함없을 우리 사랑을 만들거야 Oh my love 하얀 눈꽃처럼 아름답게 꼬마 눈사람 만들어서 우리 이름을 써놓고 혹시 녹아서 없어진대도 널 사랑 할꺼라고 하늘을 봐 하얗게 눈이 내려와 하얀 함박눈이 나비가 날아다니듯 하얀 눈꽃송이 세상이 온통 하얗게 옷을 갈아입고 있어 아름다워 오늘은 말을 해야지 하얀 눈을 보며 눈처럼 깨끗한 사랑 영원할거라고 눈처럼 순수한 사랑 White love oh forever 넌 스킬 너무 너무 잘타 just my best to only be with ya 넘어지고 뒹구는 내 모습이 싫어 Except for skiing I'd do anything for ya 더운 여름 오면 뭐든 자신 있어 UH What's up Gonna show you What's up 한가지만 빼고 수상스킨 더욱 싫어 It be hard to be your lover your lover and no other 꼬마 눈사람 만들어서 우리 이름을 써놓고 혹시 녹아서 없어진대도 널 사랑 할꺼라고 하늘을 봐 하얗게 눈이 내려와 하얀 함박눈이 나비가 날아다니듯 하얀 눈꽃송이 세상이 온통 하얗게 옷을 갈아입고 있어 아름다워 오늘은 말을 해야지 하얀 눈을 보며 눈처럼 깨끗한 사랑 영원할거라고 눈처럼 순수한 사랑 White love oh forever 기억해야해 White love oh forever
19960801	터보	상처	male	댄스	0	한진우	유정연	더 터보 컴퍼니	왠일로 술잔을 계속 비워 너는 취해서 고백했어 저 빨개진 두 볼 사이에 흐르는 눈물을 봤어 옛 남자 친구에게 상처받은 거야 넌 지금 누군가가 필요해 저 넓고 넓은 세상 의지하며 살아갈 진실한 누군가가 필요해 눈물 흘리는 모습 나의 마음 아팠어 아직도 너를 잊지를 못하고 있잖아 한숨 지우는 모습 너무 힘없이 보여 누굴 위해서 그러는지 알 수 없잖아 그 남잘 사랑한 적 없다며 애써 눈물 감춘 너 나의 느낌으로 잊지 못한걸 알아 상처받은 너의 그 마음을 이해할 수 있어 날 위해 지난 일 깨끗이 잊어 세상엔 상대방과 자기 자신까지도 물론 하나같이 속일 수 있는 것과 없는 것들이 있다 바로 눈빛이 그러하다 너의 눈빛이 그렇잖아 내게 사랑을 기대하는 그 눈빛에 솔직한 너의 맘을 내게 기댄 니 모습 왠지 지쳐 보였지 하지만 내가 누구보다 힘이 돼줄게 그 남잘 사랑한 적 없다며 애써 눈물 감춘 너 나의 느낌으로 잊지 못한걸 알아 상처받은 너의 그 마음을 이해할 수 있어 날 위해 지난 일 깨끗이 잊어 이젠 아무 조건도 어떤 이유 과거도 지금 우리에게 필요치 않아 나는 남자로써 모든 것을 널 위해서라면 이해할 수 있어 영원히 널 사랑할거야 그 남잘 사랑한 적 없다며 애써 눈물 감춘 너 나의 느낌으로 잊지 못한걸 알아 상처받은 너의 그 마음을 이해할 수 있어 날 위해 지난 일 깨끗이 잊어
199503	R.ef	이별 공식	male	댄스	4	윤성희	홍재선	팀 엔터테인먼트	이별 장면에선 항상 비가 오지 열대 우림 기후 속에 살고 있나 긴밤 외로움과 가을 또 추억은 왜 늘 붙어다녀 무슨 공식이야 떠난 그 사람을 계속 그리면서 눈물 흐르지만 행복 빌어준대 그런 천사표가 요즘 어디있어 설마 옛날에도 말만 그랬겠지 나는 잘 이해가 안돼 그 방법조차 불만이라고 생각해 사랑을 하고 또 멀어지는 그런 느낌까지 틀에 박혀있는거야 서로 모두 공감할 수 있는 얘기를 할 필요는 없는거라 생각을해 저마다 감정은 다 다른거니까 각자 나름대로 사는거야 햇빛 눈이 부신 날에 이별 해봤니 비오는 날 보다 더 심해 작은 표정까지 숨길 수가 없잖아 흔한 이별 노래들론 표현이 안돼 너를 잃어버린 내 느낌은 그런데 들으면 왜 눈물이 날까 나는 잘 이해가 안돼 그런 방법조차 불만이라고 생각해 사랑을 하고 또 멀어지는 그런 느낌까지 틀에 박혀있는거야 서로 모두 공감할 수 있는 얘기를 할 필요는 없는거라 생각을해 저마다 감정은 다 다른거니까 각자 나름대로 사는거야 햇빛 눈이 부신 날에 이별 해봤니 비오는 날 보다 더 심해 작은 표정까지 숨길 수가 없잖아 흔한 이별 노래들론 표현이 안돼 너를 잃어버린 내 느낌은 그런데 들으면 왜 눈물이 날까 햇빛 눈이 부신 날에 이별 해봤니 비오는 날 보다 더 심해 작은 표정까지 숨길 수가 없잖아 흔한 이별 노래들론 표현이 안돼 너를 잃어버린 내 느낌은 그런데 들으면 왜 눈물이 날까 흔한 이별 노래들론 표현이 안돼 너를 잃어버린 내 느낌은 그런데 들으면 왜 눈물이 날까
199503	R.ef	상심	male	댄스	9	홍재선	홍재선	팀 엔터테인먼트	사랑했던 나의 마음속에 작은꿈 하나만을 남겨두고 너무쉽게 나를 떠나버린 너를 이제는 이해하려해 두번 다시 난 그 누구도 사랑 할 수는 없을거야 익숙해져가는 슬픔속에 갇혀버린 내 모습 언젠가는 다시 볼 수 있겠지 슬픔속에 우리 지난 추억이 지워지기전에 너를 기다린다는 그 어떤 약속의 말도 내마음을 위로하기엔 너무 힘겨운 나날들 사랑했던 나의 마음속에 작은꿈 하나만을 남겨두고 너무쉽게 나를 떠나버린 너를 이제는 이해하려해 두번 다시 난 그 누구도 사랑 할 수는 없을거야 익숙해져가는 슬픔속에 갇혀버린 내 모습 널 이대로 보내야만 하는지 아무 말도 없는 바닷가에서 잊으려하지만 나의 하얗던 꿈에 그려진 수많은 너를 숨이 멈춰 생이 끝날때까지 내맘에 영원히 사랑했던 나의 마음속에 작은꿈 하나만을 남겨두고 너무쉽게 나를 떠나버린 너를 이제는 이해하려해 두번 다시 난 그 누구도 사랑 할 수는 없을거야 익숙해져가는 슬픔속에 갇혀버린 내 모습 사랑했던 나의 마음속에 작은꿈 하나만을 남겨두고 너무쉽게 나를 떠나버린 너를 이제는 이해하려해 두번 다시 난 그 누구도 사랑 할 수는 없을거야 익숙해져가는 슬픔속에 갇혀버린 내 모습
199503	R.ef	고요속의 외침	male	댄스	3	홍재선	홍재선	팀 엔터테인먼트	더 이상 나에게 너만을 강요하지는 말아줘 서둘러 가야할 이별에 눈물은 장애가 될뿐야 때로는 적당히 자신을 속이며 만나왔지만 솔직히 이제는 너를 떠나겠어 떠나겠어 내곁에 맴도는 약속된 슬픔은 숙제로 남겨버리고서 또 다른 만남에 충실하려는 외침 그 외침은 내 맘속에 고요함을 깨뜨리고 널 두고 난 떠나네 운명처럼 받아들인 헤어짐이 눈물로 그래 쉬운일이 아니란걸 알아 너를 떠난다는 그런 사실조차 나는 도저히 믿어지지 않겠지만 잘못된 만남이 힘들었지 어느 누구도 나만큼 너를 사랑할 수 없을거라 말을 했었지만 지금은 달라 모든게 변했어 어느 순간부터 내곁에 맴도는 약속된 슬픔은 숙제로 남겨버리고서 또 다른 만남에 충실하려는 외침 그 외침은 내 맘속에 고요함을 깨뜨리고 널 두고 난 떠나네 운명처럼 받아들인 헤어짐이 눈물로 내 맘속에 고요함을 깨뜨리고 널 두고 난 떠나네 운명처럼 받아들인 헤어짐이 눈물로 내 맘속에 고요함을 깨뜨리고 널 두고 난 떠나네 운명처럼 받아들인 헤어짐이 눈물로 흐르는 눈물로
199604	R.ef	찬란한 사랑 (상심II)	male	댄스	4	홍재선	홍재선	팀 엔터테인먼트	너에게 아무런 도움이 되지 못했어 내가 내 불행마저 감당할 수 없는데 그냥 너를 좋아한 시작부터가 잘못이었다고 후회하고 있을 뿐이야 그래서 떠나는거야 잠시 먼 여행을 떠나 너에게 돌아오고 싶은 내 의지마저 억누르면서 그냥 널 잊어보는거야 한참 후 네가 날 잊을때 쯤에 난 너의 등뒤에 편지를 쓰겠지 부칠수도 읽을수도 없는 눈물로쓴 편지들을 먼 훗날 내 죽음 같은 사랑을 느꼈을 때 내이름을 불러줘 얼마 살지 못할 내 기억의 생명을 다시 살릴 수 있게  수북한 나의 그리움들 우 담을 수 없게된 작은 마음을 탓하지 마라 널 떠날 수 밖에 없는 내 마음 날 보내 주겠니 너하나 만으로 아름다웠던 수 많은 기억 속으로 가서 날 찾아와도 널 껴안아 줄 수 없어 난 힘이 없어 슬픔보다도 더 깊은 추억이 있어 너에게 다시 만날 약속이 없어도 언제나 눈물은 짓지마 한번 더 사랑이란 이 쓴약에 빠져들잖아 하지만 하고 싶다면 다 이룰 수 없는 사랑에 너는 쓰러지지 않도록 찬란한 사랑에 눈이 멀어야 하지  뭘 그렇게 생각하는 거니 나의 불행마저 사랑할수 있다는 것은 나의 짐이 무거워 지는거야 생각해봐 추억은 길들여진 환상일 뿐 현실속에 나를 이해하고 이젠 멀리 멀리 떠나줘  슬픔보다도 더 깊은 추억이 있어 너에게 다시 만날 약속이 없어도 언제나 눈물은 짓지마 한번 더 사랑이란 이 쓴약에 빠져들잖아 하지만 하고 싶다면 다 이룰 수 없는 사랑에 너는 쓰러지지 않도록 찬란한 사랑에 눈이 멀어야 하지 너는 쓰러지지 않도록 찬란한 사랑에 눈이 멀어야 하지
19980501	R.ef	귀머거리 하늘	male	댄스	18	이승호	윤일상	팀 엔터테인먼트	그토록 사랑한 그녀가 떠난 후 하늘은 그녈 내게 보여주곤 해 너무나 예쁜 그 모습 예전의 목소리까지 항상 원할때면 만날 수 있어 너무나 멀어서 만질 수 없으니 안개와 함께라도 내려오라고 햇살에 사라질 안개 너무나 짧은 것 같아 저기 산에 닿은 구름이라도 하늘아 들리지 않니 간절한 내 기도소리 모습만 보이지 말고 한 번만 안을순 없는지 하늘아 제발 도와줘 그녀가 올 수 없다면 나라도 그녀에게 갈 수 있도록 먼하늘 네 모습 바라만 보다가 가슴이 메어와서 눈을 감았어 여전한 너의 목소리 더이상 들을수 없게 나의 눈물들이 내 귀를 채워 들리지 않는가봐 그토록 너의 모습 보여주던 하늘이 내얘긴 들리지 않는가봐 널 보내달라 그렇게 소리 쳤지만 발 밑에 떠있는 안개는 너에게 못 가게 길마저 가려 버렸어 니 목소리 들리지 않게 내 귀속에 눈물만 채우고 있어 비라도 내리면 하늘을 가려서 니 모습 볼수 없을것만 같았지 하지만 비에 젖어도 씻을수 없는게 있어 너와 함께 했던 빗속의 추억 하늘아 들리지 않니 간절한 내 기도 소리 그녀를 데려갔으면 추억도 가져갈 순 없니 하늘아 제발 도와줘 나에게 남은 사랑도 모두다 그녀에게 보낼 수 있게
1997	R.ef	심연(深淵)	male	댄스	9	3534	홍재선	팀 엔터테인먼트	너의 기억 깨져버려 너의 기억 지나가버려 나의 기억 기억에서 말이야 지워져 버리라는 말이야 내가 하고 싶은 말이야 하지만 그렇게 마음대로 안되는 이유는 뭐야 너야 바로 너야 Ah! 뭔데 니가뭔데 날 이리도 혼란스럽게 만들어 버리는데 내가 널 포기할순 없는건데 그런건데 너 나쁜-- 야 넌 정말 안되겠다 널 이해 못하겠다 난 너를 끝까지 잊을 수는 없을것 같다 하지만 한번만 볼수있게만 된다면 그렇게만 된다면 난 너를 볼수는 있지만 너를 그대로 보내야만 된다는 그런 생각에 너를 놓아버릴 수 밖에 없-어 난 네맘을 바꿀 자신이 없어 나아안 이제야 나를 알겠어 BABY 사랑한 너의 모습 떠났고 말없이 두뺨에는 눈물이 너없이 살수 없다 느꼈어 이제 난 어떻해야 해 가슴이 아파 견딜수 없어 눈감고 너의 이름 불러봤지만 이렇게 가슴속이 메어와 울어도 넌 돌아오겠니  with all do repect we are back again bustin out with more rhyme than you expect without pain(pain) you can't gain(gain) and everything(thing) goes down the drain 내겐 너 하나밖에 없었는데 쉽게 널 놓치고 싶지 않았는데 내곁을 훌쩍 떠나버린 넌 내게 심적 부담을 줬어 그걸 알아 너는 몰라 너를 사랑한 내맘의 크기를 너는 몰라 만약 네가 알았다면 너는 나를 떠나지도 않았을 테니까 사랑한 너의 모습 떠났고 말없이 두뺨에는 눈물이 너없이 살수 없다 느꼈어 이제 난 어떻해야 해 가슴이 아파 견딜수 없어 눈감고 너의 이름 불러봤지만 이렇게 가슴속이 메어와 울어도 넌 돌아오겠니 너무 힘들어 너없이 살아가기란 너없이 아무것도 가진것도 없이 살아가기란 너의 맘은 편한지 날 두고 가버린 네가 그렇게 가고나면 모두 잊을수는 있는지 난 그렇체 못한체 미련을 버리지 못한채 이렇게 네게 벗어나지 못한채 너만을 생각을 하고 있을 뿐인데 그래 어서 나를 불러봐 내가 필요하다고 어서 불러봐 내겐 네가 필요한데 네겐 내가 불필요한지 왜그런지 그 이유를 내게 어서 말해봐 말할 필요조차 없는지 말하고 싶지 않은지 네 입이 떨어지질 않는지 대체 뭔지 내 마음을 너는 아는지 ah- ah- 떠나면 나는 어떻해야 해
199604	R.ef	마음속을 걸어가	male	댄스	36	홍재선	홍재선	팀 엔터테인먼트	넌 지금 어딨는지 난 중요치 않아 누구와 함께 있는것이 중요해 나 아닌 다른 사람을 알고 만나고 있는 것은 아닐까 이렇게 헤어진 우리 지금 모습이 먼 훗날 빛바랜 흔적속에서 천천히 살아날 추억을 벌써 느끼고 있는거야 널 잊어가는 방법까지는 나를 울리지 않아 다만 자꾸 떠오르는 너의 얼굴은 지울수가 없어 한다발 추억 속에 너는 오랫동안 나를 뭉클하게 하지만 어울리지 않는 헤어짐이 나를 슬픔속에 머물게 했어 되돌아가고 싶은 길목에서 너의 마음속을 모두 걸어가네 너 하나만을 위한다면서  떠나버린 나의 반쪽 찾아가고파 어디에서 무슨 생각을 하고 살고 있을까 알 수 없는 너의 맘 속 산책한다면 난 할 수 있어 니가 원하는건 무엇이든지 널 잊어가는 방법까지는 나를 울리지 않아 다만 자꾸 떠오르는 너의 얼굴은 지울수가 없어 한다발 추억 속에 너는 오랫동안 나를 뭉클하게 하지만 어울리지 않는 헤어짐이 나를 슬픔속에 머물게 했어 되돌아 가고 싶은 길목에서 너의 마음 속을 모두 걸어가네 너 하나만을 위한다면서 되돌아 가고 싶은 길목에서 너의 마음 속을 모두 걸어가네 너 하나만을 위한다면서 너 하나만을 위한다면서 너 하나만을 위한다면서
199604	R.ef	Jazz	male	발라드	0	홍재선	홍재선	팀 엔터테인먼트	둘이서 함께 꾸는 꿈 음악도 표현 못했던 그 누구도 알 수 없는 상처 담배를 피워보다 희미한 연기속에 그려진 기억의 조각들 속으로 나의 눈물어린 콧노래 재즈밴드속으로 섞여 희미해져갈때 또 난 깊은 시름속으로 스며들어 갈까봐 애써 웃어보아도 공허만 커졌나 돌아봐 내 자신만을 둘이서 함께 꾸었던 꿈들을 버리고  빗속을 함께 걸었지 음악도 필요없었어 이렇게 꿈속에 머문 상처 담배를 피워보다 희미한 연기속에 그려진 기억의 조각들 속으로 나의 눈물어린 콧노래 재즈밴드 속으로 섞여 희미해져 갈때 또 난 깊은 시름 속으로 스며들어 갈까봐 애써 웃어보아도 공허만 커졌나 돌아봐 내 자신만을 둘이서 함께 꾸었던 꿈들을 버리고
19980501	R.ef	Never Ending Story	male	댄스	8	이승호	윤일상	팀 엔터테인먼트	여기저기 하루종일 너를 찾아 헤매어 봐도 니 모습 간데없고 추억들만 나를 반겼어 이렇게 언제까지 견딜지는 모르겠지만 자꾸 무거워만 가는 나의 힘든 발걸음 이제는 모든걸 끝내고 싶어 찾을 수 없는 널 찾는 헤매임 막연한 기다림,끝없는 방황을 이제는 지쳤어 끝내 버릴꺼야 너없는 허전함 이젠 괜찮아 모든게 조금씩 익숙해진걸 꿈 속의 니 모습 이제는 더 이상 눈물이 되지는 않을 테니까 비오는 거리도 슬프지 않은 건 추억도 이제 날 떠나나봐 널 향한 그리움도 희미해져 이젠 널 잊을 수 있어 이렇게 사랑은 끝나는 가봐 기억도 추억도 지워지나봐 내 곁에 외로움 그 속에서도 너는 조금씩 흐려지니까  빨리 끝나라 끝나라 끝나버려 너의 모든걸 수월하게 잊고 싶어 널 만나지 않았던 그때로 돌아가 또 다른 사랑도 하고싶어 얼마나 오래 걸릴까 얼마나 힘이 들어야되나 아마 그렇게 쉽진 않을꺼야 시간이 흘러도 그리움은 더하니까 너 아닌 다른걸 채우고 싶어 니 모습 이젠 다 잊었으니까 한번쯤 또 다른 사랑도 꿈꿨어 하지만 거기엔 다시 또 니모습 아직도 미련이 남았었나봐 누구를 만나도 편하지 않아 왜 자꾸 너 하고 비교를 하는지 아무도 널 대신 할 순 없었어 선명한 니 눈빛 모두 다 지워도 차마 나 잊을 수 없는 것은 네 이름 만으로도 눈물이 될 이루지 못한 내 사랑 이대로 사랑은 계속되나봐 혼자도 사랑은 할 수 있나봐 예전의 두려움 이제는 없어 다시 또 이별 없을 테니까 이대로 사랑은 계속 되나봐 혼자도 사랑은 할 수 있나봐 예전의 두려움 이제는 없어 다시 또 이별 없을테니까
19960901	R.ef	가을의 기억 (Memories In Fall)	male	댄스	0	강은경	이용민	팀 엔터테인먼트	아름다운 그녀 노을빛 사이로 나의 눈에 들어오고 있어 그 모습이 너무나도 어울리던 그녀 콜라같던 여자 믿을수도 없는 우리만의 썸씽 이뤄졌던거야 언제까지라도 추억되어 남을 우리만의 꿈 아무런 약속하나도 없이 긴 아쉬움속에 돌아왔지만 또 다시 만날꺼라 기대해 그저 서로 멀리에 있을뿐 기억해줘 나의 모습을 우리가 함께 나눈 달콤했던 밤들도 다시와줘 부디 나의 곁으로 여기서 기다릴께 그때까지 혼자이길 바래 다시 널 만나는날 함께 할 수 있게 잊지말아줘 가을날에 새긴 사랑  친구들은 내게 코웃음을 치며 잊으라고 잊으라고 했지 그런 여자 얼마든지 옆에 둘수 있는 일회용이라고 너희들은 몰라 우리만의 느낌 왠지 다른거야 운명처럼 우린 다시 만날꺼라 난 믿고있어 지금쯤 아무일이 없는듯 다른 시간속에 넌 살지도 몰라 하지만 어느순간 떠올라 너도 나를 그리워했으면 기억해줘 나의 모습을 우리가 함께 나눈 달콤했던 밤들도 다시와줘 부디 나의 곁으로 여기서 기다릴께 그때까지 혼자이길 바래 다시 널 만나는날 함께 할 수 있게 잊지말아줘 가을날에 새긴 사랑
199503	R.ef	상심 (Remix)	male	댄스	0	홍재선	홍재선	팀 엔터테인먼트	사랑했던 나의 마음속에 작은꿈 하나만을 남겨두고 너무 쉽게 나를 떠나버린 너를 이제는 이해하려해 두번 다시 난 그 누구도 사랑 할 수는 없을거야 익숙해져 가는 슬픔속에 갇혀버린 내 모습 언젠가는 다시 볼수있겠지 슬픔속에 우리 지난 추억이 지워지기 전에 너를 기다린다는 그 어떤 약속의 말도 내 마음을 위로하기엔 너무 힘겨운 나날들 사랑했던 나의 마음속에 작은꿈 하나만을 남겨두고 너무 쉽게 나를 떠나버린 너를 이제 이해하려해 두번 다시 난 그 누구도 사랑 할 수는 없을거야 익숙해져 가는 슬픔속에 갇혀버린 내 모습 널 이대로 보내야만 하는지 아무말도 없는 바닷가에서 잊으려 하지만 나의 하얗던 꿈에 그려진 수 많은 너를 숨이 멈춰 생이 끝날때까지 내 맘에 영원히 사랑했던 나의 마음속에 작은꿈 하나만을 남겨두고 너무 쉽게 나를 떠나버린 너를 이제는 이해하려해 두번 다시 난 그 누구도 사랑 할 수는 없을거야 익숙해져 가는 슬픔속에 갇혀버린 내 모습 사랑했던 나의 마음속에 작은꿈 하나만을 남겨두고 너무 쉽게 나를 떠나버린 너를 이제는 이해하려해 두번 다시 난 그 누구도 사랑 할 수는 없을거야 익숙해져 가는 슬픔속에 갇혀버린 내 모습
1999	R.ef	상심(Ballad Ver.)	male	발라드	0	성대현	이성욱	팀 엔터테인먼트	사랑했던 나의 마음속에 작은 꿈 하나만을 남겨두고 너무 쉽게 나를 떠나버린 너를 이제는 이해하려 해 두 번 다시 난 그 누구도 사랑 할 수는 없을 거야 익숙해져 가는 슬픔 속에 갇혀버린 내 모습 언젠가는 다시 볼 수 있겠지 슬픔 속에 우리 지난 추억이 지워지기 전에 너를 기다린다는 그 어떤 약속의 말도 내 마음을 위로하기엔 너무 힘겨운 나날들 사랑했던 나의 마음속에 작은 꿈 하나만을 남겨두고 너무 쉽게 나를 떠나버린 너를 이제는 이해하려 해 두 번 다시 난 그 누구도 사랑 할 수는 없을 거야 익숙해져 가는 슬픔 속에 갇혀버린 내 모습  널 이대로 보내야만 하는지 아무 말도 없는 바닷가에서 잊으려 하지만 나의 하얗던 꿈에 그려진 수많은 너를 숨이 멈춰 생이 끝날 때까지 내 맘에 영원히 사랑했던 나의 마음속에 작은 꿈 하나만을 남겨두고 너무 쉽게 나를 떠나버린 너를 이제는 이해하려 해 두 번 다시 난 그 누구도 사랑 할 수는 없을 거야 익숙해져 가는 슬픔 속에 갇혀버린 내 모습 사랑했던 나의 마음속에 작은 꿈 하나만을 남겨두고 너무 쉽게 나를 떠나버린 너를 이제는 이해하려 해 두 번 다시 난 그 누구도 사랑 할 수는 없을 거야 익숙해져 가는 슬픔 속에 갇혀버린 내 모습
199604	R.ef	니가 뭔데	male	댄스	0	강은경	이용민	팀 엔터테인먼트	시간 남아 사랑하진 안찮아 하루가 모자라게 바쁜 사람도 사랑할 시간만은 아껴두던데 대체 너는 뭐야 그렇게 바빠 그뿐 아냐 요즘 영화속에서 절세의 미녀라는 여주인공도 한 남자위해 눈물 흘린다는데 대체 너는 뭐야 그렇게 예뻐 널 향한 내 사랑의 무게만큼 외로움은 늘 커~져갈 뿐 이별보다도 더 힘겨운건 기다림인것 같아~~ 알수가 없어 니가 뭔데 애태워 하는지 니가 뭔데 기다려 지는지 너를 닮은 그림자 마저도 난 차마 밟고 설 수가 없어 니가 뭔데 바보가 되는지 니가 뭔데 목숨을 거는건지 내 모든걸 너에게 맡기려해 튕기지만 말고 나의 주인이 되줘  널 향한 내사랑의 무게만큼 외로움은 늘 커~져갈뿐 이별보다도 더 힘겨운건 기다림인것 같아~~ 알수가 없어 니가 뭔데 애태워 하는지 니가 뭔데 기다려 지는지 너를 닮은 그림자 마저도 난 차마 밟고 설 수가 없어 니가 뭔데 바보가 되는지 니가 뭔데 목숨을 거는건지 내 모든걸 너에게 맡기려해 튕기지만 말고 나의 주인이 되줘
1997	R.ef	후애	male	댄스	30	하해룡	이용민	팀 엔터테인먼트	얼마나 소중했는지 그때는 몰랐던거야 지난날 너의 사랑이 내게 남아 상처가 될줄 모랐어 사랑이라는 감정을 너 떠난 후에야 알게됐으니 나 전화했지만 그냥 끊어버린건 단지 너의 목소릴 들으려 한거야 날 이기적이라 생각 하지 말아줘 이제 나의 잘못을 알았어 미안해 너또한 힘들겠지만 나를 용서해 줄순 없니 너에게 단 한번만 내 사랑을 줄 수 있다면 정말 이렇게 아프지 않아  나 전화했지만 그냥 끊어버린건 단지 너의 목소릴 들으려 한거야 날 이기적이라 생각 하지 말아줘 이제 나의 잘못을 알았어 미안해 돌이킬수는 없지만 나를 이해해 줄 순 없니 너에게 단한번만 내 사랑을 줄 수 있다면 정말 이렇게 아프지 않아 단한번 만이라도 내 사랑을 줄 수 있다면 제발 돌아와 내게 부탁해
19960901	R.ef	마음속을 걸어가 (Jungle Ver.)	male	댄스	0	홍재선	홍재선	팀 엔터테인먼트	넌 지금 어딨는지 난 중요치 않아 누구와 함께 있는것이 중요해 나 아닌 다른 사람을 알고 만나고 있는 것은 아닐까 이렇게 헤어진 우리 지금 모습이 먼 훗날 빛바랜 흔적속에서 천천히 살아날 추억을 벌써 느끼고 있는거야 널 잊어가는 방법까지는 나를 울리지 않아 다만 자꾸 떠오르는 너의 얼굴은 지울수가 없어 한다발 추억 속에 너는 오랫동안 나를 뭉클하게 하지만 어울리지 않는 헤어짐이 나를 슬픔속에 머물게 했어 되돌아가고 싶은 길목에서 너의 마음속을 모두 걸어가네 너 하나만을 위한다면서  떠나버린 나의 반쪽 찾아가고파 어디에서 무슨 생각을 하고 살고 있을까 알 수 없는 너의 맘 속 산책한다면 난 할 수 있어 니가 원하는건 무엇이든지 널 잊어가는 방법까지는 나를 울리지 않아 다만 자꾸 떠오르는 너의 얼굴은 지울수가 없어 한다발 추억 속에 너는 오랫동안 나를 뭉클하게 하지만 어울리지 않는 헤어짐이 나를 슬픔속에 머물게 했어 되돌아 가고 싶은 길목에서 너의 마음 속을 모두 걸어가네 너 하나만을 위한다면서 되돌아 가고 싶은 길목에서 너의 마음 속을 모두 걸어가네 너 하나만을 위한다면서 너 하나만을 위한다면서 너 하나만을 위한다면서
19980501	R.ef	하늘을 걸고	male	댄스	0	강은경	Papertonic	팀 엔터테인먼트	Hey now come on to me baby Why can't you hold me baby Now feel my heartbreak baby missing you that's all  Please come(hoo hoo) come back I don't check(yeh) come back Just now(hoo hoo) come back baby love come back  오-아마 영원히 너에게 용서받을 수가 없을 거야 내가 이제와 너에게 무슨말을 하겠니 워 진정 나만을 사랑해준건 너라는걸 깨달았어 지금 내게 필요한건 너뿐이야   널  부서지게 안고서 무릎꿇어 난 감사하고파 하늘에 세상에 살아있는 모두에 그리고 돌아온 너에게  잊지마 지금 넌 내게 그냥 온게 아니야 수많은 날 흘린 나의 눈물과 끝없는 내 그리움이 널 데려온거야  이제 하늘을 걸고 우리 약속해 다시는 슬픈 이별이란 없는거라고 삶이 다해 떠나기전엔 언제까지나  Please come(hoo hoo) come back I don't check(yeh) come back Just now(hoo hoo) come back baby love come back   다신 떠나지 말아줘 이젠 내곁에 있어줘 널 위해 살겠어 my love 이제는 나에게 기대줘 welcome welcome welcome 끝없이 너를 사랑할꺼야 come back come back come back 내곁의 빈자리로 all right  내가 그동안 사랑한 것은 단지 환상뿐이었어 왠지 너와는 다르단 느낌 때문이었지 워 나는 이제야 나만의 사랑 너라는 걸 알게 됐어 너를 떠나 살 수 없는 나인거야  날 떠난 너의 뒤에서 오히려 난 용서를 빌었어 더 많이 더 깊이 더 가까이 곁에서  널 사랑해주지 못한걸  잊지마 지금 넌 내게 그냥 온게 아니야 수많은 날 흘린 나의 눈물과 끝없는 내 그리움이 널 데려온거야  이제 하늘을 걸고 우리 약속해 다시는 슬픈 이별이란 없는거라고 삶이 다해 떠나기전엔 언제까지나  내 곁엔 너의 자리가 항상 준비되었어 지금처럼너는 그냥오면돼 언제라도 너만을 위해 비워둘꺼야  이제 하늘을 걸고 우리 약속해 다시는 슬픈 이별이란 없는거라고 삶이 다해 떠나기전에 언제까지나 - 

